drop table MEDICAL_RECORD cascade CONSTRAINTS;
drop table MEDICAL_STAFF cascade CONSTRAINTS;



CREATE TABLE medical_staff (
    employee_id          INTEGER NOT NULL,
    employee_name        VARCHAR2(100) NOT NULL,
    employee_phone       VARCHAR2(10) NOT NULL,
    employee_email       VARCHAR2(50),
    hiring_date          DATE NOT NULL,
    dismissal_date       DATE,
    specialization       VARCHAR2(50) NOT NULL,
    position             VARCHAR2(50) NOT NULL
);

ALTER TABLE medical_staff ADD CONSTRAINT medical_staff_pk PRIMARY KEY ( employee_id );


CREATE TABLE medical_record (
    record_id                   INTEGER NOT NULL,
    record_comments             VARCHAR2(150) NOT NULL,
    medical_staff_employee_id   INTEGER NOT NULL,
    pet_pet_id                  INTEGER NOT NULL,
    date_record                 DATE NOT NULL
);

ALTER TABLE medical_record ADD CONSTRAINT medical_record_pk PRIMARY KEY ( record_id );


ALTER TABLE medical_record
    ADD CONSTRAINT medical_record_empl_fk FOREIGN KEY ( medical_staff_employee_id )
        REFERENCES medical_staff ( employee_id );





--del and ins





delete from MEDICAL_RECORD  ;
delete from MEDICAL_STAFF  ;













INSERT INTO MEDICAL_STAFF VALUES (1,'ACIU LIA ELENA','0737703954','ACIU.LIA@gmail.com',to_date('10-08-2019','DD-MM-YYYY'),to_date('17-10-2019','DD-MM-YYYY'),'General','Assistant');
INSERT INTO MEDICAL_STAFF VALUES (2,'ACIU MIRCEA','0744136893','ACIU.MIRCEA@gmail.com',to_date('15-12-2018','DD-MM-YYYY'),to_date('23-12-2019','DD-MM-YYYY'),'Cardiologist','Assistant');
INSERT INTO MEDICAL_STAFF VALUES (3,'ARDELEANU Mircea','0781295535','ARDELEANU.Mircea@gmail.com',to_date('08-01-2012','DD-MM-YYYY'),to_date('08-12-2014','DD-MM-YYYY'),'General','Assistant');
INSERT INTO MEDICAL_STAFF VALUES (4,'Argint Cornel','0792899108','Argint.Cornel@gmail.com',to_date('11-12-2016','DD-MM-YYYY'),to_date(NULL,'DD-MM-YYYY'),'Cardiologist','Doctor');
INSERT INTO MEDICAL_STAFF VALUES (5,'BADEA ION','0776645198','BADEA.ION@gmail.com',to_date('19-06-2013','DD-MM-YYYY'),to_date('19-09-2014','DD-MM-YYYY'),'Cardiologist','Doctor');
INSERT INTO MEDICAL_STAFF VALUES (6,'BADEA NICOLAE','0766051909','BADEA.NICOLAE@gmail.com',to_date('13-10-2018','DD-MM-YYYY'),to_date('19-12-2018','DD-MM-YYYY'),'Cardiologist','Doctor');
INSERT INTO MEDICAL_STAFF VALUES (7,'BADEA NICOLAE','0792636436','BADEA.NICOLAE@gmail.com',to_date('07-01-2019','DD-MM-YYYY'),to_date('28-02-2019','DD-MM-YYYY'),'Cardiologist','Doctor');
INSERT INTO MEDICAL_STAFF VALUES (8,'BADESCU ANNY LAVINIA','0757462027','BADESCU.ANNY@gmail.com',to_date('09-04-2012','DD-MM-YYYY'),to_date('28-06-2017','DD-MM-YYYY'),'Cardiologist','Doctor');
INSERT INTO MEDICAL_STAFF VALUES (9,'BADIC MIHAI','0787484926','BADIC.MIHAI@gmail.com',to_date('18-07-2010','DD-MM-YYYY'),to_date(NULL,'DD-MM-YYYY'),'Anestheologist','Assistant');
INSERT INTO MEDICAL_STAFF VALUES (10,'BALTAG OCTAVIAN','0706143769','BALTAG.OCTAVIAN@gmail.com',to_date('14-04-2009','DD-MM-YYYY'),to_date('27-07-2012','DD-MM-YYYY'),'Anestheologist','Assistant');
INSERT INTO MEDICAL_STAFF VALUES (11,'BARABOI ADRIAN','0719061067','BARABOI.ADRIAN@gmail.com',to_date('06-03-2009','DD-MM-YYYY'),to_date('12-06-2011','DD-MM-YYYY'),'Cardiologist','Doctor');
INSERT INTO MEDICAL_STAFF VALUES (12,'BARAN MARIA ILEANA','0722873096','BARAN.MARIA@gmail.com',to_date('20-10-2013','DD-MM-YYYY'),to_date('28-12-2013','DD-MM-YYYY'),'Anestheologist','Doctor');
INSERT INTO MEDICAL_STAFF VALUES (13,'BECHET PAUL','0703164348','BECHET.PAUL@gmail.com',to_date('01-05-2009','DD-MM-YYYY'),to_date('22-12-2014','DD-MM-YYYY'),'General','Doctor');
INSERT INTO MEDICAL_STAFF VALUES (14,'BIDIAN DAN','0723812393','BIDIAN.DAN@gmail.com',to_date('04-11-2015','DD-MM-YYYY'),to_date(NULL,'DD-MM-YYYY'),'Anestheologist','Assistant');
INSERT INTO MEDICAL_STAFF VALUES (15,'BITOIU SILISTEANU TUDOREL','0712636148','BITOIU.SILISTEANU@gmail.com',to_date('24-12-2015','DD-MM-YYYY'),to_date('27-12-2018','DD-MM-YYYY'),'Cardiologist','Assistant');
INSERT INTO MEDICAL_STAFF VALUES (16,'BITOLEANU ALEXANDRU','0776164775','BITOLEANU.ALEXANDRU@gmail.com',to_date('18-06-2014','DD-MM-YYYY'),to_date('23-07-2016','DD-MM-YYYY'),'Anestheologist','Doctor');
INSERT INTO MEDICAL_STAFF VALUES (17,'BICU AIDA','0718471743','BICU.AIDA@gmail.com',to_date('20-03-2014','DD-MM-YYYY'),to_date('20-06-2015','DD-MM-YYYY'),'Cardiologist','Assistant');
INSERT INTO MEDICAL_STAFF VALUES (18,'BOGDAN OCTAVIAN','0719091068','BOGDAN.OCTAVIAN@gmail.com',to_date('15-07-2018','DD-MM-YYYY'),to_date('25-09-2019','DD-MM-YYYY'),'General','Assistant');
INSERT INTO MEDICAL_STAFF VALUES (19,'BOLTASU CATALIN','0727930966','BOLTASU.CATALIN@gmail.com',to_date('10-08-2017','DD-MM-YYYY'),to_date(NULL,'DD-MM-YYYY'),'General','Doctor');
INSERT INTO MEDICAL_STAFF VALUES (20,'BROJBOIU MARIA','0735432033','BROJBOIU.MARIA@gmail.com',to_date('21-06-2009','DD-MM-YYYY'),to_date('22-07-2019','DD-MM-YYYY'),'Cardiologist','Doctor');
INSERT INTO MEDICAL_STAFF VALUES (21,'CAZACU DUMITRU','0711855944','CAZACU.DUMITRU@gmail.com',to_date('23-06-2011','DD-MM-YYYY'),to_date('25-11-2013','DD-MM-YYYY'),'Cardiologist','Doctor');
INSERT INTO MEDICAL_STAFF VALUES (22,'CALIN MARIUS DANIEL','0788012474','CALIN.MARIUS@gmail.com',to_date('16-12-2018','DD-MM-YYYY'),to_date('23-12-2019','DD-MM-YYYY'),'General','Doctor');
INSERT INTO MEDICAL_STAFF VALUES (23,'CERNAT MIHAI','0729555624','CERNAT.MIHAI@gmail.com',to_date('22-12-2016','DD-MM-YYYY'),to_date('24-12-2016','DD-MM-YYYY'),'Cardiologist','Doctor');
INSERT INTO MEDICAL_STAFF VALUES (24,'CHIUTA ION','0790302355','CHIUTA.ION@gmail.com',to_date('01-04-2011','DD-MM-YYYY'),to_date('18-11-2013','DD-MM-YYYY'),'Cardiologist','Assistant');
INSERT INTO MEDICAL_STAFF VALUES (25,'CHIUTA Ionut Alexandru','0727386095','CHIUTA.Ionut@gmail.com',to_date('21-11-2016','DD-MM-YYYY'),to_date('26-11-2018','DD-MM-YYYY'),'General','Assistant');
INSERT INTO MEDICAL_STAFF VALUES (26,'CÎMPAN LILIANA RELI','0772812837','CÎMPAN.LILIANA@gmail.com',to_date('25-05-2018','DD-MM-YYYY'),to_date('28-06-2019','DD-MM-YYYY'),'General','Assistant');
INSERT INTO MEDICAL_STAFF VALUES (27,'COATU SORIN','0733087909','COATU.SORIN@gmail.com',to_date('18-12-2013','DD-MM-YYYY'),to_date(NULL,'DD-MM-YYYY'),'Anestheologist','Assistant');
INSERT INTO MEDICAL_STAFF VALUES (28,'COBZARU ALINA','0752896969','COBZARU.ALINA@gmail.com',to_date('27-07-2012','DD-MM-YYYY'),to_date('28-08-2016','DD-MM-YYYY'),'Anestheologist','Assistant');
INSERT INTO MEDICAL_STAFF VALUES (29,'Coca Eugen','0752297365','Coca.Eugen@gmail.com',to_date('22-01-2009','DD-MM-YYYY'),to_date('28-11-2014','DD-MM-YYYY'),'General','Doctor');
INSERT INTO MEDICAL_STAFF VALUES (30,'COFARU CORNELIU','0753134473','COFARU.CORNELIU@gmail.com',to_date('01-12-2013','DD-MM-YYYY'),to_date('16-12-2019','DD-MM-YYYY'),'Anestheologist','Doctor');
INSERT INTO MEDICAL_STAFF VALUES (31,'CONSTANTINESCU MIRCEA','0737665197','CONSTANTINESCU.MIRCEA@gmail.com',to_date('21-10-2019','DD-MM-YYYY'),to_date('27-12-2019','DD-MM-YYYY'),'General','Doctor');
INSERT INTO MEDICAL_STAFF VALUES (32,'COSTEA MARIAN','0787575292','COSTEA.MARIAN@gmail.com',to_date('27-05-2013','DD-MM-YYYY'),to_date('27-08-2018','DD-MM-YYYY'),'Anestheologist','Doctor');
INSERT INTO MEDICAL_STAFF VALUES (33,'COSTIN ANA MARIA','0715661352','COSTIN.ANA@gmail.com',to_date('04-01-2019','DD-MM-YYYY'),to_date('16-01-2019','DD-MM-YYYY'),'Anestheologist','Doctor');
INSERT INTO MEDICAL_STAFF VALUES (34,'CRISTESCU DORIN','0725051315','CRISTESCU.DORIN@gmail.com',to_date('19-09-2016','DD-MM-YYYY'),to_date('22-12-2016','DD-MM-YYYY'),'General','Doctor');
INSERT INTO MEDICAL_STAFF VALUES (35,'DARIE ELEONORA','0715586345','DARIE.ELEONORA@gmail.com',to_date('15-10-2017','DD-MM-YYYY'),to_date(NULL,'DD-MM-YYYY'),'Cardiologist','Assistant');
INSERT INTO MEDICAL_STAFF VALUES (36,'DARIE EMANUEL','0790569176','DARIE.EMANUEL@gmail.com',to_date('22-11-2011','DD-MM-YYYY'),to_date('28-12-2011','DD-MM-YYYY'),'General','Doctor');
INSERT INTO MEDICAL_STAFF VALUES (37,'DAVID VALERIU','0796588722','DAVID.VALERIU@gmail.com',to_date('22-04-2011','DD-MM-YYYY'),to_date('26-04-2019','DD-MM-YYYY'),'General','Assistant');
INSERT INTO MEDICAL_STAFF VALUES (38,'DANULESCU RAZVAN','0790821795','DANULESCU.RAZVAN@gmail.com',to_date('12-09-2016','DD-MM-YYYY'),to_date('15-12-2017','DD-MM-YYYY'),'General','Doctor');
INSERT INTO MEDICAL_STAFF VALUES (39,'DE SABATA ALDO','0702834150','DE.SABATA@gmail.com',to_date('09-06-2017','DD-MM-YYYY'),to_date('14-08-2017','DD-MM-YYYY'),'General','Doctor');
INSERT INTO MEDICAL_STAFF VALUES (40,'DELIU HERMINA','0736833914','DELIU.HERMINA@gmail.com',to_date('13-11-2015','DD-MM-YYYY'),to_date('28-12-2018','DD-MM-YYYY'),'Cardiologist','Assistant');
INSERT INTO MEDICAL_STAFF VALUES (41,'DOBREF VASILE','0726489892','DOBREF.VASILE@gmail.com',to_date('20-11-2009','DD-MM-YYYY'),to_date('24-11-2017','DD-MM-YYYY'),'General','Assistant');
INSERT INTO MEDICAL_STAFF VALUES (42,'DUMA DENISA','0703477325','DUMA.DENISA@gmail.com',to_date('08-01-2016','DD-MM-YYYY'),to_date('20-10-2016','DD-MM-YYYY'),'Anestheologist','Doctor');
INSERT INTO MEDICAL_STAFF VALUES (43,'DUMBRAVA IONEL','0725223562','DUMBRAVA.IONEL@gmail.com',to_date('25-04-2014','DD-MM-YYYY'),to_date(NULL,'DD-MM-YYYY'),'Cardiologist','Assistant');
INSERT INTO MEDICAL_STAFF VALUES (44,'DUTA MARIAN','0759267726','DUTA.MARIAN@gmail.com',to_date('24-12-2014','DD-MM-YYYY'),to_date('26-12-2015','DD-MM-YYYY'),'Cardiologist','Doctor');
INSERT INTO MEDICAL_STAFF VALUES (45,'ENACHE SORIN','0775644863','ENACHE.SORIN@gmail.com',to_date('01-01-2015','DD-MM-YYYY'),to_date('06-02-2016','DD-MM-YYYY'),'Anestheologist','Assistant');
INSERT INTO MEDICAL_STAFF VALUES (46,'FLOREA IONEL','0741832811','FLOREA.IONEL@gmail.com',to_date('16-11-2009','DD-MM-YYYY'),to_date('22-11-2014','DD-MM-YYYY'),'Cardiologist','Assistant');
INSERT INTO MEDICAL_STAFF VALUES (47,'FRATU AUREL','0770168533','FRATU.AUREL@gmail.com',to_date('06-01-2008','DD-MM-YYYY'),to_date('24-01-2008','DD-MM-YYYY'),'Anestheologist','Doctor');
INSERT INTO MEDICAL_STAFF VALUES (48,'GIURGIU VALER','0724621677','GIURGIU.VALER@gmail.com',to_date('09-03-2014','DD-MM-YYYY'),to_date('22-07-2019','DD-MM-YYYY'),'Anestheologist','Doctor');
INSERT INTO MEDICAL_STAFF VALUES (49,'GOICEANU CRISTIAN','0722173848','GOICEANU.CRISTIAN@gmail.com',to_date('23-07-2008','DD-MM-YYYY'),to_date('28-07-2017','DD-MM-YYYY'),'Anestheologist','Assistant');
INSERT INTO MEDICAL_STAFF VALUES (50,'GOLOVANOV CARMEN','0792699537','GOLOVANOV.CARMEN@gmail.com',to_date('18-04-2008','DD-MM-YYYY'),to_date(NULL,'DD-MM-YYYY'),'General','Assistant');
INSERT INTO MEDICAL_STAFF VALUES (51,'HEBEDEAN CLAUDIA','0762686743','HEBEDEAN.CLAUDIA@gmail.com',to_date('13-09-2007','DD-MM-YYYY'),to_date('25-09-2009','DD-MM-YYYY'),'Cardiologist','Assistant');
INSERT INTO MEDICAL_STAFF VALUES (52,'HELEREA ELENA','0749871075','HELEREA.ELENA@gmail.com',to_date('22-03-2007','DD-MM-YYYY'),to_date('23-04-2011','DD-MM-YYYY'),'Anestheologist','Doctor');
INSERT INTO MEDICAL_STAFF VALUES (53,'IGNEA ALIMPIE','0756760111','IGNEA.ALIMPIE@gmail.com',to_date('25-10-2013','DD-MM-YYYY'),to_date('27-12-2019','DD-MM-YYYY'),'General','Doctor');
INSERT INTO MEDICAL_STAFF VALUES (54,'IVANOV VIRGINIA','0709815655','IVANOV.VIRGINIA@gmail.com',to_date('02-02-2016','DD-MM-YYYY'),to_date('04-08-2018','DD-MM-YYYY'),'General','Doctor');
INSERT INTO MEDICAL_STAFF VALUES (55,'JURCA TRAIAN','0742441851','JURCA.TRAIAN@gmail.com',to_date('26-11-2013','DD-MM-YYYY'),to_date('26-11-2014','DD-MM-YYYY'),'General','Assistant');
INSERT INTO MEDICAL_STAFF VALUES (56,'LASCU DAN','0796331201','LASCU.DAN@gmail.com',to_date('01-12-2016','DD-MM-YYYY'),to_date('08-12-2017','DD-MM-YYYY'),'Anestheologist','Assistant');
INSERT INTO MEDICAL_STAFF VALUES (57,'LASCU MIHAELA','0787608704','LASCU.MIHAELA@gmail.com',to_date('25-05-2018','DD-MM-YYYY'),to_date(NULL,'DD-MM-YYYY'),'General','Assistant');
INSERT INTO MEDICAL_STAFF VALUES (58,'LEONIDA Tudor','0725323524','LEONIDA.Tudor@gmail.com',to_date('15-04-2010','DD-MM-YYYY'),to_date('23-10-2017','DD-MM-YYYY'),'General','Doctor');
INSERT INTO MEDICAL_STAFF VALUES (59,'LUNCA EDUARD','0794597825','LUNCA.EDUARD@gmail.com',to_date('08-01-2016','DD-MM-YYYY'),to_date('14-04-2018','DD-MM-YYYY'),'Anestheologist','Assistant');
INSERT INTO MEDICAL_STAFF VALUES (60,'LUNGOCI GAVRIL','0742658851','LUNGOCI.GAVRIL@gmail.com',to_date('27-12-2007','DD-MM-YYYY'),to_date('28-12-2013','DD-MM-YYYY'),'General','Assistant');
INSERT INTO MEDICAL_STAFF VALUES (61,'MACOVEI GHEORGHE','0793391843','MACOVEI.GHEORGHE@gmail.com',to_date('09-03-2011','DD-MM-YYYY'),to_date('15-09-2014','DD-MM-YYYY'),'Cardiologist','Doctor');
INSERT INTO MEDICAL_STAFF VALUES (62,'MANEA LUCIAN','0702428551','MANEA.LUCIAN@gmail.com',to_date('04-08-2014','DD-MM-YYYY'),to_date('07-08-2015','DD-MM-YYYY'),'Cardiologist','Assistant');
INSERT INTO MEDICAL_STAFF VALUES (63,'MARINESCU ANDREI','0789807836','MARINESCU.ANDREI@gmail.com',to_date('16-12-2009','DD-MM-YYYY'),to_date('17-12-2014','DD-MM-YYYY'),'Cardiologist','Doctor');
INSERT INTO MEDICAL_STAFF VALUES (64,'MARINESCU DANUT','0722614175','MARINESCU.DANUT@gmail.com',to_date('18-06-2014','DD-MM-YYYY'),to_date(NULL,'DD-MM-YYYY'),'Anestheologist','Doctor');
INSERT INTO MEDICAL_STAFF VALUES (65,'MARINESCU IOAN','0724379461','MARINESCU.IOAN@gmail.com',to_date('26-06-2008','DD-MM-YYYY'),to_date('26-08-2016','DD-MM-YYYY'),'Cardiologist','Assistant');
INSERT INTO MEDICAL_STAFF VALUES (66,'Mariut Elena Larisa','0706188424','Mariut.Elena@gmail.com',to_date('20-10-2012','DD-MM-YYYY'),to_date('22-10-2019','DD-MM-YYYY'),'Anestheologist','Assistant');
INSERT INTO MEDICAL_STAFF VALUES (67,'MATOI ADRIAN','0718323561','MATOI.ADRIAN@gmail.com',to_date('11-03-2010','DD-MM-YYYY'),to_date('26-08-2017','DD-MM-YYYY'),'General','Doctor');
INSERT INTO MEDICAL_STAFF VALUES (68,'MICLAUS SIMONA','0797424535','MICLAUS.SIMONA@gmail.com',to_date('13-03-2013','DD-MM-YYYY'),to_date('23-10-2018','DD-MM-YYYY'),'Cardiologist','Assistant');
INSERT INTO MEDICAL_STAFF VALUES (69,'MIHAI CATALIN','0759499060','MIHAI.CATALIN@gmail.com',to_date('15-02-2017','DD-MM-YYYY'),to_date('15-12-2017','DD-MM-YYYY'),'Anestheologist','Doctor');
INSERT INTO MEDICAL_STAFF VALUES (70,'MIHAI GEORGE','0703083075','MIHAI.GEORGE@gmail.com',to_date('05-06-2009','DD-MM-YYYY'),to_date('27-07-2015','DD-MM-YYYY'),'Cardiologist','Doctor');
INSERT INTO MEDICAL_STAFF VALUES (71,'MOASA COSTELA','0760423254','MOASA.COSTELA@gmail.com',to_date('05-06-2007','DD-MM-YYYY'),to_date(NULL,'DD-MM-YYYY'),'General','Doctor');
INSERT INTO MEDICAL_STAFF VALUES (72,'MORARIU NICOLAE','0715301366','MORARIU.NICOLAE@gmail.com',to_date('27-08-2015','DD-MM-YYYY'),to_date('27-10-2018','DD-MM-YYYY'),'Cardiologist','Assistant');
INSERT INTO MEDICAL_STAFF VALUES (73,'MOREGA MIHAELA','0774534345','MOREGA.MIHAELA@gmail.com',to_date('15-02-2011','DD-MM-YYYY'),to_date('19-04-2017','DD-MM-YYYY'),'Cardiologist','Doctor');
INSERT INTO MEDICAL_STAFF VALUES (74,'MOSOIU IONITA TRAIAN','0718293513','MOSOIU.IONITA@gmail.com',to_date('26-08-2019','DD-MM-YYYY'),to_date('26-11-2019','DD-MM-YYYY'),'Cardiologist','Doctor');
INSERT INTO MEDICAL_STAFF VALUES (75,'MUNTEANU ADRIAN','0759888460','MUNTEANU.ADRIAN@gmail.com',to_date('21-10-2017','DD-MM-YYYY'),to_date('22-11-2019','DD-MM-YYYY'),'Cardiologist','Assistant');
INSERT INTO MEDICAL_STAFF VALUES (76,'Munteanu Calin','0723855479','Munteanu.Calin@gmail.com',to_date('07-10-2019','DD-MM-YYYY'),to_date(NULL,'DD-MM-YYYY'),'General','Assistant');
INSERT INTO MEDICAL_STAFF VALUES (77,'Munteanu Toader','0781080136','Munteanu.Toader@gmail.com',to_date('02-09-2011','DD-MM-YYYY'),to_date('10-11-2013','DD-MM-YYYY'),'General','Doctor');
INSERT INTO MEDICAL_STAFF VALUES (78,'Muresan Teofil','0771520415','Muresan.Teofil@gmail.com',to_date('04-03-2017','DD-MM-YYYY'),to_date('16-09-2019','DD-MM-YYYY'),'General','Assistant');
INSERT INTO MEDICAL_STAFF VALUES (79,'Neamt Liviu','0711348503','Neamt.Liviu@gmail.com',to_date('06-08-2011','DD-MM-YYYY'),to_date('09-08-2014','DD-MM-YYYY'),'Anestheologist','Doctor');
INSERT INTO MEDICAL_STAFF VALUES (80,'NICOARA TANIA','0764020635','NICOARA.TANIA@gmail.com',to_date('18-05-2007','DD-MM-YYYY'),to_date('19-10-2019','DD-MM-YYYY'),'Anestheologist','Doctor');
INSERT INTO MEDICAL_STAFF VALUES (81,'Nicolae George','0734554584','Nicolae.George@gmail.com',to_date('10-04-2011','DD-MM-YYYY'),to_date('27-11-2013','DD-MM-YYYY'),'General','Assistant');
INSERT INTO MEDICAL_STAFF VALUES (82,'NICOLEANU PAUL','0770070977','NICOLEANU.PAUL@gmail.com',to_date('18-03-2019','DD-MM-YYYY'),to_date('21-05-2019','DD-MM-YYYY'),'Anestheologist','Doctor');
INSERT INTO MEDICAL_STAFF VALUES (83,'NITU VICTOR MIHAI','0750477770','NITU.VICTOR@gmail.com',to_date('16-12-2017','DD-MM-YYYY'),to_date('21-12-2017','DD-MM-YYYY'),'Anestheologist','Doctor');
INSERT INTO MEDICAL_STAFF VALUES (84,'Ofrim Dragos','0745860557','Ofrim.Dragos@gmail.com',to_date('23-10-2007','DD-MM-YYYY'),to_date('25-10-2017','DD-MM-YYYY'),'Anestheologist','Doctor');
INSERT INTO MEDICAL_STAFF VALUES (85,'OGRUTAN PETRE','0785961855','OGRUTAN.PETRE@gmail.com',to_date('09-05-2017','DD-MM-YYYY'),to_date('21-11-2017','DD-MM-YYYY'),'Anestheologist','Doctor');
INSERT INTO MEDICAL_STAFF VALUES (86,'OLTEAN IOAN DANUT','0736362945','OLTEAN.IOAN@gmail.com',to_date('08-11-2014','DD-MM-YYYY'),to_date(NULL,'DD-MM-YYYY'),'Cardiologist','Doctor');
INSERT INTO MEDICAL_STAFF VALUES (87,'OLTU OREST','0736521438','OLTU.OREST@gmail.com',to_date('22-07-2019','DD-MM-YYYY'),to_date('23-10-2019','DD-MM-YYYY'),'General','Doctor');
INSERT INTO MEDICAL_STAFF VALUES (88,'PANA GHEORGHE','0783968435','PANA.GHEORGHE@gmail.com',to_date('09-05-2010','DD-MM-YYYY'),to_date('11-05-2011','DD-MM-YYYY'),'Anestheologist','Doctor');
INSERT INTO MEDICAL_STAFF VALUES (89,'PARFENE SORIN','0778539404','PARFENE.SORIN@gmail.com',to_date('27-11-2009','DD-MM-YYYY'),to_date('27-11-2011','DD-MM-YYYY'),'Anestheologist','Doctor');
INSERT INTO MEDICAL_STAFF VALUES (90,'PACURAR CLAUDIA','0765827519','PACURAR.CLAUDIA@gmail.com',to_date('07-07-2016','DD-MM-YYYY'),to_date('15-08-2019','DD-MM-YYYY'),'Anestheologist','Doctor');
INSERT INTO MEDICAL_STAFF VALUES (91,'PATRU ION','0770146157','PATRU.ION@gmail.com',to_date('28-04-2011','DD-MM-YYYY'),to_date('28-08-2016','DD-MM-YYYY'),'Cardiologist','Doctor');
INSERT INTO MEDICAL_STAFF VALUES (92,'PETREANU VIORICA','0724538594','PETREANU.VIORICA@gmail.com',to_date('16-01-2008','DD-MM-YYYY'),to_date('16-05-2019','DD-MM-YYYY'),'Anestheologist','Doctor');
INSERT INTO MEDICAL_STAFF VALUES (93,'POP IOAN','0799403559','POP.IOAN@gmail.com',to_date('13-04-2017','DD-MM-YYYY'),to_date('26-06-2017','DD-MM-YYYY'),'Cardiologist','Assistant');
INSERT INTO MEDICAL_STAFF VALUES (94,'POPA DORIN','0736034625','POPA.DORIN@gmail.com',to_date('20-12-2013','DD-MM-YYYY'),to_date('22-12-2015','DD-MM-YYYY'),'Cardiologist','Assistant');
INSERT INTO MEDICAL_STAFF VALUES (95,'POPA DRAGOS','0745539746','POPA.DRAGOS@gmail.com',to_date('12-04-2012','DD-MM-YYYY'),to_date('20-05-2015','DD-MM-YYYY'),'Anestheologist','Doctor');
INSERT INTO MEDICAL_STAFF VALUES (96,'POPA IOAN','0731070054','POPA.IOAN@gmail.com',to_date('14-07-2010','DD-MM-YYYY'),to_date('14-08-2018','DD-MM-YYYY'),'Cardiologist','Assistant');
INSERT INTO MEDICAL_STAFF VALUES (97,'Popa Valentin','0700141519','Popa.Valentin@gmail.com',to_date('02-03-2012','DD-MM-YYYY'),to_date('26-10-2014','DD-MM-YYYY'),'General','Assistant');
INSERT INTO MEDICAL_STAFF VALUES (98,'POPESCU CLAUDIA','0744448744','POPESCU.CLAUDIA@gmail.com',to_date('23-11-2014','DD-MM-YYYY'),to_date('28-12-2016','DD-MM-YYYY'),'Cardiologist','Assistant');
INSERT INTO MEDICAL_STAFF VALUES (99,'POPESCU MIHAI OCTAVIAN','0790630512','POPESCU.MIHAI@gmail.com',to_date('08-04-2015','DD-MM-YYYY'),to_date('08-08-2015','DD-MM-YYYY'),'General','Doctor');
INSERT INTO MEDICAL_STAFF VALUES (100,'POPESCU MIHAELA','0737459481','POPESCU.MIHAELA@gmail.com',to_date('14-08-2014','DD-MM-YYYY'),to_date(NULL,'DD-MM-YYYY'),'General','Doctor');
INSERT INTO MEDICAL_STAFF VALUES (101,'POPESCU SILVIA','0704717575','POPESCU.SILVIA@gmail.com',to_date('09-07-2009','DD-MM-YYYY'),to_date('22-09-2018','DD-MM-YYYY'),'General','Assistant');
INSERT INTO MEDICAL_STAFF VALUES (102,'RAB LAURA','0726471937','RAB.LAURA@gmail.com',to_date('06-11-2007','DD-MM-YYYY'),to_date('08-11-2010','DD-MM-YYYY'),'Anestheologist','Assistant');
INSERT INTO MEDICAL_STAFF VALUES (103,'RADU SERGHEI','0740207228','RADU.SERGHEI@gmail.com',to_date('06-03-2017','DD-MM-YYYY'),to_date('13-07-2019','DD-MM-YYYY'),'Anestheologist','Assistant');
INSERT INTO MEDICAL_STAFF VALUES (104,'RACASAN NICOLETA','0775929681','RACASAN.NICOLETA@gmail.com',to_date('27-02-2011','DD-MM-YYYY'),to_date('28-09-2017','DD-MM-YYYY'),'Cardiologist','Assistant');
INSERT INTO MEDICAL_STAFF VALUES (105,'RADULESCU MARIN','0715598308','RADULESCU.MARIN@gmail.com',to_date('06-08-2013','DD-MM-YYYY'),to_date('27-12-2016','DD-MM-YYYY'),'Cardiologist','Assistant');
INSERT INTO MEDICAL_STAFF VALUES (106,'ROBU OCTAVIAN','0771152345','ROBU.OCTAVIAN@gmail.com',to_date('09-12-2008','DD-MM-YYYY'),to_date('15-12-2018','DD-MM-YYYY'),'General','Doctor');
INSERT INTO MEDICAL_STAFF VALUES (107,'RUCINSCHI DAN CRISTIAN','0795374841','RUCINSCHI.DAN@gmail.com',to_date('07-03-2014','DD-MM-YYYY'),to_date('10-05-2017','DD-MM-YYYY'),'General','Assistant');
INSERT INTO MEDICAL_STAFF VALUES (108,'SACERDOTIANU DUMITRU','0717799575','SACERDOTIANU.DUMITRU@gmail.com',to_date('04-12-2016','DD-MM-YYYY'),to_date('24-12-2019','DD-MM-YYYY'),'Anestheologist','Doctor');
INSERT INTO MEDICAL_STAFF VALUES (109,'SAMOILESCU GHEORGHE','0772760069','SAMOILESCU.GHEORGHE@gmail.com',to_date('07-10-2010','DD-MM-YYYY'),to_date('19-12-2015','DD-MM-YYYY'),'General','Assistant');
INSERT INTO MEDICAL_STAFF VALUES (110,'SANDU FLORIN','0710422557','SANDU.FLORIN@gmail.com',to_date('12-01-2010','DD-MM-YYYY'),to_date('28-04-2011','DD-MM-YYYY'),'General','Doctor');
INSERT INTO MEDICAL_STAFF VALUES (111,'SALCEANU ALEXANDRU','0736761655','SALCEANU.ALEXANDRU@gmail.com',to_date('09-12-2009','DD-MM-YYYY'),to_date('21-12-2013','DD-MM-YYYY'),'Anestheologist','Assistant');
INSERT INTO MEDICAL_STAFF VALUES (112,'SCORNEA AURELIA','0781596869','SCORNEA.AURELIA@gmail.com',to_date('11-07-2007','DD-MM-YYYY'),to_date('21-10-2007','DD-MM-YYYY'),'Cardiologist','Assistant');
INSERT INTO MEDICAL_STAFF VALUES (113,'SCUTARU GHEORGHE','0717785847','SCUTARU.GHEORGHE@gmail.com',to_date('16-02-2012','DD-MM-YYYY'),to_date('23-10-2015','DD-MM-YYYY'),'Anestheologist','Assistant');
INSERT INTO MEDICAL_STAFF VALUES (114,'SILAGHI ANDREI MARIUS','0704996262','SILAGHI.ANDREI@gmail.com',to_date('07-10-2015','DD-MM-YYYY'),to_date('19-10-2019','DD-MM-YYYY'),'Cardiologist','Assistant');
INSERT INTO MEDICAL_STAFF VALUES (115,'SILAGHI MARIUS ALEXANDRU','0749609908','SILAGHI.MARIUS@gmail.com',to_date('21-08-2016','DD-MM-YYYY'),to_date('26-08-2019','DD-MM-YYYY'),'Anestheologist','Assistant');
INSERT INTO MEDICAL_STAFF VALUES (116,'SIMION EMIL','0708678256','SIMION.EMIL@gmail.com',to_date('17-10-2014','DD-MM-YYYY'),to_date('18-11-2016','DD-MM-YYYY'),'General','Doctor');
INSERT INTO MEDICAL_STAFF VALUES (117,'SNAE GABRIEL','0773593837','SNAE.GABRIEL@gmail.com',to_date('05-10-2017','DD-MM-YYYY'),to_date('11-11-2019','DD-MM-YYYY'),'Cardiologist','Doctor');
INSERT INTO MEDICAL_STAFF VALUES (118,'SOIMU ANDREEA VALERIA','0796129695','SOIMU.ANDREEA@gmail.com',to_date('18-07-2011','DD-MM-YYYY'),to_date('28-12-2012','DD-MM-YYYY'),'General','Doctor');
INSERT INTO MEDICAL_STAFF VALUES (119,'SOTIR ALEXANDRU','0753679472','SOTIR.ALEXANDRU@gmail.com',to_date('28-10-2014','DD-MM-YYYY'),to_date(NULL,'DD-MM-YYYY'),'Cardiologist','Doctor');
INSERT INTO MEDICAL_STAFF VALUES (120,'Stanescu Constantin','0726565641','Stanescu.Constantin@gmail.com',to_date('23-10-2010','DD-MM-YYYY'),to_date('26-11-2011','DD-MM-YYYY'),'General','Assistant');
INSERT INTO MEDICAL_STAFF VALUES (121,'Stefanescu Florian','0732618044','Stefanescu.Florian@gmail.com',to_date('15-09-2009','DD-MM-YYYY'),to_date('22-12-2010','DD-MM-YYYY'),'Cardiologist','Doctor');
INSERT INTO MEDICAL_STAFF VALUES (122,'STOIA DAN','0758695655','STOIA.DAN@gmail.com',to_date('22-07-2018','DD-MM-YYYY'),to_date('22-07-2018','DD-MM-YYYY'),'General','Assistant');
INSERT INTO MEDICAL_STAFF VALUES (123,'Teodoro Emil','0734329714','Teodoro.Emil@gmail.com',to_date('08-10-2018','DD-MM-YYYY'),to_date('28-12-2018','DD-MM-YYYY'),'General','Assistant');
INSERT INTO MEDICAL_STAFF VALUES (124,'TITIHAZAN VIOREL','0745878168','TITIHAZAN.VIOREL@gmail.com',to_date('01-12-2009','DD-MM-YYYY'),to_date('18-12-2009','DD-MM-YYYY'),'Cardiologist','Assistant');
INSERT INTO MEDICAL_STAFF VALUES (125,'?OPA VASILE','0768536993','?OPA.VASILE@gmail.com',to_date('27-01-2010','DD-MM-YYYY'),to_date('27-04-2014','DD-MM-YYYY'),'Anestheologist','Doctor');
INSERT INTO MEDICAL_STAFF VALUES (126,'URSACHI CORNEL','0720431137','URSACHI.CORNEL@gmail.com',to_date('12-08-2017','DD-MM-YYYY'),to_date('27-08-2017','DD-MM-YYYY'),'Anestheologist','Assistant');
INSERT INTO MEDICAL_STAFF VALUES (127,'URSEA LUCIAN','0716471254','URSEA.LUCIAN@gmail.com',to_date('11-03-2011','DD-MM-YYYY'),to_date(NULL,'DD-MM-YYYY'),'Anestheologist','Assistant');
INSERT INTO MEDICAL_STAFF VALUES (128,'VASCAN TEODOR','0768634896','VASCAN.TEODOR@gmail.com',to_date('03-10-2010','DD-MM-YYYY'),to_date('15-11-2011','DD-MM-YYYY'),'Anestheologist','Assistant');
INSERT INTO MEDICAL_STAFF VALUES (129,'VINTILA ADRIAN','0786315218','VINTILA.ADRIAN@gmail.com',to_date('18-10-2017','DD-MM-YYYY'),to_date('24-12-2019','DD-MM-YYYY'),'Anestheologist','Assistant');
INSERT INTO MEDICAL_STAFF VALUES (130,'VOICILA ANGELA','0763477129','VOICILA.ANGELA@gmail.com',to_date('10-06-2016','DD-MM-YYYY'),to_date('25-11-2018','DD-MM-YYYY'),'Anestheologist','Assistant');
INSERT INTO MEDICAL_STAFF VALUES (131,'VOICU VIOLETA','0764237741','VOICU.VIOLETA@gmail.com',to_date('19-03-2013','DD-MM-YYYY'),to_date('26-04-2015','DD-MM-YYYY'),'Cardiologist','Assistant');
INSERT INTO MEDICAL_STAFF VALUES (132,'VONCILA ION','0720834901','VONCILA.ION@gmail.com',to_date('26-05-2018','DD-MM-YYYY'),to_date('27-07-2018','DD-MM-YYYY'),'General','Assistant');










INSERT INTO MEDICAL_RECORD VALUES (1,'record_detail1',105,104,to_date('18-08-2017','DD-MM-YYYY'));
INSERT INTO MEDICAL_RECORD VALUES (2,'record_detail2',63,168,to_date('21-12-2016','DD-MM-YYYY'));
INSERT INTO MEDICAL_RECORD VALUES (3,'record_detail3',124,172,to_date('18-09-2019','DD-MM-YYYY'));
INSERT INTO MEDICAL_RECORD VALUES (4,'record_detail4',110,169,to_date('14-10-2017','DD-MM-YYYY'));
INSERT INTO MEDICAL_RECORD VALUES (5,'record_detail5',86,5,to_date('08-10-2017','DD-MM-YYYY'));
INSERT INTO MEDICAL_RECORD VALUES (6,'record_detail6',6,238,to_date('24-10-2016','DD-MM-YYYY'));
INSERT INTO MEDICAL_RECORD VALUES (7,'record_detail7',113,147,to_date('16-09-2018','DD-MM-YYYY'));
INSERT INTO MEDICAL_RECORD VALUES (8,'record_detail8',87,291,to_date('28-10-2014','DD-MM-YYYY'));
INSERT INTO MEDICAL_RECORD VALUES (9,'record_detail9',109,405,to_date('23-07-2018','DD-MM-YYYY'));
INSERT INTO MEDICAL_RECORD VALUES (10,'record_detail10',93,56,to_date('22-12-2017','DD-MM-YYYY'));
INSERT INTO MEDICAL_RECORD VALUES (11,'record_detail11',28,50,to_date('24-12-2017','DD-MM-YYYY'));
INSERT INTO MEDICAL_RECORD VALUES (12,'record_detail12',32,84,to_date('04-10-2012','DD-MM-YYYY'));
INSERT INTO MEDICAL_RECORD VALUES (13,'record_detail13',3,45,to_date('22-11-2018','DD-MM-YYYY'));
INSERT INTO MEDICAL_RECORD VALUES (14,'record_detail14',85,320,to_date('23-11-2013','DD-MM-YYYY'));
INSERT INTO MEDICAL_RECORD VALUES (15,'record_detail15',87,304,to_date('28-06-2009','DD-MM-YYYY'));
INSERT INTO MEDICAL_RECORD VALUES (16,'record_detail16',97,112,to_date('21-09-2016','DD-MM-YYYY'));
INSERT INTO MEDICAL_RECORD VALUES (17,'record_detail17',114,409,to_date('28-09-2015','DD-MM-YYYY'));
INSERT INTO MEDICAL_RECORD VALUES (18,'record_detail18',22,237,to_date('27-03-2017','DD-MM-YYYY'));
INSERT INTO MEDICAL_RECORD VALUES (19,'record_detail19',36,128,to_date('24-12-2016','DD-MM-YYYY'));
INSERT INTO MEDICAL_RECORD VALUES (20,'record_detail20',113,149,to_date('26-10-2014','DD-MM-YYYY'));
INSERT INTO MEDICAL_RECORD VALUES (21,'record_detail21',31,198,to_date('17-11-2014','DD-MM-YYYY'));
INSERT INTO MEDICAL_RECORD VALUES (22,'record_detail22',5,11,to_date('27-12-2018','DD-MM-YYYY'));
INSERT INTO MEDICAL_RECORD VALUES (23,'record_detail23',102,121,to_date('28-12-2015','DD-MM-YYYY'));
INSERT INTO MEDICAL_RECORD VALUES (24,'record_detail24',14,299,to_date('24-09-2018','DD-MM-YYYY'));
INSERT INTO MEDICAL_RECORD VALUES (25,'record_detail25',109,322,to_date('22-04-2013','DD-MM-YYYY'));
INSERT INTO MEDICAL_RECORD VALUES (26,'record_detail26',39,49,to_date('24-12-2018','DD-MM-YYYY'));
INSERT INTO MEDICAL_RECORD VALUES (27,'record_detail27',108,269,to_date('17-04-2014','DD-MM-YYYY'));
INSERT INTO MEDICAL_RECORD VALUES (28,'record_detail28',106,325,to_date('22-10-2014','DD-MM-YYYY'));
INSERT INTO MEDICAL_RECORD VALUES (29,'record_detail29',113,403,to_date('25-11-2016','DD-MM-YYYY'));
INSERT INTO MEDICAL_RECORD VALUES (30,'record_detail30',8,222,to_date('27-10-2017','DD-MM-YYYY'));
INSERT INTO MEDICAL_RECORD VALUES (31,'record_detail31',97,118,to_date('27-12-2013','DD-MM-YYYY'));
INSERT INTO MEDICAL_RECORD VALUES (32,'record_detail32',38,84,to_date('04-10-2012','DD-MM-YYYY'));
INSERT INTO MEDICAL_RECORD VALUES (33,'record_detail33',33,49,to_date('24-12-2018','DD-MM-YYYY'));
INSERT INTO MEDICAL_RECORD VALUES (34,'record_detail34',120,248,to_date('17-06-2018','DD-MM-YYYY'));
INSERT INTO MEDICAL_RECORD VALUES (35,'record_detail35',4,16,to_date('16-12-2011','DD-MM-YYYY'));
INSERT INTO MEDICAL_RECORD VALUES (36,'record_detail36',87,130,to_date('25-10-2017','DD-MM-YYYY'));
INSERT INTO MEDICAL_RECORD VALUES (37,'record_detail37',33,299,to_date('24-09-2018','DD-MM-YYYY'));
INSERT INTO MEDICAL_RECORD VALUES (38,'record_detail38',116,151,to_date('22-11-2019','DD-MM-YYYY'));
INSERT INTO MEDICAL_RECORD VALUES (39,'record_detail39',35,137,to_date('25-10-2011','DD-MM-YYYY'));
INSERT INTO MEDICAL_RECORD VALUES (40,'record_detail40',107,132,to_date('13-08-2012','DD-MM-YYYY'));
INSERT INTO MEDICAL_RECORD VALUES (41,'record_detail41',64,145,to_date('28-12-2015','DD-MM-YYYY'));
INSERT INTO MEDICAL_RECORD VALUES (42,'record_detail42',111,207,to_date('19-10-2019','DD-MM-YYYY'));
INSERT INTO MEDICAL_RECORD VALUES (43,'record_detail43',108,42,to_date('09-09-2019','DD-MM-YYYY'));
INSERT INTO MEDICAL_RECORD VALUES (44,'record_detail44',69,45,to_date('22-11-2018','DD-MM-YYYY'));
INSERT INTO MEDICAL_RECORD VALUES (45,'record_detail45',51,110,to_date('27-08-2019','DD-MM-YYYY'));
INSERT INTO MEDICAL_RECORD VALUES (46,'record_detail46',101,354,to_date('22-06-2015','DD-MM-YYYY'));
INSERT INTO MEDICAL_RECORD VALUES (47,'record_detail47',100,94,to_date('27-11-2012','DD-MM-YYYY'));
INSERT INTO MEDICAL_RECORD VALUES (48,'record_detail48',15,2,to_date('28-12-2019','DD-MM-YYYY'));
INSERT INTO MEDICAL_RECORD VALUES (49,'record_detail49',79,417,to_date('14-12-2019','DD-MM-YYYY'));
INSERT INTO MEDICAL_RECORD VALUES (50,'record_detail50',118,39,to_date('04-12-2019','DD-MM-YYYY'));
INSERT INTO MEDICAL_RECORD VALUES (51,'record_detail51',11,80,to_date('25-10-2017','DD-MM-YYYY'));
INSERT INTO MEDICAL_RECORD VALUES (52,'record_detail52',7,152,to_date('16-12-2012','DD-MM-YYYY'));
INSERT INTO MEDICAL_RECORD VALUES (53,'record_detail53',105,388,to_date('27-09-2018','DD-MM-YYYY'));
INSERT INTO MEDICAL_RECORD VALUES (54,'record_detail54',83,284,to_date('25-09-2019','DD-MM-YYYY'));
INSERT INTO MEDICAL_RECORD VALUES (55,'record_detail55',111,9,to_date('26-05-2018','DD-MM-YYYY'));
INSERT INTO MEDICAL_RECORD VALUES (56,'record_detail56',92,130,to_date('25-10-2017','DD-MM-YYYY'));
INSERT INTO MEDICAL_RECORD VALUES (57,'record_detail57',59,72,to_date('19-09-2016','DD-MM-YYYY'));
INSERT INTO MEDICAL_RECORD VALUES (58,'record_detail58',128,279,to_date('07-08-2013','DD-MM-YYYY'));
INSERT INTO MEDICAL_RECORD VALUES (59,'record_detail59',30,423,to_date('28-12-2017','DD-MM-YYYY'));
INSERT INTO MEDICAL_RECORD VALUES (60,'record_detail60',20,331,to_date('22-09-2014','DD-MM-YYYY'));
INSERT INTO MEDICAL_RECORD VALUES (61,'record_detail61',113,388,to_date('27-09-2018','DD-MM-YYYY'));
INSERT INTO MEDICAL_RECORD VALUES (62,'record_detail62',37,64,to_date('25-07-2014','DD-MM-YYYY'));
INSERT INTO MEDICAL_RECORD VALUES (63,'record_detail63',81,194,to_date('18-05-2014','DD-MM-YYYY'));
INSERT INTO MEDICAL_RECORD VALUES (64,'record_detail64',17,222,to_date('27-10-2017','DD-MM-YYYY'));
INSERT INTO MEDICAL_RECORD VALUES (65,'record_detail65',28,376,to_date('17-11-2019','DD-MM-YYYY'));
INSERT INTO MEDICAL_RECORD VALUES (66,'record_detail66',104,192,to_date('17-12-2017','DD-MM-YYYY'));
INSERT INTO MEDICAL_RECORD VALUES (67,'record_detail67',27,274,to_date('24-06-2018','DD-MM-YYYY'));
INSERT INTO MEDICAL_RECORD VALUES (68,'record_detail68',49,115,to_date('28-12-2018','DD-MM-YYYY'));
INSERT INTO MEDICAL_RECORD VALUES (69,'record_detail69',19,302,to_date('18-12-2018','DD-MM-YYYY'));
INSERT INTO MEDICAL_RECORD VALUES (70,'record_detail70',88,189,to_date('02-06-2016','DD-MM-YYYY'));
INSERT INTO MEDICAL_RECORD VALUES (71,'record_detail71',113,351,to_date('05-12-2017','DD-MM-YYYY'));
INSERT INTO MEDICAL_RECORD VALUES (72,'record_detail72',103,249,to_date('27-06-2011','DD-MM-YYYY'));
INSERT INTO MEDICAL_RECORD VALUES (73,'record_detail73',7,200,to_date('26-03-2018','DD-MM-YYYY'));
INSERT INTO MEDICAL_RECORD VALUES (74,'record_detail74',29,125,to_date('24-12-2014','DD-MM-YYYY'));
INSERT INTO MEDICAL_RECORD VALUES (75,'record_detail75',59,107,to_date('27-11-2016','DD-MM-YYYY'));
INSERT INTO MEDICAL_RECORD VALUES (76,'record_detail76',14,423,to_date('28-12-2017','DD-MM-YYYY'));
INSERT INTO MEDICAL_RECORD VALUES (77,'record_detail77',59,397,to_date('27-05-2014','DD-MM-YYYY'));
INSERT INTO MEDICAL_RECORD VALUES (78,'record_detail78',38,236,to_date('24-12-2016','DD-MM-YYYY'));
INSERT INTO MEDICAL_RECORD VALUES (79,'record_detail79',45,55,to_date('26-10-2019','DD-MM-YYYY'));
INSERT INTO MEDICAL_RECORD VALUES (80,'record_detail80',80,356,to_date('14-12-2014','DD-MM-YYYY'));
INSERT INTO MEDICAL_RECORD VALUES (81,'record_detail81',41,172,to_date('18-09-2019','DD-MM-YYYY'));
INSERT INTO MEDICAL_RECORD VALUES (82,'record_detail82',73,33,to_date('20-10-2014','DD-MM-YYYY'));
INSERT INTO MEDICAL_RECORD VALUES (83,'record_detail83',94,328,to_date('28-12-2018','DD-MM-YYYY'));
INSERT INTO MEDICAL_RECORD VALUES (84,'record_detail84',79,175,to_date('21-12-2018','DD-MM-YYYY'));
INSERT INTO MEDICAL_RECORD VALUES (85,'record_detail85',103,312,to_date('28-11-2014','DD-MM-YYYY'));
INSERT INTO MEDICAL_RECORD VALUES (86,'record_detail86',120,387,to_date('19-11-2016','DD-MM-YYYY'));
INSERT INTO MEDICAL_RECORD VALUES (87,'record_detail87',61,271,to_date('24-08-2018','DD-MM-YYYY'));
INSERT INTO MEDICAL_RECORD VALUES (88,'record_detail88',13,305,to_date('23-11-2018','DD-MM-YYYY'));
INSERT INTO MEDICAL_RECORD VALUES (89,'record_detail89',128,211,to_date('26-12-2018','DD-MM-YYYY'));
INSERT INTO MEDICAL_RECORD VALUES (90,'record_detail90',94,203,to_date('17-12-2014','DD-MM-YYYY'));
INSERT INTO MEDICAL_RECORD VALUES (91,'record_detail91',8,4,to_date('22-09-2015','DD-MM-YYYY'));
INSERT INTO MEDICAL_RECORD VALUES (92,'record_detail92',28,97,to_date('17-06-2017','DD-MM-YYYY'));
INSERT INTO MEDICAL_RECORD VALUES (93,'record_detail93',105,187,to_date('23-10-2017','DD-MM-YYYY'));
INSERT INTO MEDICAL_RECORD VALUES (94,'record_detail94',49,19,to_date('19-04-2016','DD-MM-YYYY'));
INSERT INTO MEDICAL_RECORD VALUES (95,'record_detail95',62,187,to_date('23-10-2017','DD-MM-YYYY'));
INSERT INTO MEDICAL_RECORD VALUES (96,'record_detail96',95,421,to_date('23-12-2018','DD-MM-YYYY'));
INSERT INTO MEDICAL_RECORD VALUES (97,'record_detail97',25,49,to_date('24-12-2018','DD-MM-YYYY'));
INSERT INTO MEDICAL_RECORD VALUES (98,'record_detail98',16,403,to_date('25-11-2016','DD-MM-YYYY'));
INSERT INTO MEDICAL_RECORD VALUES (99,'record_detail99',113,174,to_date('20-06-2017','DD-MM-YYYY'));
INSERT INTO MEDICAL_RECORD VALUES (100,'record_detail100',12,71,to_date('23-12-2011','DD-MM-YYYY'));
INSERT INTO MEDICAL_RECORD VALUES (101,'record_detail101',78,174,to_date('20-06-2017','DD-MM-YYYY'));
INSERT INTO MEDICAL_RECORD VALUES (102,'record_detail102',24,187,to_date('23-10-2017','DD-MM-YYYY'));
INSERT INTO MEDICAL_RECORD VALUES (103,'record_detail103',126,180,to_date('22-03-2015','DD-MM-YYYY'));
INSERT INTO MEDICAL_RECORD VALUES (104,'record_detail104',25,73,to_date('28-12-2016','DD-MM-YYYY'));
INSERT INTO MEDICAL_RECORD VALUES (105,'record_detail105',95,8,to_date('15-10-2018','DD-MM-YYYY'));
INSERT INTO MEDICAL_RECORD VALUES (106,'record_detail106',128,213,to_date('24-12-2008','DD-MM-YYYY'));
INSERT INTO MEDICAL_RECORD VALUES (107,'record_detail107',130,311,to_date('24-11-2016','DD-MM-YYYY'));
INSERT INTO MEDICAL_RECORD VALUES (108,'record_detail108',57,409,to_date('28-09-2015','DD-MM-YYYY'));
INSERT INTO MEDICAL_RECORD VALUES (109,'record_detail109',34,114,to_date('27-06-2015','DD-MM-YYYY'));
INSERT INTO MEDICAL_RECORD VALUES (110,'record_detail110',108,266,to_date('22-04-2011','DD-MM-YYYY'));
INSERT INTO MEDICAL_RECORD VALUES (111,'record_detail111',90,274,to_date('24-06-2018','DD-MM-YYYY'));
INSERT INTO MEDICAL_RECORD VALUES (112,'record_detail112',1,144,to_date('22-10-2014','DD-MM-YYYY'));
INSERT INTO MEDICAL_RECORD VALUES (113,'record_detail113',50,263,to_date('14-09-2018','DD-MM-YYYY'));
INSERT INTO MEDICAL_RECORD VALUES (114,'record_detail114',111,199,to_date('10-07-2017','DD-MM-YYYY'));
INSERT INTO MEDICAL_RECORD VALUES (115,'record_detail115',76,136,to_date('12-09-2010','DD-MM-YYYY'));
INSERT INTO MEDICAL_RECORD VALUES (116,'record_detail116',61,244,to_date('18-12-2019','DD-MM-YYYY'));
INSERT INTO MEDICAL_RECORD VALUES (117,'record_detail117',60,189,to_date('02-06-2016','DD-MM-YYYY'));
INSERT INTO MEDICAL_RECORD VALUES (118,'record_detail118',19,137,to_date('25-10-2011','DD-MM-YYYY'));
INSERT INTO MEDICAL_RECORD VALUES (119,'record_detail119',95,14,to_date('16-11-2018','DD-MM-YYYY'));
INSERT INTO MEDICAL_RECORD VALUES (120,'record_detail120',95,193,to_date('18-11-2013','DD-MM-YYYY'));
INSERT INTO MEDICAL_RECORD VALUES (121,'record_detail121',27,310,to_date('24-11-2016','DD-MM-YYYY'));
INSERT INTO MEDICAL_RECORD VALUES (122,'record_detail122',77,404,to_date('28-12-2014','DD-MM-YYYY'));
INSERT INTO MEDICAL_RECORD VALUES (123,'record_detail123',9,378,to_date('21-08-2015','DD-MM-YYYY'));
INSERT INTO MEDICAL_RECORD VALUES (124,'record_detail124',98,196,to_date('24-08-2019','DD-MM-YYYY'));
INSERT INTO MEDICAL_RECORD VALUES (125,'record_detail125',37,180,to_date('22-03-2015','DD-MM-YYYY'));
INSERT INTO MEDICAL_RECORD VALUES (126,'record_detail126',42,162,to_date('09-06-2018','DD-MM-YYYY'));
INSERT INTO MEDICAL_RECORD VALUES (127,'record_detail127',54,86,to_date('22-08-2017','DD-MM-YYYY'));
INSERT INTO MEDICAL_RECORD VALUES (128,'record_detail128',66,263,to_date('14-09-2018','DD-MM-YYYY'));
INSERT INTO MEDICAL_RECORD VALUES (129,'record_detail129',56,58,to_date('24-08-2013','DD-MM-YYYY'));
INSERT INTO MEDICAL_RECORD VALUES (130,'record_detail130',33,398,to_date('23-06-2018','DD-MM-YYYY'));
INSERT INTO MEDICAL_RECORD VALUES (131,'record_detail131',6,290,to_date('17-12-2017','DD-MM-YYYY'));
INSERT INTO MEDICAL_RECORD VALUES (132,'record_detail132',11,223,to_date('26-12-2015','DD-MM-YYYY'));
INSERT INTO MEDICAL_RECORD VALUES (133,'record_detail133',4,223,to_date('26-12-2015','DD-MM-YYYY'));
INSERT INTO MEDICAL_RECORD VALUES (134,'record_detail134',71,76,to_date('20-08-2014','DD-MM-YYYY'));
INSERT INTO MEDICAL_RECORD VALUES (135,'record_detail135',106,429,to_date('24-07-2016','DD-MM-YYYY'));
INSERT INTO MEDICAL_RECORD VALUES (136,'record_detail136',33,72,to_date('19-09-2016','DD-MM-YYYY'));
INSERT INTO MEDICAL_RECORD VALUES (137,'record_detail137',44,315,to_date('28-05-2017','DD-MM-YYYY'));
INSERT INTO MEDICAL_RECORD VALUES (138,'record_detail138',3,270,to_date('26-10-2017','DD-MM-YYYY'));
INSERT INTO MEDICAL_RECORD VALUES (139,'record_detail139',22,426,to_date('10-09-2010','DD-MM-YYYY'));
INSERT INTO MEDICAL_RECORD VALUES (140,'record_detail140',89,120,to_date('27-10-2011','DD-MM-YYYY'));
INSERT INTO MEDICAL_RECORD VALUES (141,'record_detail141',81,189,to_date('02-06-2016','DD-MM-YYYY'));
INSERT INTO MEDICAL_RECORD VALUES (142,'record_detail142',61,127,to_date('10-04-2019','DD-MM-YYYY'));
INSERT INTO MEDICAL_RECORD VALUES (143,'record_detail143',11,324,to_date('09-12-2019','DD-MM-YYYY'));
INSERT INTO MEDICAL_RECORD VALUES (144,'record_detail144',127,24,to_date('13-11-2019','DD-MM-YYYY'));
INSERT INTO MEDICAL_RECORD VALUES (145,'record_detail145',24,322,to_date('22-04-2013','DD-MM-YYYY'));
INSERT INTO MEDICAL_RECORD VALUES (146,'record_detail146',89,76,to_date('20-08-2014','DD-MM-YYYY'));
INSERT INTO MEDICAL_RECORD VALUES (147,'record_detail147',92,382,to_date('26-08-2016','DD-MM-YYYY'));
INSERT INTO MEDICAL_RECORD VALUES (148,'record_detail148',24,112,to_date('21-09-2016','DD-MM-YYYY'));
INSERT INTO MEDICAL_RECORD VALUES (149,'record_detail149',123,254,to_date('24-12-2019','DD-MM-YYYY'));
INSERT INTO MEDICAL_RECORD VALUES (150,'record_detail150',15,82,to_date('15-12-2019','DD-MM-YYYY'));
INSERT INTO MEDICAL_RECORD VALUES (151,'record_detail151',121,352,to_date('04-05-2017','DD-MM-YYYY'));
INSERT INTO MEDICAL_RECORD VALUES (152,'record_detail152',66,175,to_date('21-12-2018','DD-MM-YYYY'));
INSERT INTO MEDICAL_RECORD VALUES (153,'record_detail153',51,404,to_date('28-12-2014','DD-MM-YYYY'));
INSERT INTO MEDICAL_RECORD VALUES (154,'record_detail154',21,62,to_date('19-08-2016','DD-MM-YYYY'));
INSERT INTO MEDICAL_RECORD VALUES (155,'record_detail155',2,105,to_date('11-03-2019','DD-MM-YYYY'));
INSERT INTO MEDICAL_RECORD VALUES (156,'record_detail156',18,152,to_date('16-12-2012','DD-MM-YYYY'));
INSERT INTO MEDICAL_RECORD VALUES (157,'record_detail157',21,114,to_date('27-06-2015','DD-MM-YYYY'));
INSERT INTO MEDICAL_RECORD VALUES (158,'record_detail158',67,300,to_date('22-12-2019','DD-MM-YYYY'));
INSERT INTO MEDICAL_RECORD VALUES (159,'record_detail159',17,5,to_date('08-10-2017','DD-MM-YYYY'));
INSERT INTO MEDICAL_RECORD VALUES (160,'record_detail160',107,206,to_date('26-12-2017','DD-MM-YYYY'));
INSERT INTO MEDICAL_RECORD VALUES (161,'record_detail161',57,371,to_date('27-12-2016','DD-MM-YYYY'));
INSERT INTO MEDICAL_RECORD VALUES (162,'record_detail162',70,198,to_date('17-11-2014','DD-MM-YYYY'));
INSERT INTO MEDICAL_RECORD VALUES (163,'record_detail163',132,156,to_date('27-07-2010','DD-MM-YYYY'));
INSERT INTO MEDICAL_RECORD VALUES (164,'record_detail164',91,172,to_date('18-09-2019','DD-MM-YYYY'));
INSERT INTO MEDICAL_RECORD VALUES (165,'record_detail165',46,333,to_date('25-12-2019','DD-MM-YYYY'));
INSERT INTO MEDICAL_RECORD VALUES (166,'record_detail166',20,131,to_date('16-05-2019','DD-MM-YYYY'));
INSERT INTO MEDICAL_RECORD VALUES (167,'record_detail167',3,310,to_date('24-11-2016','DD-MM-YYYY'));
INSERT INTO MEDICAL_RECORD VALUES (168,'record_detail168',44,294,to_date('05-11-2014','DD-MM-YYYY'));
INSERT INTO MEDICAL_RECORD VALUES (169,'record_detail169',111,416,to_date('27-09-2011','DD-MM-YYYY'));
INSERT INTO MEDICAL_RECORD VALUES (170,'record_detail170',21,388,to_date('27-09-2018','DD-MM-YYYY'));
INSERT INTO MEDICAL_RECORD VALUES (171,'record_detail171',12,92,to_date('16-12-2013','DD-MM-YYYY'));
INSERT INTO MEDICAL_RECORD VALUES (172,'record_detail172',56,361,to_date('17-06-2015','DD-MM-YYYY'));
INSERT INTO MEDICAL_RECORD VALUES (173,'record_detail173',86,32,to_date('05-12-2012','DD-MM-YYYY'));
INSERT INTO MEDICAL_RECORD VALUES (174,'record_detail174',50,75,to_date('22-09-2012','DD-MM-YYYY'));
INSERT INTO MEDICAL_RECORD VALUES (175,'record_detail175',87,135,to_date('23-12-2019','DD-MM-YYYY'));
INSERT INTO MEDICAL_RECORD VALUES (176,'record_detail176',54,305,to_date('23-11-2018','DD-MM-YYYY'));
INSERT INTO MEDICAL_RECORD VALUES (177,'record_detail177',94,16,to_date('16-12-2011','DD-MM-YYYY'));
INSERT INTO MEDICAL_RECORD VALUES (178,'record_detail178',123,383,to_date('11-03-2018','DD-MM-YYYY'));
INSERT INTO MEDICAL_RECORD VALUES (179,'record_detail179',128,378,to_date('21-08-2015','DD-MM-YYYY'));
INSERT INTO MEDICAL_RECORD VALUES (180,'record_detail180',70,229,to_date('23-05-2019','DD-MM-YYYY'));
INSERT INTO MEDICAL_RECORD VALUES (181,'record_detail181',21,220,to_date('04-05-2018','DD-MM-YYYY'));
INSERT INTO MEDICAL_RECORD VALUES (182,'record_detail182',53,213,to_date('24-12-2008','DD-MM-YYYY'));
INSERT INTO MEDICAL_RECORD VALUES (183,'record_detail183',9,402,to_date('10-07-2009','DD-MM-YYYY'));
INSERT INTO MEDICAL_RECORD VALUES (184,'record_detail184',15,203,to_date('17-12-2014','DD-MM-YYYY'));
INSERT INTO MEDICAL_RECORD VALUES (185,'record_detail185',31,400,to_date('08-10-2015','DD-MM-YYYY'));
INSERT INTO MEDICAL_RECORD VALUES (186,'record_detail186',132,212,to_date('18-10-2013','DD-MM-YYYY'));
INSERT INTO MEDICAL_RECORD VALUES (187,'record_detail187',6,409,to_date('28-09-2015','DD-MM-YYYY'));
INSERT INTO MEDICAL_RECORD VALUES (188,'record_detail188',25,336,to_date('28-08-2016','DD-MM-YYYY'));
INSERT INTO MEDICAL_RECORD VALUES (189,'record_detail189',96,255,to_date('28-12-2014','DD-MM-YYYY'));
INSERT INTO MEDICAL_RECORD VALUES (190,'record_detail190',85,10,to_date('25-06-2016','DD-MM-YYYY'));
INSERT INTO MEDICAL_RECORD VALUES (191,'record_detail191',35,218,to_date('27-09-2019','DD-MM-YYYY'));
INSERT INTO MEDICAL_RECORD VALUES (192,'record_detail192',41,416,to_date('27-09-2011','DD-MM-YYYY'));
INSERT INTO MEDICAL_RECORD VALUES (193,'record_detail193',105,261,to_date('24-07-2019','DD-MM-YYYY'));
INSERT INTO MEDICAL_RECORD VALUES (194,'record_detail194',69,151,to_date('22-11-2019','DD-MM-YYYY'));
INSERT INTO MEDICAL_RECORD VALUES (195,'record_detail195',100,121,to_date('28-12-2015','DD-MM-YYYY'));
INSERT INTO MEDICAL_RECORD VALUES (196,'record_detail196',116,246,to_date('19-08-2015','DD-MM-YYYY'));
INSERT INTO MEDICAL_RECORD VALUES (197,'record_detail197',104,259,to_date('12-04-2019','DD-MM-YYYY'));
INSERT INTO MEDICAL_RECORD VALUES (198,'record_detail198',3,304,to_date('28-06-2009','DD-MM-YYYY'));
INSERT INTO MEDICAL_RECORD VALUES (199,'record_detail199',3,70,to_date('28-11-2006','DD-MM-YYYY'));
INSERT INTO MEDICAL_RECORD VALUES (200,'record_detail200',38,134,to_date('24-06-2013','DD-MM-YYYY'));
INSERT INTO MEDICAL_RECORD VALUES (201,'record_detail201',128,122,to_date('11-12-2019','DD-MM-YYYY'));
INSERT INTO MEDICAL_RECORD VALUES (202,'record_detail202',89,221,to_date('28-08-2014','DD-MM-YYYY'));
INSERT INTO MEDICAL_RECORD VALUES (203,'record_detail203',91,154,to_date('10-10-2017','DD-MM-YYYY'));
INSERT INTO MEDICAL_RECORD VALUES (204,'record_detail204',109,342,to_date('20-11-2019','DD-MM-YYYY'));
INSERT INTO MEDICAL_RECORD VALUES (205,'record_detail205',25,285,to_date('27-07-2015','DD-MM-YYYY'));
INSERT INTO MEDICAL_RECORD VALUES (206,'record_detail206',106,350,to_date('20-09-2009','DD-MM-YYYY'));
INSERT INTO MEDICAL_RECORD VALUES (207,'record_detail207',6,225,to_date('27-03-2017','DD-MM-YYYY'));
INSERT INTO MEDICAL_RECORD VALUES (208,'record_detail208',82,45,to_date('22-11-2018','DD-MM-YYYY'));
INSERT INTO MEDICAL_RECORD VALUES (209,'record_detail209',40,204,to_date('27-08-2018','DD-MM-YYYY'));
INSERT INTO MEDICAL_RECORD VALUES (210,'record_detail210',34,290,to_date('17-12-2017','DD-MM-YYYY'));
INSERT INTO MEDICAL_RECORD VALUES (211,'record_detail211',3,36,to_date('15-12-2013','DD-MM-YYYY'));
INSERT INTO MEDICAL_RECORD VALUES (212,'record_detail212',30,141,to_date('28-07-2015','DD-MM-YYYY'));
INSERT INTO MEDICAL_RECORD VALUES (213,'record_detail213',66,193,to_date('18-11-2013','DD-MM-YYYY'));
INSERT INTO MEDICAL_RECORD VALUES (214,'record_detail214',127,249,to_date('27-06-2011','DD-MM-YYYY'));
INSERT INTO MEDICAL_RECORD VALUES (215,'record_detail215',81,204,to_date('27-08-2018','DD-MM-YYYY'));
INSERT INTO MEDICAL_RECORD VALUES (216,'record_detail216',126,389,to_date('20-12-2011','DD-MM-YYYY'));
INSERT INTO MEDICAL_RECORD VALUES (217,'record_detail217',85,217,to_date('25-12-2018','DD-MM-YYYY'));
INSERT INTO MEDICAL_RECORD VALUES (218,'record_detail218',17,16,to_date('16-12-2011','DD-MM-YYYY'));
INSERT INTO MEDICAL_RECORD VALUES (219,'record_detail219',60,285,to_date('27-07-2015','DD-MM-YYYY'));
INSERT INTO MEDICAL_RECORD VALUES (220,'record_detail220',26,321,to_date('20-09-2019','DD-MM-YYYY'));
INSERT INTO MEDICAL_RECORD VALUES (221,'record_detail221',96,250,to_date('27-07-2008','DD-MM-YYYY'));
INSERT INTO MEDICAL_RECORD VALUES (222,'record_detail222',54,56,to_date('22-12-2017','DD-MM-YYYY'));
INSERT INTO MEDICAL_RECORD VALUES (223,'record_detail223',63,67,to_date('10-09-2019','DD-MM-YYYY'));
INSERT INTO MEDICAL_RECORD VALUES (224,'record_detail224',113,198,to_date('17-11-2014','DD-MM-YYYY'));
INSERT INTO MEDICAL_RECORD VALUES (225,'record_detail225',32,196,to_date('24-08-2019','DD-MM-YYYY'));
INSERT INTO MEDICAL_RECORD VALUES (226,'record_detail226',12,216,to_date('19-12-2011','DD-MM-YYYY'));
INSERT INTO MEDICAL_RECORD VALUES (227,'record_detail227',65,365,to_date('21-10-2019','DD-MM-YYYY'));
INSERT INTO MEDICAL_RECORD VALUES (228,'record_detail228',49,355,to_date('26-12-2011','DD-MM-YYYY'));
INSERT INTO MEDICAL_RECORD VALUES (229,'record_detail229',124,378,to_date('21-08-2015','DD-MM-YYYY'));
INSERT INTO MEDICAL_RECORD VALUES (230,'record_detail230',95,16,to_date('16-12-2011','DD-MM-YYYY'));
INSERT INTO MEDICAL_RECORD VALUES (231,'record_detail231',124,359,to_date('12-12-2014','DD-MM-YYYY'));
INSERT INTO MEDICAL_RECORD VALUES (232,'record_detail232',120,154,to_date('10-10-2017','DD-MM-YYYY'));
INSERT INTO MEDICAL_RECORD VALUES (233,'record_detail233',128,162,to_date('09-06-2018','DD-MM-YYYY'));
INSERT INTO MEDICAL_RECORD VALUES (234,'record_detail234',74,347,to_date('15-09-2019','DD-MM-YYYY'));
INSERT INTO MEDICAL_RECORD VALUES (235,'record_detail235',33,129,to_date('23-08-2014','DD-MM-YYYY'));
INSERT INTO MEDICAL_RECORD VALUES (236,'record_detail236',61,137,to_date('25-10-2011','DD-MM-YYYY'));
INSERT INTO MEDICAL_RECORD VALUES (237,'record_detail237',15,105,to_date('11-03-2019','DD-MM-YYYY'));
INSERT INTO MEDICAL_RECORD VALUES (238,'record_detail238',108,94,to_date('27-11-2012','DD-MM-YYYY'));
INSERT INTO MEDICAL_RECORD VALUES (239,'record_detail239',31,199,to_date('10-07-2017','DD-MM-YYYY'));
INSERT INTO MEDICAL_RECORD VALUES (240,'record_detail240',108,142,to_date('27-07-2016','DD-MM-YYYY'));
INSERT INTO MEDICAL_RECORD VALUES (241,'record_detail241',66,18,to_date('20-09-2017','DD-MM-YYYY'));
INSERT INTO MEDICAL_RECORD VALUES (242,'record_detail242',68,238,to_date('24-10-2016','DD-MM-YYYY'));
INSERT INTO MEDICAL_RECORD VALUES (243,'record_detail243',63,204,to_date('27-08-2018','DD-MM-YYYY'));
INSERT INTO MEDICAL_RECORD VALUES (244,'record_detail244',121,266,to_date('22-04-2011','DD-MM-YYYY'));
INSERT INTO MEDICAL_RECORD VALUES (245,'record_detail245',56,422,to_date('28-08-2013','DD-MM-YYYY'));
INSERT INTO MEDICAL_RECORD VALUES (246,'record_detail246',79,15,to_date('14-10-2014','DD-MM-YYYY'));
INSERT INTO MEDICAL_RECORD VALUES (247,'record_detail247',2,317,to_date('17-12-2018','DD-MM-YYYY'));
INSERT INTO MEDICAL_RECORD VALUES (248,'record_detail248',31,306,to_date('21-10-2018','DD-MM-YYYY'));
INSERT INTO MEDICAL_RECORD VALUES (249,'record_detail249',74,17,to_date('27-10-2015','DD-MM-YYYY'));
INSERT INTO MEDICAL_RECORD VALUES (250,'record_detail250',32,198,to_date('17-11-2014','DD-MM-YYYY'));
INSERT INTO MEDICAL_RECORD VALUES (251,'record_detail251',15,412,to_date('21-12-2015','DD-MM-YYYY'));
INSERT INTO MEDICAL_RECORD VALUES (252,'record_detail252',52,15,to_date('14-10-2014','DD-MM-YYYY'));
INSERT INTO MEDICAL_RECORD VALUES (253,'record_detail253',21,197,to_date('25-05-2016','DD-MM-YYYY'));
INSERT INTO MEDICAL_RECORD VALUES (254,'record_detail254',19,306,to_date('21-10-2018','DD-MM-YYYY'));
INSERT INTO MEDICAL_RECORD VALUES (255,'record_detail255',17,1,to_date('28-09-2019','DD-MM-YYYY'));
INSERT INTO MEDICAL_RECORD VALUES (256,'record_detail256',3,40,to_date('13-08-2016','DD-MM-YYYY'));
INSERT INTO MEDICAL_RECORD VALUES (257,'record_detail257',62,276,to_date('22-10-2016','DD-MM-YYYY'));
INSERT INTO MEDICAL_RECORD VALUES (258,'record_detail258',63,286,to_date('12-12-2012','DD-MM-YYYY'));
INSERT INTO MEDICAL_RECORD VALUES (259,'record_detail259',73,340,to_date('25-11-2019','DD-MM-YYYY'));
INSERT INTO MEDICAL_RECORD VALUES (260,'record_detail260',5,97,to_date('17-06-2017','DD-MM-YYYY'));
INSERT INTO MEDICAL_RECORD VALUES (261,'record_detail261',6,248,to_date('17-06-2018','DD-MM-YYYY'));
INSERT INTO MEDICAL_RECORD VALUES (262,'record_detail262',109,349,to_date('22-12-2019','DD-MM-YYYY'));
INSERT INTO MEDICAL_RECORD VALUES (263,'record_detail263',66,287,to_date('14-11-2019','DD-MM-YYYY'));
INSERT INTO MEDICAL_RECORD VALUES (264,'record_detail264',49,425,to_date('28-12-2013','DD-MM-YYYY'));
INSERT INTO MEDICAL_RECORD VALUES (265,'record_detail265',129,77,to_date('23-10-2017','DD-MM-YYYY'));
INSERT INTO MEDICAL_RECORD VALUES (266,'record_detail266',68,417,to_date('14-12-2019','DD-MM-YYYY'));
INSERT INTO MEDICAL_RECORD VALUES (267,'record_detail267',38,214,to_date('13-11-2017','DD-MM-YYYY'));
INSERT INTO MEDICAL_RECORD VALUES (268,'record_detail268',123,307,to_date('09-08-2019','DD-MM-YYYY'));
INSERT INTO MEDICAL_RECORD VALUES (269,'record_detail269',104,220,to_date('04-05-2018','DD-MM-YYYY'));
INSERT INTO MEDICAL_RECORD VALUES (270,'record_detail270',45,22,to_date('16-11-2019','DD-MM-YYYY'));
INSERT INTO MEDICAL_RECORD VALUES (271,'record_detail271',76,153,to_date('20-09-2015','DD-MM-YYYY'));
INSERT INTO MEDICAL_RECORD VALUES (272,'record_detail272',51,326,to_date('28-02-2019','DD-MM-YYYY'));
INSERT INTO MEDICAL_RECORD VALUES (273,'record_detail273',51,288,to_date('13-03-2013','DD-MM-YYYY'));
INSERT INTO MEDICAL_RECORD VALUES (274,'record_detail274',86,158,to_date('16-06-2019','DD-MM-YYYY'));
INSERT INTO MEDICAL_RECORD VALUES (275,'record_detail275',112,241,to_date('28-12-2018','DD-MM-YYYY'));
INSERT INTO MEDICAL_RECORD VALUES (276,'record_detail276',8,254,to_date('24-12-2019','DD-MM-YYYY'));
INSERT INTO MEDICAL_RECORD VALUES (277,'record_detail277',12,321,to_date('20-09-2019','DD-MM-YYYY'));
INSERT INTO MEDICAL_RECORD VALUES (278,'record_detail278',62,297,to_date('22-07-2011','DD-MM-YYYY'));
INSERT INTO MEDICAL_RECORD VALUES (279,'record_detail279',77,40,to_date('13-08-2016','DD-MM-YYYY'));
INSERT INTO MEDICAL_RECORD VALUES (280,'record_detail280',74,134,to_date('24-06-2013','DD-MM-YYYY'));
INSERT INTO MEDICAL_RECORD VALUES (281,'record_detail281',104,14,to_date('16-11-2018','DD-MM-YYYY'));
INSERT INTO MEDICAL_RECORD VALUES (282,'record_detail282',115,367,to_date('19-12-2019','DD-MM-YYYY'));
INSERT INTO MEDICAL_RECORD VALUES (283,'record_detail283',110,48,to_date('15-07-2014','DD-MM-YYYY'));
INSERT INTO MEDICAL_RECORD VALUES (284,'record_detail284',126,190,to_date('27-05-2019','DD-MM-YYYY'));
INSERT INTO MEDICAL_RECORD VALUES (285,'record_detail285',23,425,to_date('28-12-2013','DD-MM-YYYY'));
INSERT INTO MEDICAL_RECORD VALUES (286,'record_detail286',20,322,to_date('22-04-2013','DD-MM-YYYY'));
INSERT INTO MEDICAL_RECORD VALUES (287,'record_detail287',114,294,to_date('05-11-2014','DD-MM-YYYY'));
INSERT INTO MEDICAL_RECORD VALUES (288,'record_detail288',28,3,to_date('20-12-2017','DD-MM-YYYY'));
INSERT INTO MEDICAL_RECORD VALUES (289,'record_detail289',5,342,to_date('20-11-2019','DD-MM-YYYY'));
INSERT INTO MEDICAL_RECORD VALUES (290,'record_detail290',121,179,to_date('27-10-2015','DD-MM-YYYY'));
INSERT INTO MEDICAL_RECORD VALUES (291,'record_detail291',120,277,to_date('28-10-2018','DD-MM-YYYY'));
INSERT INTO MEDICAL_RECORD VALUES (292,'record_detail292',63,185,to_date('20-07-2018','DD-MM-YYYY'));
INSERT INTO MEDICAL_RECORD VALUES (293,'record_detail293',31,30,to_date('05-07-2017','DD-MM-YYYY'));
INSERT INTO MEDICAL_RECORD VALUES (294,'record_detail294',98,331,to_date('22-09-2014','DD-MM-YYYY'));
INSERT INTO MEDICAL_RECORD VALUES (295,'record_detail295',114,32,to_date('05-12-2012','DD-MM-YYYY'));
INSERT INTO MEDICAL_RECORD VALUES (296,'record_detail296',111,205,to_date('26-10-2015','DD-MM-YYYY'));
INSERT INTO MEDICAL_RECORD VALUES (297,'record_detail297',111,184,to_date('26-09-2019','DD-MM-YYYY'));
INSERT INTO MEDICAL_RECORD VALUES (298,'record_detail298',112,165,to_date('12-04-2013','DD-MM-YYYY'));
INSERT INTO MEDICAL_RECORD VALUES (299,'record_detail299',118,418,to_date('19-12-2020','DD-MM-YYYY'));
INSERT INTO MEDICAL_RECORD VALUES (300,'record_detail300',97,137,to_date('25-10-2011','DD-MM-YYYY'));
INSERT INTO MEDICAL_RECORD VALUES (301,'record_detail301',57,118,to_date('27-12-2013','DD-MM-YYYY'));
INSERT INTO MEDICAL_RECORD VALUES (302,'record_detail302',125,180,to_date('22-03-2015','DD-MM-YYYY'));
INSERT INTO MEDICAL_RECORD VALUES (303,'record_detail303',89,194,to_date('18-05-2014','DD-MM-YYYY'));
INSERT INTO MEDICAL_RECORD VALUES (304,'record_detail304',93,174,to_date('20-06-2017','DD-MM-YYYY'));
INSERT INTO MEDICAL_RECORD VALUES (305,'record_detail305',11,135,to_date('23-12-2019','DD-MM-YYYY'));
INSERT INTO MEDICAL_RECORD VALUES (306,'record_detail306',112,183,to_date('28-04-2010','DD-MM-YYYY'));
INSERT INTO MEDICAL_RECORD VALUES (307,'record_detail307',95,124,to_date('26-06-2008','DD-MM-YYYY'));
INSERT INTO MEDICAL_RECORD VALUES (308,'record_detail308',114,46,to_date('27-12-2015','DD-MM-YYYY'));
INSERT INTO MEDICAL_RECORD VALUES (309,'record_detail309',22,46,to_date('27-12-2015','DD-MM-YYYY'));
INSERT INTO MEDICAL_RECORD VALUES (310,'record_detail310',128,77,to_date('23-10-2017','DD-MM-YYYY'));
INSERT INTO MEDICAL_RECORD VALUES (311,'record_detail311',102,302,to_date('18-12-2018','DD-MM-YYYY'));
INSERT INTO MEDICAL_RECORD VALUES (312,'record_detail312',25,97,to_date('17-06-2017','DD-MM-YYYY'));
INSERT INTO MEDICAL_RECORD VALUES (313,'record_detail313',20,131,to_date('16-05-2019','DD-MM-YYYY'));
INSERT INTO MEDICAL_RECORD VALUES (314,'record_detail314',54,317,to_date('17-12-2018','DD-MM-YYYY'));
INSERT INTO MEDICAL_RECORD VALUES (315,'record_detail315',19,173,to_date('26-04-2019','DD-MM-YYYY'));
INSERT INTO MEDICAL_RECORD VALUES (316,'record_detail316',132,66,to_date('18-10-2014','DD-MM-YYYY'));
INSERT INTO MEDICAL_RECORD VALUES (317,'record_detail317',18,337,to_date('26-11-2011','DD-MM-YYYY'));
INSERT INTO MEDICAL_RECORD VALUES (318,'record_detail318',20,268,to_date('25-09-2012','DD-MM-YYYY'));
INSERT INTO MEDICAL_RECORD VALUES (319,'record_detail319',60,66,to_date('18-10-2014','DD-MM-YYYY'));
INSERT INTO MEDICAL_RECORD VALUES (320,'record_detail320',130,310,to_date('24-11-2016','DD-MM-YYYY'));
INSERT INTO MEDICAL_RECORD VALUES (321,'record_detail321',116,289,to_date('23-08-2017','DD-MM-YYYY'));
INSERT INTO MEDICAL_RECORD VALUES (322,'record_detail322',61,227,to_date('20-10-2018','DD-MM-YYYY'));
INSERT INTO MEDICAL_RECORD VALUES (323,'record_detail323',121,156,to_date('27-07-2010','DD-MM-YYYY'));
INSERT INTO MEDICAL_RECORD VALUES (324,'record_detail324',118,201,to_date('21-12-2019','DD-MM-YYYY'));
INSERT INTO MEDICAL_RECORD VALUES (325,'record_detail325',71,85,to_date('28-12-2018','DD-MM-YYYY'));
INSERT INTO MEDICAL_RECORD VALUES (326,'record_detail326',78,12,to_date('28-10-2013','DD-MM-YYYY'));
INSERT INTO MEDICAL_RECORD VALUES (327,'record_detail327',115,338,to_date('22-12-2012','DD-MM-YYYY'));
INSERT INTO MEDICAL_RECORD VALUES (328,'record_detail328',18,5,to_date('08-10-2017','DD-MM-YYYY'));
INSERT INTO MEDICAL_RECORD VALUES (329,'record_detail329',48,247,to_date('27-12-2016','DD-MM-YYYY'));
INSERT INTO MEDICAL_RECORD VALUES (330,'record_detail330',10,39,to_date('04-12-2019','DD-MM-YYYY'));
INSERT INTO MEDICAL_RECORD VALUES (331,'record_detail331',28,346,to_date('09-11-2016','DD-MM-YYYY'));
INSERT INTO MEDICAL_RECORD VALUES (332,'record_detail332',72,60,to_date('09-12-2013','DD-MM-YYYY'));
INSERT INTO MEDICAL_RECORD VALUES (333,'record_detail333',131,171,to_date('16-08-2017','DD-MM-YYYY'));
INSERT INTO MEDICAL_RECORD VALUES (334,'record_detail334',1,45,to_date('22-11-2018','DD-MM-YYYY'));
INSERT INTO MEDICAL_RECORD VALUES (335,'record_detail335',20,267,to_date('12-12-2016','DD-MM-YYYY'));
INSERT INTO MEDICAL_RECORD VALUES (336,'record_detail336',9,386,to_date('27-12-2009','DD-MM-YYYY'));
INSERT INTO MEDICAL_RECORD VALUES (337,'record_detail337',14,326,to_date('28-02-2019','DD-MM-YYYY'));
INSERT INTO MEDICAL_RECORD VALUES (338,'record_detail338',100,142,to_date('27-07-2016','DD-MM-YYYY'));
INSERT INTO MEDICAL_RECORD VALUES (339,'record_detail339',132,16,to_date('16-12-2011','DD-MM-YYYY'));
INSERT INTO MEDICAL_RECORD VALUES (340,'record_detail340',96,9,to_date('26-05-2018','DD-MM-YYYY'));
INSERT INTO MEDICAL_RECORD VALUES (341,'record_detail341',68,174,to_date('20-06-2017','DD-MM-YYYY'));
INSERT INTO MEDICAL_RECORD VALUES (342,'record_detail342',43,155,to_date('20-10-2019','DD-MM-YYYY'));
INSERT INTO MEDICAL_RECORD VALUES (343,'record_detail343',2,340,to_date('25-11-2019','DD-MM-YYYY'));
INSERT INTO MEDICAL_RECORD VALUES (344,'record_detail344',80,380,to_date('15-06-2019','DD-MM-YYYY'));
INSERT INTO MEDICAL_RECORD VALUES (345,'record_detail345',74,143,to_date('23-12-2013','DD-MM-YYYY'));
INSERT INTO MEDICAL_RECORD VALUES (346,'record_detail346',100,133,to_date('28-08-2017','DD-MM-YYYY'));
INSERT INTO MEDICAL_RECORD VALUES (347,'record_detail347',80,97,to_date('17-06-2017','DD-MM-YYYY'));
INSERT INTO MEDICAL_RECORD VALUES (348,'record_detail348',76,166,to_date('24-08-2012','DD-MM-YYYY'));
INSERT INTO MEDICAL_RECORD VALUES (349,'record_detail349',45,337,to_date('26-11-2011','DD-MM-YYYY'));
INSERT INTO MEDICAL_RECORD VALUES (350,'record_detail350',43,297,to_date('22-07-2011','DD-MM-YYYY'));
INSERT INTO MEDICAL_RECORD VALUES (351,'record_detail351',86,60,to_date('09-12-2013','DD-MM-YYYY'));
INSERT INTO MEDICAL_RECORD VALUES (352,'record_detail352',51,414,to_date('16-07-2014','DD-MM-YYYY'));
INSERT INTO MEDICAL_RECORD VALUES (353,'record_detail353',54,329,to_date('25-07-2018','DD-MM-YYYY'));
INSERT INTO MEDICAL_RECORD VALUES (354,'record_detail354',120,56,to_date('22-12-2017','DD-MM-YYYY'));
INSERT INTO MEDICAL_RECORD VALUES (355,'record_detail355',65,76,to_date('20-08-2014','DD-MM-YYYY'));
INSERT INTO MEDICAL_RECORD VALUES (356,'record_detail356',51,420,to_date('17-04-2020','DD-MM-YYYY'));
INSERT INTO MEDICAL_RECORD VALUES (357,'record_detail357',22,275,to_date('21-12-2014','DD-MM-YYYY'));
INSERT INTO MEDICAL_RECORD VALUES (358,'record_detail358',23,213,to_date('24-12-2008','DD-MM-YYYY'));
INSERT INTO MEDICAL_RECORD VALUES (359,'record_detail359',17,385,to_date('23-12-2018','DD-MM-YYYY'));
INSERT INTO MEDICAL_RECORD VALUES (360,'record_detail360',9,399,to_date('23-12-2014','DD-MM-YYYY'));
INSERT INTO MEDICAL_RECORD VALUES (361,'record_detail361',24,142,to_date('27-07-2016','DD-MM-YYYY'));
INSERT INTO MEDICAL_RECORD VALUES (362,'record_detail362',64,330,to_date('22-09-2019','DD-MM-YYYY'));
INSERT INTO MEDICAL_RECORD VALUES (363,'record_detail363',88,149,to_date('26-10-2014','DD-MM-YYYY'));
INSERT INTO MEDICAL_RECORD VALUES (364,'record_detail364',15,48,to_date('15-07-2014','DD-MM-YYYY'));
INSERT INTO MEDICAL_RECORD VALUES (365,'record_detail365',35,276,to_date('22-10-2016','DD-MM-YYYY'));
INSERT INTO MEDICAL_RECORD VALUES (366,'record_detail366',37,383,to_date('11-03-2018','DD-MM-YYYY'));
INSERT INTO MEDICAL_RECORD VALUES (367,'record_detail367',78,398,to_date('23-06-2018','DD-MM-YYYY'));
INSERT INTO MEDICAL_RECORD VALUES (368,'record_detail368',50,169,to_date('14-10-2017','DD-MM-YYYY'));
INSERT INTO MEDICAL_RECORD VALUES (369,'record_detail369',110,54,to_date('27-05-2016','DD-MM-YYYY'));
INSERT INTO MEDICAL_RECORD VALUES (370,'record_detail370',84,126,to_date('28-11-2014','DD-MM-YYYY'));
INSERT INTO MEDICAL_RECORD VALUES (371,'record_detail371',16,206,to_date('26-12-2017','DD-MM-YYYY'));
INSERT INTO MEDICAL_RECORD VALUES (372,'record_detail372',38,345,to_date('28-10-2017','DD-MM-YYYY'));
INSERT INTO MEDICAL_RECORD VALUES (373,'record_detail373',52,251,to_date('22-07-2008','DD-MM-YYYY'));
INSERT INTO MEDICAL_RECORD VALUES (374,'record_detail374',41,333,to_date('25-12-2019','DD-MM-YYYY'));
INSERT INTO MEDICAL_RECORD VALUES (375,'record_detail375',28,373,to_date('25-12-2011','DD-MM-YYYY'));
INSERT INTO MEDICAL_RECORD VALUES (376,'record_detail376',23,187,to_date('23-10-2017','DD-MM-YYYY'));
INSERT INTO MEDICAL_RECORD VALUES (377,'record_detail377',1,86,to_date('22-08-2017','DD-MM-YYYY'));
INSERT INTO MEDICAL_RECORD VALUES (378,'record_detail378',28,291,to_date('28-10-2014','DD-MM-YYYY'));
INSERT INTO MEDICAL_RECORD VALUES (379,'record_detail379',112,95,to_date('10-12-2011','DD-MM-YYYY'));
INSERT INTO MEDICAL_RECORD VALUES (380,'record_detail380',107,181,to_date('23-10-2013','DD-MM-YYYY'));
INSERT INTO MEDICAL_RECORD VALUES (381,'record_detail381',32,209,to_date('25-07-2019','DD-MM-YYYY'));
INSERT INTO MEDICAL_RECORD VALUES (382,'record_detail382',35,364,to_date('22-01-2015','DD-MM-YYYY'));
INSERT INTO MEDICAL_RECORD VALUES (383,'record_detail383',22,106,to_date('17-04-2017','DD-MM-YYYY'));
INSERT INTO MEDICAL_RECORD VALUES (384,'record_detail384',78,161,to_date('28-11-2012','DD-MM-YYYY'));
INSERT INTO MEDICAL_RECORD VALUES (385,'record_detail385',45,143,to_date('23-12-2013','DD-MM-YYYY'));
INSERT INTO MEDICAL_RECORD VALUES (386,'record_detail386',131,184,to_date('26-09-2019','DD-MM-YYYY'));
INSERT INTO MEDICAL_RECORD VALUES (387,'record_detail387',49,145,to_date('28-12-2015','DD-MM-YYYY'));
INSERT INTO MEDICAL_RECORD VALUES (388,'record_detail388',60,201,to_date('21-12-2019','DD-MM-YYYY'));
INSERT INTO MEDICAL_RECORD VALUES (389,'record_detail389',55,12,to_date('28-10-2013','DD-MM-YYYY'));
INSERT INTO MEDICAL_RECORD VALUES (390,'record_detail390',89,25,to_date('25-08-2008','DD-MM-YYYY'));
INSERT INTO MEDICAL_RECORD VALUES (391,'record_detail391',20,265,to_date('27-10-2019','DD-MM-YYYY'));
INSERT INTO MEDICAL_RECORD VALUES (392,'record_detail392',113,383,to_date('11-03-2018','DD-MM-YYYY'));
INSERT INTO MEDICAL_RECORD VALUES (393,'record_detail393',118,402,to_date('10-07-2009','DD-MM-YYYY'));
INSERT INTO MEDICAL_RECORD VALUES (394,'record_detail394',11,233,to_date('22-07-2017','DD-MM-YYYY'));
INSERT INTO MEDICAL_RECORD VALUES (395,'record_detail395',86,110,to_date('27-08-2019','DD-MM-YYYY'));
INSERT INTO MEDICAL_RECORD VALUES (396,'record_detail396',40,201,to_date('21-12-2019','DD-MM-YYYY'));
INSERT INTO MEDICAL_RECORD VALUES (397,'record_detail397',107,155,to_date('20-10-2019','DD-MM-YYYY'));
INSERT INTO MEDICAL_RECORD VALUES (398,'record_detail398',124,309,to_date('23-11-2013','DD-MM-YYYY'));
INSERT INTO MEDICAL_RECORD VALUES (399,'record_detail399',49,379,to_date('28-12-2017','DD-MM-YYYY'));
INSERT INTO MEDICAL_RECORD VALUES (400,'record_detail400',18,141,to_date('28-07-2015','DD-MM-YYYY'));
INSERT INTO MEDICAL_RECORD VALUES (401,'record_detail401',46,120,to_date('27-10-2011','DD-MM-YYYY'));
INSERT INTO MEDICAL_RECORD VALUES (402,'record_detail402',102,290,to_date('17-12-2017','DD-MM-YYYY'));
INSERT INTO MEDICAL_RECORD VALUES (403,'record_detail403',46,212,to_date('18-10-2013','DD-MM-YYYY'));
INSERT INTO MEDICAL_RECORD VALUES (404,'record_detail404',110,323,to_date('26-08-2017','DD-MM-YYYY'));
INSERT INTO MEDICAL_RECORD VALUES (405,'record_detail405',79,242,to_date('19-08-2014','DD-MM-YYYY'));
INSERT INTO MEDICAL_RECORD VALUES (406,'record_detail406',52,341,to_date('26-12-2012','DD-MM-YYYY'));
INSERT INTO MEDICAL_RECORD VALUES (407,'record_detail407',61,223,to_date('26-12-2015','DD-MM-YYYY'));
INSERT INTO MEDICAL_RECORD VALUES (408,'record_detail408',62,20,to_date('14-09-2018','DD-MM-YYYY'));
INSERT INTO MEDICAL_RECORD VALUES (409,'record_detail409',9,155,to_date('20-10-2019','DD-MM-YYYY'));
INSERT INTO MEDICAL_RECORD VALUES (410,'record_detail410',119,54,to_date('27-05-2016','DD-MM-YYYY'));
INSERT INTO MEDICAL_RECORD VALUES (411,'record_detail411',124,242,to_date('19-08-2014','DD-MM-YYYY'));
INSERT INTO MEDICAL_RECORD VALUES (412,'record_detail412',19,409,to_date('28-09-2015','DD-MM-YYYY'));
INSERT INTO MEDICAL_RECORD VALUES (413,'record_detail413',61,88,to_date('11-11-2017','DD-MM-YYYY'));
INSERT INTO MEDICAL_RECORD VALUES (414,'record_detail414',71,384,to_date('22-10-2012','DD-MM-YYYY'));
INSERT INTO MEDICAL_RECORD VALUES (415,'record_detail415',45,50,to_date('24-12-2017','DD-MM-YYYY'));
INSERT INTO MEDICAL_RECORD VALUES (416,'record_detail416',101,74,to_date('27-12-2013','DD-MM-YYYY'));
INSERT INTO MEDICAL_RECORD VALUES (417,'record_detail417',20,98,to_date('20-10-2010','DD-MM-YYYY'));
INSERT INTO MEDICAL_RECORD VALUES (418,'record_detail418',96,54,to_date('27-05-2016','DD-MM-YYYY'));
INSERT INTO MEDICAL_RECORD VALUES (419,'record_detail419',69,191,to_date('28-07-2011','DD-MM-YYYY'));
INSERT INTO MEDICAL_RECORD VALUES (420,'record_detail420',63,284,to_date('25-09-2019','DD-MM-YYYY'));
INSERT INTO MEDICAL_RECORD VALUES (421,'record_detail421',56,369,to_date('26-09-2016','DD-MM-YYYY'));
INSERT INTO MEDICAL_RECORD VALUES (422,'record_detail422',77,17,to_date('27-10-2015','DD-MM-YYYY'));
INSERT INTO MEDICAL_RECORD VALUES (423,'record_detail423',48,189,to_date('02-06-2016','DD-MM-YYYY'));
INSERT INTO MEDICAL_RECORD VALUES (424,'record_detail424',53,275,to_date('21-12-2014','DD-MM-YYYY'));
INSERT INTO MEDICAL_RECORD VALUES (425,'record_detail425',70,318,to_date('26-10-2013','DD-MM-YYYY'));
INSERT INTO MEDICAL_RECORD VALUES (426,'record_detail426',92,394,to_date('05-07-2019','DD-MM-YYYY'));
INSERT INTO MEDICAL_RECORD VALUES (427,'record_detail427',58,202,to_date('27-07-2016','DD-MM-YYYY'));
INSERT INTO MEDICAL_RECORD VALUES (428,'record_detail428',36,376,to_date('17-11-2019','DD-MM-YYYY'));
INSERT INTO MEDICAL_RECORD VALUES (429,'record_detail429',5,94,to_date('27-11-2012','DD-MM-YYYY'));
INSERT INTO MEDICAL_RECORD VALUES (430,'record_detail430',125,215,to_date('25-06-2017','DD-MM-YYYY'));
INSERT INTO MEDICAL_RECORD VALUES (431,'record_detail431',79,347,to_date('15-09-2019','DD-MM-YYYY'));
INSERT INTO MEDICAL_RECORD VALUES (432,'record_detail432',50,393,to_date('14-05-2019','DD-MM-YYYY'));
INSERT INTO MEDICAL_RECORD VALUES (433,'record_detail433',55,151,to_date('22-11-2019','DD-MM-YYYY'));
INSERT INTO MEDICAL_RECORD VALUES (434,'record_detail434',43,321,to_date('20-09-2019','DD-MM-YYYY'));
INSERT INTO MEDICAL_RECORD VALUES (435,'record_detail435',76,161,to_date('28-11-2012','DD-MM-YYYY'));
INSERT INTO MEDICAL_RECORD VALUES (436,'record_detail436',113,354,to_date('22-06-2015','DD-MM-YYYY'));
INSERT INTO MEDICAL_RECORD VALUES (437,'record_detail437',70,116,to_date('28-09-2019','DD-MM-YYYY'));
INSERT INTO MEDICAL_RECORD VALUES (438,'record_detail438',71,321,to_date('20-09-2019','DD-MM-YYYY'));
INSERT INTO MEDICAL_RECORD VALUES (439,'record_detail439',74,407,to_date('21-12-2017','DD-MM-YYYY'));
INSERT INTO MEDICAL_RECORD VALUES (440,'record_detail440',55,229,to_date('23-05-2019','DD-MM-YYYY'));
INSERT INTO MEDICAL_RECORD VALUES (441,'record_detail441',90,103,to_date('22-10-2013','DD-MM-YYYY'));
INSERT INTO MEDICAL_RECORD VALUES (442,'record_detail442',79,373,to_date('25-12-2011','DD-MM-YYYY'));
INSERT INTO MEDICAL_RECORD VALUES (443,'record_detail443',79,167,to_date('26-12-2018','DD-MM-YYYY'));
INSERT INTO MEDICAL_RECORD VALUES (444,'record_detail444',85,149,to_date('26-10-2014','DD-MM-YYYY'));
INSERT INTO MEDICAL_RECORD VALUES (445,'record_detail445',117,296,to_date('19-12-2019','DD-MM-YYYY'));
INSERT INTO MEDICAL_RECORD VALUES (446,'record_detail446',20,418,to_date('19-12-2020','DD-MM-YYYY'));
INSERT INTO MEDICAL_RECORD VALUES (447,'record_detail447',34,223,to_date('26-12-2015','DD-MM-YYYY'));
INSERT INTO MEDICAL_RECORD VALUES (448,'record_detail448',76,120,to_date('27-10-2011','DD-MM-YYYY'));
INSERT INTO MEDICAL_RECORD VALUES (449,'record_detail449',108,245,to_date('25-08-2013','DD-MM-YYYY'));
INSERT INTO MEDICAL_RECORD VALUES (450,'record_detail450',81,315,to_date('28-05-2017','DD-MM-YYYY'));
INSERT INTO MEDICAL_RECORD VALUES (451,'record_detail451',67,241,to_date('28-12-2018','DD-MM-YYYY'));
INSERT INTO MEDICAL_RECORD VALUES (452,'record_detail452',46,111,to_date('27-11-2019','DD-MM-YYYY'));
INSERT INTO MEDICAL_RECORD VALUES (453,'record_detail453',4,418,to_date('19-12-2020','DD-MM-YYYY'));
INSERT INTO MEDICAL_RECORD VALUES (454,'record_detail454',85,353,to_date('21-09-2018','DD-MM-YYYY'));
INSERT INTO MEDICAL_RECORD VALUES (455,'record_detail455',98,282,to_date('20-10-2018','DD-MM-YYYY'));
INSERT INTO MEDICAL_RECORD VALUES (456,'record_detail456',129,393,to_date('14-05-2019','DD-MM-YYYY'));
INSERT INTO MEDICAL_RECORD VALUES (457,'record_detail457',43,215,to_date('25-06-2017','DD-MM-YYYY'));
INSERT INTO MEDICAL_RECORD VALUES (458,'record_detail458',5,329,to_date('25-07-2018','DD-MM-YYYY'));
INSERT INTO MEDICAL_RECORD VALUES (459,'record_detail459',36,332,to_date('19-03-2017','DD-MM-YYYY'));
INSERT INTO MEDICAL_RECORD VALUES (460,'record_detail460',34,273,to_date('28-06-2018','DD-MM-YYYY'));
INSERT INTO MEDICAL_RECORD VALUES (461,'record_detail461',99,31,to_date('23-11-2011','DD-MM-YYYY'));
INSERT INTO MEDICAL_RECORD VALUES (462,'record_detail462',69,249,to_date('27-06-2011','DD-MM-YYYY'));
INSERT INTO MEDICAL_RECORD VALUES (463,'record_detail463',38,409,to_date('28-09-2015','DD-MM-YYYY'));
INSERT INTO MEDICAL_RECORD VALUES (464,'record_detail464',101,225,to_date('27-03-2017','DD-MM-YYYY'));
INSERT INTO MEDICAL_RECORD VALUES (465,'record_detail465',72,57,to_date('04-09-2019','DD-MM-YYYY'));
INSERT INTO MEDICAL_RECORD VALUES (466,'record_detail466',6,403,to_date('25-11-2016','DD-MM-YYYY'));
INSERT INTO MEDICAL_RECORD VALUES (467,'record_detail467',111,169,to_date('14-10-2017','DD-MM-YYYY'));
INSERT INTO MEDICAL_RECORD VALUES (468,'record_detail468',51,197,to_date('25-05-2016','DD-MM-YYYY'));
INSERT INTO MEDICAL_RECORD VALUES (469,'record_detail469',34,166,to_date('24-08-2012','DD-MM-YYYY'));
INSERT INTO MEDICAL_RECORD VALUES (470,'record_detail470',107,40,to_date('13-08-2016','DD-MM-YYYY'));
INSERT INTO MEDICAL_RECORD VALUES (471,'record_detail471',52,205,to_date('26-10-2015','DD-MM-YYYY'));
INSERT INTO MEDICAL_RECORD VALUES (472,'record_detail472',83,109,to_date('25-12-2017','DD-MM-YYYY'));
INSERT INTO MEDICAL_RECORD VALUES (473,'record_detail473',65,242,to_date('19-08-2014','DD-MM-YYYY'));
INSERT INTO MEDICAL_RECORD VALUES (474,'record_detail474',33,265,to_date('27-10-2019','DD-MM-YYYY'));
INSERT INTO MEDICAL_RECORD VALUES (475,'record_detail475',39,400,to_date('08-10-2015','DD-MM-YYYY'));
INSERT INTO MEDICAL_RECORD VALUES (476,'record_detail476',59,240,to_date('28-12-2014','DD-MM-YYYY'));
INSERT INTO MEDICAL_RECORD VALUES (477,'record_detail477',59,396,to_date('25-07-2015','DD-MM-YYYY'));
INSERT INTO MEDICAL_RECORD VALUES (478,'record_detail478',6,68,to_date('27-08-2015','DD-MM-YYYY'));
INSERT INTO MEDICAL_RECORD VALUES (479,'record_detail479',35,61,to_date('12-02-2010','DD-MM-YYYY'));
INSERT INTO MEDICAL_RECORD VALUES (480,'record_detail480',124,53,to_date('28-04-2016','DD-MM-YYYY'));
INSERT INTO MEDICAL_RECORD VALUES (481,'record_detail481',120,55,to_date('26-10-2019','DD-MM-YYYY'));
INSERT INTO MEDICAL_RECORD VALUES (482,'record_detail482',117,400,to_date('08-10-2015','DD-MM-YYYY'));
INSERT INTO MEDICAL_RECORD VALUES (483,'record_detail483',67,405,to_date('23-07-2018','DD-MM-YYYY'));
INSERT INTO MEDICAL_RECORD VALUES (484,'record_detail484',93,168,to_date('21-12-2016','DD-MM-YYYY'));
INSERT INTO MEDICAL_RECORD VALUES (485,'record_detail485',15,151,to_date('22-11-2019','DD-MM-YYYY'));
INSERT INTO MEDICAL_RECORD VALUES (486,'record_detail486',121,273,to_date('28-06-2018','DD-MM-YYYY'));
INSERT INTO MEDICAL_RECORD VALUES (487,'record_detail487',47,120,to_date('27-10-2011','DD-MM-YYYY'));
INSERT INTO MEDICAL_RECORD VALUES (488,'record_detail488',65,348,to_date('17-11-2019','DD-MM-YYYY'));
INSERT INTO MEDICAL_RECORD VALUES (489,'record_detail489',54,16,to_date('16-12-2011','DD-MM-YYYY'));
INSERT INTO MEDICAL_RECORD VALUES (490,'record_detail490',51,160,to_date('16-08-2017','DD-MM-YYYY'));
INSERT INTO MEDICAL_RECORD VALUES (491,'record_detail491',102,220,to_date('04-05-2018','DD-MM-YYYY'));
INSERT INTO MEDICAL_RECORD VALUES (492,'record_detail492',126,257,to_date('21-08-2016','DD-MM-YYYY'));
INSERT INTO MEDICAL_RECORD VALUES (493,'record_detail493',13,325,to_date('22-10-2014','DD-MM-YYYY'));
INSERT INTO MEDICAL_RECORD VALUES (494,'record_detail494',37,330,to_date('22-09-2019','DD-MM-YYYY'));
INSERT INTO MEDICAL_RECORD VALUES (495,'record_detail495',82,425,to_date('28-12-2013','DD-MM-YYYY'));
INSERT INTO MEDICAL_RECORD VALUES (496,'record_detail496',124,295,to_date('24-11-2019','DD-MM-YYYY'));
INSERT INTO MEDICAL_RECORD VALUES (497,'record_detail497',4,15,to_date('14-10-2014','DD-MM-YYYY'));
INSERT INTO MEDICAL_RECORD VALUES (498,'record_detail498',75,150,to_date('17-04-2014','DD-MM-YYYY'));
INSERT INTO MEDICAL_RECORD VALUES (499,'record_detail499',42,373,to_date('25-12-2011','DD-MM-YYYY'));
INSERT INTO MEDICAL_RECORD VALUES (500,'record_detail500',89,128,to_date('24-12-2016','DD-MM-YYYY'));
INSERT INTO MEDICAL_RECORD VALUES (501,'record_detail501',66,164,to_date('21-12-2018','DD-MM-YYYY'));
INSERT INTO MEDICAL_RECORD VALUES (502,'record_detail502',125,32,to_date('05-12-2012','DD-MM-YYYY'));
INSERT INTO MEDICAL_RECORD VALUES (503,'record_detail503',67,258,to_date('23-10-2010','DD-MM-YYYY'));
INSERT INTO MEDICAL_RECORD VALUES (504,'record_detail504',10,20,to_date('14-09-2018','DD-MM-YYYY'));
INSERT INTO MEDICAL_RECORD VALUES (505,'record_detail505',69,133,to_date('28-08-2017','DD-MM-YYYY'));
INSERT INTO MEDICAL_RECORD VALUES (506,'record_detail506',21,305,to_date('23-11-2018','DD-MM-YYYY'));
INSERT INTO MEDICAL_RECORD VALUES (507,'record_detail507',84,360,to_date('24-11-2012','DD-MM-YYYY'));
INSERT INTO MEDICAL_RECORD VALUES (508,'record_detail508',24,271,to_date('24-08-2018','DD-MM-YYYY'));
INSERT INTO MEDICAL_RECORD VALUES (509,'record_detail509',64,126,to_date('28-11-2014','DD-MM-YYYY'));
INSERT INTO MEDICAL_RECORD VALUES (510,'record_detail510',114,126,to_date('28-11-2014','DD-MM-YYYY'));
INSERT INTO MEDICAL_RECORD VALUES (511,'record_detail511',47,416,to_date('27-09-2011','DD-MM-YYYY'));
INSERT INTO MEDICAL_RECORD VALUES (512,'record_detail512',47,192,to_date('17-12-2017','DD-MM-YYYY'));
INSERT INTO MEDICAL_RECORD VALUES (513,'record_detail513',42,231,to_date('28-07-2015','DD-MM-YYYY'));
INSERT INTO MEDICAL_RECORD VALUES (514,'record_detail514',102,210,to_date('26-08-2013','DD-MM-YYYY'));
INSERT INTO MEDICAL_RECORD VALUES (515,'record_detail515',45,308,to_date('28-09-2019','DD-MM-YYYY'));
INSERT INTO MEDICAL_RECORD VALUES (516,'record_detail516',107,295,to_date('24-11-2019','DD-MM-YYYY'));
INSERT INTO MEDICAL_RECORD VALUES (517,'record_detail517',92,82,to_date('15-12-2019','DD-MM-YYYY'));
INSERT INTO MEDICAL_RECORD VALUES (518,'record_detail518',92,135,to_date('23-12-2019','DD-MM-YYYY'));
INSERT INTO MEDICAL_RECORD VALUES (519,'record_detail519',7,164,to_date('21-12-2018','DD-MM-YYYY'));
INSERT INTO MEDICAL_RECORD VALUES (520,'record_detail520',47,33,to_date('20-10-2014','DD-MM-YYYY'));
INSERT INTO MEDICAL_RECORD VALUES (521,'record_detail521',119,297,to_date('22-07-2011','DD-MM-YYYY'));
INSERT INTO MEDICAL_RECORD VALUES (522,'record_detail522',47,241,to_date('28-12-2018','DD-MM-YYYY'));
INSERT INTO MEDICAL_RECORD VALUES (523,'record_detail523',47,121,to_date('28-12-2015','DD-MM-YYYY'));
INSERT INTO MEDICAL_RECORD VALUES (524,'record_detail524',38,174,to_date('20-06-2017','DD-MM-YYYY'));
INSERT INTO MEDICAL_RECORD VALUES (525,'record_detail525',104,180,to_date('22-03-2015','DD-MM-YYYY'));
INSERT INTO MEDICAL_RECORD VALUES (526,'record_detail526',91,237,to_date('27-03-2017','DD-MM-YYYY'));
INSERT INTO MEDICAL_RECORD VALUES (527,'record_detail527',99,96,to_date('25-11-2019','DD-MM-YYYY'));
INSERT INTO MEDICAL_RECORD VALUES (528,'record_detail528',61,312,to_date('28-11-2014','DD-MM-YYYY'));
INSERT INTO MEDICAL_RECORD VALUES (529,'record_detail529',27,97,to_date('17-06-2017','DD-MM-YYYY'));
INSERT INTO MEDICAL_RECORD VALUES (530,'record_detail530',47,57,to_date('04-09-2019','DD-MM-YYYY'));
INSERT INTO MEDICAL_RECORD VALUES (531,'record_detail531',111,138,to_date('17-12-2016','DD-MM-YYYY'));
INSERT INTO MEDICAL_RECORD VALUES (532,'record_detail532',34,362,to_date('28-11-2011','DD-MM-YYYY'));
INSERT INTO MEDICAL_RECORD VALUES (533,'record_detail533',54,57,to_date('04-09-2019','DD-MM-YYYY'));
INSERT INTO MEDICAL_RECORD VALUES (534,'record_detail534',12,46,to_date('27-12-2015','DD-MM-YYYY'));
INSERT INTO MEDICAL_RECORD VALUES (535,'record_detail535',105,156,to_date('27-07-2010','DD-MM-YYYY'));
INSERT INTO MEDICAL_RECORD VALUES (536,'record_detail536',30,262,to_date('24-09-2019','DD-MM-YYYY'));
INSERT INTO MEDICAL_RECORD VALUES (537,'record_detail537',21,59,to_date('21-12-2007','DD-MM-YYYY'));
INSERT INTO MEDICAL_RECORD VALUES (538,'record_detail538',118,251,to_date('22-07-2008','DD-MM-YYYY'));
INSERT INTO MEDICAL_RECORD VALUES (539,'record_detail539',88,373,to_date('25-12-2011','DD-MM-YYYY'));
INSERT INTO MEDICAL_RECORD VALUES (540,'record_detail540',55,140,to_date('21-04-2018','DD-MM-YYYY'));
INSERT INTO MEDICAL_RECORD VALUES (541,'record_detail541',14,13,to_date('28-12-2019','DD-MM-YYYY'));
INSERT INTO MEDICAL_RECORD VALUES (542,'record_detail542',80,352,to_date('04-05-2017','DD-MM-YYYY'));
INSERT INTO MEDICAL_RECORD VALUES (543,'record_detail543',119,115,to_date('28-12-2018','DD-MM-YYYY'));
INSERT INTO MEDICAL_RECORD VALUES (544,'record_detail544',14,367,to_date('19-12-2019','DD-MM-YYYY'));
INSERT INTO MEDICAL_RECORD VALUES (545,'record_detail545',43,352,to_date('04-05-2017','DD-MM-YYYY'));
INSERT INTO MEDICAL_RECORD VALUES (546,'record_detail546',109,411,to_date('19-08-2018','DD-MM-YYYY'));
INSERT INTO MEDICAL_RECORD VALUES (547,'record_detail547',110,32,to_date('05-12-2012','DD-MM-YYYY'));
INSERT INTO MEDICAL_RECORD VALUES (548,'record_detail548',108,138,to_date('17-12-2016','DD-MM-YYYY'));
INSERT INTO MEDICAL_RECORD VALUES (549,'record_detail549',32,366,to_date('17-12-2019','DD-MM-YYYY'));
INSERT INTO MEDICAL_RECORD VALUES (550,'record_detail550',49,330,to_date('22-09-2019','DD-MM-YYYY'));
INSERT INTO MEDICAL_RECORD VALUES (551,'record_detail551',14,177,to_date('25-12-2019','DD-MM-YYYY'));
INSERT INTO MEDICAL_RECORD VALUES (552,'record_detail552',39,259,to_date('12-04-2019','DD-MM-YYYY'));
INSERT INTO MEDICAL_RECORD VALUES (553,'record_detail553',96,365,to_date('21-10-2019','DD-MM-YYYY'));
INSERT INTO MEDICAL_RECORD VALUES (554,'record_detail554',4,427,to_date('23-12-2017','DD-MM-YYYY'));
INSERT INTO MEDICAL_RECORD VALUES (555,'record_detail555',69,178,to_date('25-12-2019','DD-MM-YYYY'));
INSERT INTO MEDICAL_RECORD VALUES (556,'record_detail556',128,136,to_date('12-09-2010','DD-MM-YYYY'));
INSERT INTO MEDICAL_RECORD VALUES (557,'record_detail557',77,341,to_date('26-12-2012','DD-MM-YYYY'));
INSERT INTO MEDICAL_RECORD VALUES (558,'record_detail558',75,346,to_date('09-11-2016','DD-MM-YYYY'));
INSERT INTO MEDICAL_RECORD VALUES (559,'record_detail559',101,272,to_date('23-08-2018','DD-MM-YYYY'));
INSERT INTO MEDICAL_RECORD VALUES (560,'record_detail560',128,352,to_date('04-05-2017','DD-MM-YYYY'));
INSERT INTO MEDICAL_RECORD VALUES (561,'record_detail561',28,157,to_date('26-09-2017','DD-MM-YYYY'));
INSERT INTO MEDICAL_RECORD VALUES (562,'record_detail562',96,340,to_date('25-11-2019','DD-MM-YYYY'));
INSERT INTO MEDICAL_RECORD VALUES (563,'record_detail563',69,76,to_date('20-08-2014','DD-MM-YYYY'));
INSERT INTO MEDICAL_RECORD VALUES (564,'record_detail564',65,239,to_date('28-12-2018','DD-MM-YYYY'));
INSERT INTO MEDICAL_RECORD VALUES (565,'record_detail565',96,281,to_date('19-10-2018','DD-MM-YYYY'));
INSERT INTO MEDICAL_RECORD VALUES (566,'record_detail566',122,75,to_date('22-09-2012','DD-MM-YYYY'));
INSERT INTO MEDICAL_RECORD VALUES (567,'record_detail567',20,308,to_date('28-09-2019','DD-MM-YYYY'));
INSERT INTO MEDICAL_RECORD VALUES (568,'record_detail568',110,409,to_date('28-09-2015','DD-MM-YYYY'));
INSERT INTO MEDICAL_RECORD VALUES (569,'record_detail569',73,309,to_date('23-11-2013','DD-MM-YYYY'));
INSERT INTO MEDICAL_RECORD VALUES (570,'record_detail570',49,51,to_date('28-07-2019','DD-MM-YYYY'));
INSERT INTO MEDICAL_RECORD VALUES (571,'record_detail571',114,114,to_date('27-06-2015','DD-MM-YYYY'));
INSERT INTO MEDICAL_RECORD VALUES (572,'record_detail572',27,303,to_date('15-08-2018','DD-MM-YYYY'));
INSERT INTO MEDICAL_RECORD VALUES (573,'record_detail573',82,121,to_date('28-12-2015','DD-MM-YYYY'));
INSERT INTO MEDICAL_RECORD VALUES (574,'record_detail574',41,138,to_date('17-12-2016','DD-MM-YYYY'));
INSERT INTO MEDICAL_RECORD VALUES (575,'record_detail575',10,303,to_date('15-08-2018','DD-MM-YYYY'));
INSERT INTO MEDICAL_RECORD VALUES (576,'record_detail576',89,412,to_date('21-12-2015','DD-MM-YYYY'));
INSERT INTO MEDICAL_RECORD VALUES (577,'record_detail577',45,218,to_date('27-09-2019','DD-MM-YYYY'));
INSERT INTO MEDICAL_RECORD VALUES (578,'record_detail578',5,422,to_date('28-08-2013','DD-MM-YYYY'));
INSERT INTO MEDICAL_RECORD VALUES (579,'record_detail579',99,379,to_date('28-12-2017','DD-MM-YYYY'));
INSERT INTO MEDICAL_RECORD VALUES (580,'record_detail580',119,353,to_date('21-09-2018','DD-MM-YYYY'));
INSERT INTO MEDICAL_RECORD VALUES (581,'record_detail581',93,58,to_date('24-08-2013','DD-MM-YYYY'));
INSERT INTO MEDICAL_RECORD VALUES (582,'record_detail582',51,9,to_date('26-05-2018','DD-MM-YYYY'));
INSERT INTO MEDICAL_RECORD VALUES (583,'record_detail583',112,54,to_date('27-05-2016','DD-MM-YYYY'));
INSERT INTO MEDICAL_RECORD VALUES (584,'record_detail584',116,347,to_date('15-09-2019','DD-MM-YYYY'));
INSERT INTO MEDICAL_RECORD VALUES (585,'record_detail585',31,264,to_date('25-07-2017','DD-MM-YYYY'));
INSERT INTO MEDICAL_RECORD VALUES (586,'record_detail586',9,205,to_date('26-10-2015','DD-MM-YYYY'));
INSERT INTO MEDICAL_RECORD VALUES (587,'record_detail587',12,71,to_date('23-12-2011','DD-MM-YYYY'));
INSERT INTO MEDICAL_RECORD VALUES (588,'record_detail588',28,180,to_date('22-03-2015','DD-MM-YYYY'));
INSERT INTO MEDICAL_RECORD VALUES (589,'record_detail589',31,413,to_date('28-12-2018','DD-MM-YYYY'));
INSERT INTO MEDICAL_RECORD VALUES (590,'record_detail590',13,23,to_date('19-12-2010','DD-MM-YYYY'));
INSERT INTO MEDICAL_RECORD VALUES (591,'record_detail591',33,178,to_date('25-12-2019','DD-MM-YYYY'));
INSERT INTO MEDICAL_RECORD VALUES (592,'record_detail592',55,251,to_date('22-07-2008','DD-MM-YYYY'));
INSERT INTO MEDICAL_RECORD VALUES (593,'record_detail593',108,132,to_date('13-08-2012','DD-MM-YYYY'));
INSERT INTO MEDICAL_RECORD VALUES (594,'record_detail594',40,111,to_date('27-11-2019','DD-MM-YYYY'));
INSERT INTO MEDICAL_RECORD VALUES (595,'record_detail595',33,371,to_date('27-12-2016','DD-MM-YYYY'));
INSERT INTO MEDICAL_RECORD VALUES (596,'record_detail596',84,393,to_date('14-05-2019','DD-MM-YYYY'));
INSERT INTO MEDICAL_RECORD VALUES (597,'record_detail597',24,319,to_date('23-11-2018','DD-MM-YYYY'));
INSERT INTO MEDICAL_RECORD VALUES (598,'record_detail598',56,115,to_date('28-12-2018','DD-MM-YYYY'));
INSERT INTO MEDICAL_RECORD VALUES (599,'record_detail599',88,287,to_date('14-11-2019','DD-MM-YYYY'));
INSERT INTO MEDICAL_RECORD VALUES (600,'record_detail600',75,424,to_date('23-11-2017','DD-MM-YYYY'));
INSERT INTO MEDICAL_RECORD VALUES (601,'record_detail601',70,317,to_date('17-12-2018','DD-MM-YYYY'));
INSERT INTO MEDICAL_RECORD VALUES (602,'record_detail602',95,341,to_date('26-12-2012','DD-MM-YYYY'));
INSERT INTO MEDICAL_RECORD VALUES (603,'record_detail603',77,141,to_date('28-07-2015','DD-MM-YYYY'));
INSERT INTO MEDICAL_RECORD VALUES (604,'record_detail604',3,411,to_date('19-08-2018','DD-MM-YYYY'));
INSERT INTO MEDICAL_RECORD VALUES (605,'record_detail605',68,385,to_date('23-12-2018','DD-MM-YYYY'));
INSERT INTO MEDICAL_RECORD VALUES (606,'record_detail606',97,109,to_date('25-12-2017','DD-MM-YYYY'));
INSERT INTO MEDICAL_RECORD VALUES (607,'record_detail607',69,152,to_date('16-12-2012','DD-MM-YYYY'));
INSERT INTO MEDICAL_RECORD VALUES (608,'record_detail608',54,144,to_date('22-10-2014','DD-MM-YYYY'));
INSERT INTO MEDICAL_RECORD VALUES (609,'record_detail609',130,136,to_date('12-09-2010','DD-MM-YYYY'));
INSERT INTO MEDICAL_RECORD VALUES (610,'record_detail610',88,341,to_date('26-12-2012','DD-MM-YYYY'));
INSERT INTO MEDICAL_RECORD VALUES (611,'record_detail611',75,315,to_date('28-05-2017','DD-MM-YYYY'));
INSERT INTO MEDICAL_RECORD VALUES (612,'record_detail612',5,93,to_date('28-02-2015','DD-MM-YYYY'));
INSERT INTO MEDICAL_RECORD VALUES (613,'record_detail613',35,111,to_date('27-11-2019','DD-MM-YYYY'));
INSERT INTO MEDICAL_RECORD VALUES (614,'record_detail614',20,216,to_date('19-12-2011','DD-MM-YYYY'));
INSERT INTO MEDICAL_RECORD VALUES (615,'record_detail615',75,54,to_date('27-05-2016','DD-MM-YYYY'));
INSERT INTO MEDICAL_RECORD VALUES (616,'record_detail616',55,248,to_date('17-06-2018','DD-MM-YYYY'));
INSERT INTO MEDICAL_RECORD VALUES (617,'record_detail617',25,359,to_date('12-12-2014','DD-MM-YYYY'));
INSERT INTO MEDICAL_RECORD VALUES (618,'record_detail618',89,316,to_date('21-09-2014','DD-MM-YYYY'));
INSERT INTO MEDICAL_RECORD VALUES (619,'record_detail619',53,27,to_date('28-10-2012','DD-MM-YYYY'));
INSERT INTO MEDICAL_RECORD VALUES (620,'record_detail620',106,419,to_date('18-11-2020','DD-MM-YYYY'));
INSERT INTO MEDICAL_RECORD VALUES (621,'record_detail621',126,239,to_date('28-12-2018','DD-MM-YYYY'));
INSERT INTO MEDICAL_RECORD VALUES (622,'record_detail622',10,161,to_date('28-11-2012','DD-MM-YYYY'));
INSERT INTO MEDICAL_RECORD VALUES (623,'record_detail623',124,57,to_date('04-09-2019','DD-MM-YYYY'));
INSERT INTO MEDICAL_RECORD VALUES (624,'record_detail624',60,10,to_date('25-06-2016','DD-MM-YYYY'));
INSERT INTO MEDICAL_RECORD VALUES (625,'record_detail625',63,221,to_date('28-08-2014','DD-MM-YYYY'));
INSERT INTO MEDICAL_RECORD VALUES (626,'record_detail626',86,48,to_date('15-07-2014','DD-MM-YYYY'));
INSERT INTO MEDICAL_RECORD VALUES (627,'record_detail627',110,297,to_date('22-07-2011','DD-MM-YYYY'));
INSERT INTO MEDICAL_RECORD VALUES (628,'record_detail628',59,202,to_date('27-07-2016','DD-MM-YYYY'));
INSERT INTO MEDICAL_RECORD VALUES (629,'record_detail629',19,303,to_date('15-08-2018','DD-MM-YYYY'));
INSERT INTO MEDICAL_RECORD VALUES (630,'record_detail630',101,25,to_date('25-08-2008','DD-MM-YYYY'));
INSERT INTO MEDICAL_RECORD VALUES (631,'record_detail631',94,5,to_date('08-10-2017','DD-MM-YYYY'));
INSERT INTO MEDICAL_RECORD VALUES (632,'record_detail632',44,232,to_date('23-10-2015','DD-MM-YYYY'));
INSERT INTO MEDICAL_RECORD VALUES (633,'record_detail633',37,372,to_date('27-11-2015','DD-MM-YYYY'));
INSERT INTO MEDICAL_RECORD VALUES (634,'record_detail634',39,62,to_date('19-08-2016','DD-MM-YYYY'));
INSERT INTO MEDICAL_RECORD VALUES (635,'record_detail635',99,191,to_date('28-07-2011','DD-MM-YYYY'));
INSERT INTO MEDICAL_RECORD VALUES (636,'record_detail636',115,396,to_date('25-07-2015','DD-MM-YYYY'));
INSERT INTO MEDICAL_RECORD VALUES (637,'record_detail637',52,152,to_date('16-12-2012','DD-MM-YYYY'));
INSERT INTO MEDICAL_RECORD VALUES (638,'record_detail638',79,247,to_date('27-12-2016','DD-MM-YYYY'));
INSERT INTO MEDICAL_RECORD VALUES (639,'record_detail639',128,310,to_date('24-11-2016','DD-MM-YYYY'));
INSERT INTO MEDICAL_RECORD VALUES (640,'record_detail640',101,29,to_date('28-11-2013','DD-MM-YYYY'));
INSERT INTO MEDICAL_RECORD VALUES (641,'record_detail641',95,284,to_date('25-09-2019','DD-MM-YYYY'));
INSERT INTO MEDICAL_RECORD VALUES (642,'record_detail642',89,197,to_date('25-05-2016','DD-MM-YYYY'));
INSERT INTO MEDICAL_RECORD VALUES (643,'record_detail643',27,402,to_date('10-07-2009','DD-MM-YYYY'));
INSERT INTO MEDICAL_RECORD VALUES (644,'record_detail644',122,44,to_date('28-12-2010','DD-MM-YYYY'));
INSERT INTO MEDICAL_RECORD VALUES (645,'record_detail645',109,53,to_date('28-04-2016','DD-MM-YYYY'));
INSERT INTO MEDICAL_RECORD VALUES (646,'record_detail646',71,392,to_date('21-12-2019','DD-MM-YYYY'));
INSERT INTO MEDICAL_RECORD VALUES (647,'record_detail647',1,178,to_date('25-12-2019','DD-MM-YYYY'));
INSERT INTO MEDICAL_RECORD VALUES (648,'record_detail648',113,366,to_date('17-12-2019','DD-MM-YYYY'));
INSERT INTO MEDICAL_RECORD VALUES (649,'record_detail649',35,323,to_date('26-08-2017','DD-MM-YYYY'));
INSERT INTO MEDICAL_RECORD VALUES (650,'record_detail650',46,162,to_date('09-06-2018','DD-MM-YYYY'));
INSERT INTO MEDICAL_RECORD VALUES (651,'record_detail651',98,194,to_date('18-05-2014','DD-MM-YYYY'));
INSERT INTO MEDICAL_RECORD VALUES (652,'record_detail652',89,177,to_date('25-12-2019','DD-MM-YYYY'));
INSERT INTO MEDICAL_RECORD VALUES (653,'record_detail653',22,57,to_date('04-09-2019','DD-MM-YYYY'));
INSERT INTO MEDICAL_RECORD VALUES (654,'record_detail654',83,44,to_date('28-12-2010','DD-MM-YYYY'));
INSERT INTO MEDICAL_RECORD VALUES (655,'record_detail655',106,283,to_date('22-07-2010','DD-MM-YYYY'));
INSERT INTO MEDICAL_RECORD VALUES (656,'record_detail656',40,382,to_date('26-08-2016','DD-MM-YYYY'));
INSERT INTO MEDICAL_RECORD VALUES (657,'record_detail657',7,251,to_date('22-07-2008','DD-MM-YYYY'));
INSERT INTO MEDICAL_RECORD VALUES (658,'record_detail658',5,5,to_date('08-10-2017','DD-MM-YYYY'));
INSERT INTO MEDICAL_RECORD VALUES (659,'record_detail659',119,331,to_date('22-09-2014','DD-MM-YYYY'));
INSERT INTO MEDICAL_RECORD VALUES (660,'record_detail660',128,241,to_date('28-12-2018','DD-MM-YYYY'));
INSERT INTO MEDICAL_RECORD VALUES (661,'record_detail661',91,365,to_date('21-10-2019','DD-MM-YYYY'));
INSERT INTO MEDICAL_RECORD VALUES (662,'record_detail662',93,185,to_date('20-07-2018','DD-MM-YYYY'));
INSERT INTO MEDICAL_RECORD VALUES (663,'record_detail663',118,199,to_date('10-07-2017','DD-MM-YYYY'));
INSERT INTO MEDICAL_RECORD VALUES (664,'record_detail664',118,303,to_date('15-08-2018','DD-MM-YYYY'));
INSERT INTO MEDICAL_RECORD VALUES (665,'record_detail665',118,323,to_date('26-08-2017','DD-MM-YYYY'));
INSERT INTO MEDICAL_RECORD VALUES (666,'record_detail666',43,82,to_date('15-12-2019','DD-MM-YYYY'));
INSERT INTO MEDICAL_RECORD VALUES (667,'record_detail667',25,265,to_date('27-10-2019','DD-MM-YYYY'));
INSERT INTO MEDICAL_RECORD VALUES (668,'record_detail668',11,32,to_date('05-12-2012','DD-MM-YYYY'));
INSERT INTO MEDICAL_RECORD VALUES (669,'record_detail669',90,190,to_date('27-05-2019','DD-MM-YYYY'));
INSERT INTO MEDICAL_RECORD VALUES (670,'record_detail670',26,161,to_date('28-11-2012','DD-MM-YYYY'));
INSERT INTO MEDICAL_RECORD VALUES (671,'record_detail671',75,357,to_date('27-06-2018','DD-MM-YYYY'));
INSERT INTO MEDICAL_RECORD VALUES (672,'record_detail672',28,34,to_date('28-07-2019','DD-MM-YYYY'));
INSERT INTO MEDICAL_RECORD VALUES (673,'record_detail673',27,13,to_date('28-12-2019','DD-MM-YYYY'));
INSERT INTO MEDICAL_RECORD VALUES (674,'record_detail674',18,406,to_date('26-08-2019','DD-MM-YYYY'));
INSERT INTO MEDICAL_RECORD VALUES (675,'record_detail675',49,184,to_date('26-09-2019','DD-MM-YYYY'));
INSERT INTO MEDICAL_RECORD VALUES (676,'record_detail676',92,117,to_date('21-10-2017','DD-MM-YYYY'));
INSERT INTO MEDICAL_RECORD VALUES (677,'record_detail677',32,394,to_date('05-07-2019','DD-MM-YYYY'));
INSERT INTO MEDICAL_RECORD VALUES (678,'record_detail678',21,206,to_date('26-12-2017','DD-MM-YYYY'));
INSERT INTO MEDICAL_RECORD VALUES (679,'record_detail679',48,134,to_date('24-06-2013','DD-MM-YYYY'));
INSERT INTO MEDICAL_RECORD VALUES (680,'record_detail680',49,340,to_date('25-11-2019','DD-MM-YYYY'));
INSERT INTO MEDICAL_RECORD VALUES (681,'record_detail681',92,323,to_date('26-08-2017','DD-MM-YYYY'));
INSERT INTO MEDICAL_RECORD VALUES (682,'record_detail682',115,199,to_date('10-07-2017','DD-MM-YYYY'));
INSERT INTO MEDICAL_RECORD VALUES (683,'record_detail683',113,1,to_date('28-09-2019','DD-MM-YYYY'));
INSERT INTO MEDICAL_RECORD VALUES (684,'record_detail684',62,268,to_date('25-09-2012','DD-MM-YYYY'));
INSERT INTO MEDICAL_RECORD VALUES (685,'record_detail685',102,264,to_date('25-07-2017','DD-MM-YYYY'));
INSERT INTO MEDICAL_RECORD VALUES (686,'record_detail686',71,314,to_date('27-12-2018','DD-MM-YYYY'));
INSERT INTO MEDICAL_RECORD VALUES (687,'record_detail687',52,71,to_date('23-12-2011','DD-MM-YYYY'));
INSERT INTO MEDICAL_RECORD VALUES (688,'record_detail688',24,346,to_date('09-11-2016','DD-MM-YYYY'));
INSERT INTO MEDICAL_RECORD VALUES (689,'record_detail689',104,416,to_date('27-09-2011','DD-MM-YYYY'));
INSERT INTO MEDICAL_RECORD VALUES (690,'record_detail690',42,155,to_date('20-10-2019','DD-MM-YYYY'));
INSERT INTO MEDICAL_RECORD VALUES (691,'record_detail691',109,62,to_date('19-08-2016','DD-MM-YYYY'));
INSERT INTO MEDICAL_RECORD VALUES (692,'record_detail692',106,43,to_date('11-06-2019','DD-MM-YYYY'));
INSERT INTO MEDICAL_RECORD VALUES (693,'record_detail693',118,277,to_date('28-10-2018','DD-MM-YYYY'));
INSERT INTO MEDICAL_RECORD VALUES (694,'record_detail694',112,66,to_date('18-10-2014','DD-MM-YYYY'));
INSERT INTO MEDICAL_RECORD VALUES (695,'record_detail695',98,12,to_date('28-10-2013','DD-MM-YYYY'));
INSERT INTO MEDICAL_RECORD VALUES (696,'record_detail696',105,410,to_date('19-11-2018','DD-MM-YYYY'));
INSERT INTO MEDICAL_RECORD VALUES (697,'record_detail697',67,8,to_date('15-10-2018','DD-MM-YYYY'));
INSERT INTO MEDICAL_RECORD VALUES (698,'record_detail698',62,127,to_date('10-04-2019','DD-MM-YYYY'));
INSERT INTO MEDICAL_RECORD VALUES (699,'record_detail699',94,407,to_date('21-12-2017','DD-MM-YYYY'));
INSERT INTO MEDICAL_RECORD VALUES (700,'record_detail700',72,212,to_date('18-10-2013','DD-MM-YYYY'));
INSERT INTO MEDICAL_RECORD VALUES (701,'record_detail701',119,221,to_date('28-08-2014','DD-MM-YYYY'));
INSERT INTO MEDICAL_RECORD VALUES (702,'record_detail702',1,372,to_date('27-11-2015','DD-MM-YYYY'));
INSERT INTO MEDICAL_RECORD VALUES (703,'record_detail703',53,95,to_date('10-12-2011','DD-MM-YYYY'));
INSERT INTO MEDICAL_RECORD VALUES (704,'record_detail704',25,187,to_date('23-10-2017','DD-MM-YYYY'));
INSERT INTO MEDICAL_RECORD VALUES (705,'record_detail705',104,413,to_date('28-12-2018','DD-MM-YYYY'));
INSERT INTO MEDICAL_RECORD VALUES (706,'record_detail706',53,214,to_date('13-11-2017','DD-MM-YYYY'));
INSERT INTO MEDICAL_RECORD VALUES (707,'record_detail707',93,217,to_date('25-12-2018','DD-MM-YYYY'));
INSERT INTO MEDICAL_RECORD VALUES (708,'record_detail708',130,347,to_date('15-09-2019','DD-MM-YYYY'));
INSERT INTO MEDICAL_RECORD VALUES (709,'record_detail709',93,196,to_date('24-08-2019','DD-MM-YYYY'));
INSERT INTO MEDICAL_RECORD VALUES (710,'record_detail710',56,323,to_date('26-08-2017','DD-MM-YYYY'));
INSERT INTO MEDICAL_RECORD VALUES (711,'record_detail711',97,420,to_date('17-04-2020','DD-MM-YYYY'));
INSERT INTO MEDICAL_RECORD VALUES (712,'record_detail712',88,76,to_date('20-08-2014','DD-MM-YYYY'));
INSERT INTO MEDICAL_RECORD VALUES (713,'record_detail713',91,144,to_date('22-10-2014','DD-MM-YYYY'));
INSERT INTO MEDICAL_RECORD VALUES (714,'record_detail714',5,332,to_date('19-03-2017','DD-MM-YYYY'));
INSERT INTO MEDICAL_RECORD VALUES (715,'record_detail715',112,376,to_date('17-11-2019','DD-MM-YYYY'));
INSERT INTO MEDICAL_RECORD VALUES (716,'record_detail716',37,131,to_date('16-05-2019','DD-MM-YYYY'));
INSERT INTO MEDICAL_RECORD VALUES (717,'record_detail717',20,344,to_date('28-12-2015','DD-MM-YYYY'));
INSERT INTO MEDICAL_RECORD VALUES (718,'record_detail718',46,218,to_date('27-09-2019','DD-MM-YYYY'));
INSERT INTO MEDICAL_RECORD VALUES (719,'record_detail719',94,133,to_date('28-08-2017','DD-MM-YYYY'));
INSERT INTO MEDICAL_RECORD VALUES (720,'record_detail720',13,303,to_date('15-08-2018','DD-MM-YYYY'));
INSERT INTO MEDICAL_RECORD VALUES (721,'record_detail721',75,13,to_date('28-12-2019','DD-MM-YYYY'));
INSERT INTO MEDICAL_RECORD VALUES (722,'record_detail722',123,344,to_date('28-12-2015','DD-MM-YYYY'));
INSERT INTO MEDICAL_RECORD VALUES (723,'record_detail723',13,122,to_date('11-12-2019','DD-MM-YYYY'));
INSERT INTO MEDICAL_RECORD VALUES (724,'record_detail724',113,194,to_date('18-05-2014','DD-MM-YYYY'));
INSERT INTO MEDICAL_RECORD VALUES (725,'record_detail725',67,386,to_date('27-12-2009','DD-MM-YYYY'));
INSERT INTO MEDICAL_RECORD VALUES (726,'record_detail726',18,163,to_date('25-11-2010','DD-MM-YYYY'));
INSERT INTO MEDICAL_RECORD VALUES (727,'record_detail727',52,47,to_date('23-11-2019','DD-MM-YYYY'));
INSERT INTO MEDICAL_RECORD VALUES (728,'record_detail728',19,265,to_date('27-10-2019','DD-MM-YYYY'));
INSERT INTO MEDICAL_RECORD VALUES (729,'record_detail729',132,348,to_date('17-11-2019','DD-MM-YYYY'));
INSERT INTO MEDICAL_RECORD VALUES (730,'record_detail730',120,98,to_date('20-10-2010','DD-MM-YYYY'));
INSERT INTO MEDICAL_RECORD VALUES (731,'record_detail731',115,220,to_date('04-05-2018','DD-MM-YYYY'));
INSERT INTO MEDICAL_RECORD VALUES (732,'record_detail732',61,274,to_date('24-06-2018','DD-MM-YYYY'));
INSERT INTO MEDICAL_RECORD VALUES (733,'record_detail733',31,92,to_date('16-12-2013','DD-MM-YYYY'));
INSERT INTO MEDICAL_RECORD VALUES (734,'record_detail734',79,16,to_date('16-12-2011','DD-MM-YYYY'));
INSERT INTO MEDICAL_RECORD VALUES (735,'record_detail735',13,105,to_date('11-03-2019','DD-MM-YYYY'));
INSERT INTO MEDICAL_RECORD VALUES (736,'record_detail736',5,264,to_date('25-07-2017','DD-MM-YYYY'));
INSERT INTO MEDICAL_RECORD VALUES (737,'record_detail737',60,49,to_date('24-12-2018','DD-MM-YYYY'));
INSERT INTO MEDICAL_RECORD VALUES (738,'record_detail738',52,138,to_date('17-12-2016','DD-MM-YYYY'));
INSERT INTO MEDICAL_RECORD VALUES (739,'record_detail739',36,10,to_date('25-06-2016','DD-MM-YYYY'));
INSERT INTO MEDICAL_RECORD VALUES (740,'record_detail740',131,1,to_date('28-09-2019','DD-MM-YYYY'));
INSERT INTO MEDICAL_RECORD VALUES (741,'record_detail741',124,189,to_date('02-06-2016','DD-MM-YYYY'));
INSERT INTO MEDICAL_RECORD VALUES (742,'record_detail742',85,43,to_date('11-06-2019','DD-MM-YYYY'));
INSERT INTO MEDICAL_RECORD VALUES (743,'record_detail743',86,372,to_date('27-11-2015','DD-MM-YYYY'));
INSERT INTO MEDICAL_RECORD VALUES (744,'record_detail744',100,405,to_date('23-07-2018','DD-MM-YYYY'));
INSERT INTO MEDICAL_RECORD VALUES (745,'record_detail745',75,169,to_date('14-10-2017','DD-MM-YYYY'));
INSERT INTO MEDICAL_RECORD VALUES (746,'record_detail746',92,59,to_date('21-12-2007','DD-MM-YYYY'));
INSERT INTO MEDICAL_RECORD VALUES (747,'record_detail747',31,82,to_date('15-12-2019','DD-MM-YYYY'));
INSERT INTO MEDICAL_RECORD VALUES (748,'record_detail748',35,252,to_date('28-10-2018','DD-MM-YYYY'));
INSERT INTO MEDICAL_RECORD VALUES (749,'record_detail749',112,101,to_date('08-10-2018','DD-MM-YYYY'));
INSERT INTO MEDICAL_RECORD VALUES (750,'record_detail750',47,112,to_date('21-09-2016','DD-MM-YYYY'));
INSERT INTO MEDICAL_RECORD VALUES (751,'record_detail751',19,271,to_date('24-08-2018','DD-MM-YYYY'));
INSERT INTO MEDICAL_RECORD VALUES (752,'record_detail752',107,49,to_date('24-12-2018','DD-MM-YYYY'));
INSERT INTO MEDICAL_RECORD VALUES (753,'record_detail753',94,129,to_date('23-08-2014','DD-MM-YYYY'));
INSERT INTO MEDICAL_RECORD VALUES (754,'record_detail754',60,43,to_date('11-06-2019','DD-MM-YYYY'));
INSERT INTO MEDICAL_RECORD VALUES (755,'record_detail755',10,323,to_date('26-08-2017','DD-MM-YYYY'));
INSERT INTO MEDICAL_RECORD VALUES (756,'record_detail756',110,111,to_date('27-11-2019','DD-MM-YYYY'));
INSERT INTO MEDICAL_RECORD VALUES (757,'record_detail757',93,352,to_date('04-05-2017','DD-MM-YYYY'));
INSERT INTO MEDICAL_RECORD VALUES (758,'record_detail758',40,182,to_date('26-12-2019','DD-MM-YYYY'));
INSERT INTO MEDICAL_RECORD VALUES (759,'record_detail759',35,160,to_date('16-08-2017','DD-MM-YYYY'));
INSERT INTO MEDICAL_RECORD VALUES (760,'record_detail760',50,146,to_date('18-12-2019','DD-MM-YYYY'));
INSERT INTO MEDICAL_RECORD VALUES (761,'record_detail761',65,90,to_date('16-09-2017','DD-MM-YYYY'));
INSERT INTO MEDICAL_RECORD VALUES (762,'record_detail762',96,323,to_date('26-08-2017','DD-MM-YYYY'));
INSERT INTO MEDICAL_RECORD VALUES (763,'record_detail763',26,428,to_date('03-12-2020','DD-MM-YYYY'));
INSERT INTO MEDICAL_RECORD VALUES (764,'record_detail764',44,338,to_date('22-12-2012','DD-MM-YYYY'));
INSERT INTO MEDICAL_RECORD VALUES (765,'record_detail765',86,402,to_date('10-07-2009','DD-MM-YYYY'));
INSERT INTO MEDICAL_RECORD VALUES (766,'record_detail766',28,177,to_date('25-12-2019','DD-MM-YYYY'));
INSERT INTO MEDICAL_RECORD VALUES (767,'record_detail767',62,248,to_date('17-06-2018','DD-MM-YYYY'));
INSERT INTO MEDICAL_RECORD VALUES (768,'record_detail768',103,266,to_date('22-04-2011','DD-MM-YYYY'));
INSERT INTO MEDICAL_RECORD VALUES (769,'record_detail769',116,316,to_date('21-09-2014','DD-MM-YYYY'));
INSERT INTO MEDICAL_RECORD VALUES (770,'record_detail770',16,296,to_date('19-12-2019','DD-MM-YYYY'));
INSERT INTO MEDICAL_RECORD VALUES (771,'record_detail771',77,221,to_date('28-08-2014','DD-MM-YYYY'));
INSERT INTO MEDICAL_RECORD VALUES (772,'record_detail772',63,353,to_date('21-09-2018','DD-MM-YYYY'));
INSERT INTO MEDICAL_RECORD VALUES (773,'record_detail773',103,394,to_date('05-07-2019','DD-MM-YYYY'));
INSERT INTO MEDICAL_RECORD VALUES (774,'record_detail774',101,338,to_date('22-12-2012','DD-MM-YYYY'));
INSERT INTO MEDICAL_RECORD VALUES (775,'record_detail775',7,145,to_date('28-12-2015','DD-MM-YYYY'));
INSERT INTO MEDICAL_RECORD VALUES (776,'record_detail776',127,232,to_date('23-10-2015','DD-MM-YYYY'));
INSERT INTO MEDICAL_RECORD VALUES (777,'record_detail777',90,334,to_date('28-12-2012','DD-MM-YYYY'));
INSERT INTO MEDICAL_RECORD VALUES (778,'record_detail778',64,151,to_date('22-11-2019','DD-MM-YYYY'));
INSERT INTO MEDICAL_RECORD VALUES (779,'record_detail779',20,227,to_date('20-10-2018','DD-MM-YYYY'));
INSERT INTO MEDICAL_RECORD VALUES (780,'record_detail780',119,55,to_date('26-10-2019','DD-MM-YYYY'));
INSERT INTO MEDICAL_RECORD VALUES (781,'record_detail781',47,149,to_date('26-10-2014','DD-MM-YYYY'));
INSERT INTO MEDICAL_RECORD VALUES (782,'record_detail782',124,326,to_date('28-02-2019','DD-MM-YYYY'));
INSERT INTO MEDICAL_RECORD VALUES (783,'record_detail783',13,196,to_date('24-08-2019','DD-MM-YYYY'));
INSERT INTO MEDICAL_RECORD VALUES (784,'record_detail784',13,378,to_date('21-08-2015','DD-MM-YYYY'));
INSERT INTO MEDICAL_RECORD VALUES (785,'record_detail785',90,173,to_date('26-04-2019','DD-MM-YYYY'));
INSERT INTO MEDICAL_RECORD VALUES (786,'record_detail786',123,74,to_date('27-12-2013','DD-MM-YYYY'));
INSERT INTO MEDICAL_RECORD VALUES (787,'record_detail787',78,281,to_date('19-10-2018','DD-MM-YYYY'));
INSERT INTO MEDICAL_RECORD VALUES (788,'record_detail788',57,300,to_date('22-12-2019','DD-MM-YYYY'));
INSERT INTO MEDICAL_RECORD VALUES (789,'record_detail789',107,310,to_date('24-11-2016','DD-MM-YYYY'));
INSERT INTO MEDICAL_RECORD VALUES (790,'record_detail790',30,410,to_date('19-11-2018','DD-MM-YYYY'));
INSERT INTO MEDICAL_RECORD VALUES (791,'record_detail791',99,138,to_date('17-12-2016','DD-MM-YYYY'));
INSERT INTO MEDICAL_RECORD VALUES (792,'record_detail792',47,173,to_date('26-04-2019','DD-MM-YYYY'));
INSERT INTO MEDICAL_RECORD VALUES (793,'record_detail793',102,236,to_date('24-12-2016','DD-MM-YYYY'));
INSERT INTO MEDICAL_RECORD VALUES (794,'record_detail794',80,416,to_date('27-09-2011','DD-MM-YYYY'));
INSERT INTO MEDICAL_RECORD VALUES (795,'record_detail795',63,171,to_date('16-08-2017','DD-MM-YYYY'));
INSERT INTO MEDICAL_RECORD VALUES (796,'record_detail796',15,417,to_date('14-12-2019','DD-MM-YYYY'));
INSERT INTO MEDICAL_RECORD VALUES (797,'record_detail797',54,275,to_date('21-12-2014','DD-MM-YYYY'));
INSERT INTO MEDICAL_RECORD VALUES (798,'record_detail798',96,289,to_date('23-08-2017','DD-MM-YYYY'));
INSERT INTO MEDICAL_RECORD VALUES (799,'record_detail799',100,39,to_date('04-12-2019','DD-MM-YYYY'));
INSERT INTO MEDICAL_RECORD VALUES (800,'record_detail800',18,390,to_date('28-11-2017','DD-MM-YYYY'));
INSERT INTO MEDICAL_RECORD VALUES (801,'record_detail801',120,43,to_date('11-06-2019','DD-MM-YYYY'));
INSERT INTO MEDICAL_RECORD VALUES (802,'record_detail802',17,154,to_date('10-10-2017','DD-MM-YYYY'));
INSERT INTO MEDICAL_RECORD VALUES (803,'record_detail803',125,371,to_date('27-12-2016','DD-MM-YYYY'));
INSERT INTO MEDICAL_RECORD VALUES (804,'record_detail804',64,378,to_date('21-08-2015','DD-MM-YYYY'));
INSERT INTO MEDICAL_RECORD VALUES (805,'record_detail805',132,5,to_date('08-10-2017','DD-MM-YYYY'));
INSERT INTO MEDICAL_RECORD VALUES (806,'record_detail806',53,141,to_date('28-07-2015','DD-MM-YYYY'));
INSERT INTO MEDICAL_RECORD VALUES (807,'record_detail807',45,281,to_date('19-10-2018','DD-MM-YYYY'));
INSERT INTO MEDICAL_RECORD VALUES (808,'record_detail808',65,325,to_date('22-10-2014','DD-MM-YYYY'));
INSERT INTO MEDICAL_RECORD VALUES (809,'record_detail809',8,12,to_date('28-10-2013','DD-MM-YYYY'));
INSERT INTO MEDICAL_RECORD VALUES (810,'record_detail810',117,276,to_date('22-10-2016','DD-MM-YYYY'));



commit;


drop table IF EXISTS breed cascade CONSTRAINTS;
drop table IF EXISTS INVOICE cascade CONSTRAINTS;
drop table IF EXISTS MEDICAL_RECORD cascade CONSTRAINTS;
drop table IF EXISTS MEDICAL_STAFF cascade CONSTRAINTS;
drop table IF EXISTS OWNER cascade CONSTRAINTS;
drop table IF EXISTS PET cascade CONSTRAINTS;
drop table IF EXISTS SPECIES cascade CONSTRAINTS;
drop table IF EXISTS prescription cascade CONSTRAINTS;






CREATE TABLE breed (
    breed_id             INTEGER NOT NULL,
    breed_name           VARCHAR2(100) NOT NULL,
    species_species_id   INTEGER NOT NULL
);

ALTER TABLE breed ADD CONSTRAINT breed_pk PRIMARY KEY ( breed_id,
                                                        species_species_id );


CREATE TABLE invoice (
    invoice_id                     INTEGER NOT NULL,
    invoice_date                   DATE NOT NULL, 
    invoice_amount                 NUMBER NOT NULL 
);

ALTER TABLE invoice ADD CONSTRAINT invoice_pk PRIMARY KEY ( invoice_id );


CREATE TABLE medical_staff (
    employee_id          INTEGER NOT NULL,
    employee_name        VARCHAR2(100) NOT NULL,
    employee_phone       VARCHAR2(10) NOT NULL,
    employee_email       VARCHAR2(50),
    hiring_date          DATE NOT NULL,
    dismissal_date       DATE,
    specialization       VARCHAR2(50) NOT NULL,
    position             VARCHAR2(50) NOT NULL
);

ALTER TABLE medical_staff ADD CONSTRAINT medical_staff_pk PRIMARY KEY ( employee_id );


CREATE TABLE medical_record (
    record_id                   INTEGER NOT NULL,
    record_comments             VARCHAR2(150) NOT NULL,
    medical_staff_employee_id   INTEGER NOT NULL,
    pet_pet_id                  INTEGER NOT NULL,
    date_record                 DATE NOT NULL
);

ALTER TABLE medical_record ADD CONSTRAINT medical_record_pk PRIMARY KEY ( record_id );


CREATE TABLE owner (
    owner_id      INTEGER NOT NULL,
    owner_name    VARCHAR2(150) NOT NULL,
    owner_phone   VARCHAR2(10) NOT NULL,
    owner_email   VARCHAR2(50)
);

ALTER TABLE owner ADD CONSTRAINT owner_pk PRIMARY KEY ( owner_id );

CREATE TABLE pet (
    pet_id                INTEGER NOT NULL,
    pet_birthday          DATE NOT NULL,
    pet_sex               VARCHAR2(10) NOT NULL,
    pet_name              VARCHAR2(100),
    comments              VARCHAR2(150),
    species_species_id    INTEGER not null,
    owner_owner_id        INTEGER not null
);

ALTER TABLE pet ADD CONSTRAINT pet_pk PRIMARY KEY ( pet_id );


CREATE TABLE species (
    species_id            INTEGER NOT NULL,
    species_name          VARCHAR2(50) NOT NULL,
    species_description   VARCHAR2(200)
);

ALTER TABLE species ADD CONSTRAINT species_pk PRIMARY KEY ( species_id );

CREATE TABLE prescription(
    prescription_id        INTEGER NOT NULL,
    medication             VARCHAR2(150) NOT NULL,
    amount                 INTEGER NOT NULL,
    dosage                 INTEGER NOT NULL,
    unit_price             INTEGER NOT NULL,
    prescription_datails   VARCHAR2(50) NOT NULL,
    medical_record_id      INTEGER NOT NULL,
    invoice_invoice_id     INTEGER NOT NULL
);

ALTER TABLE prescription ADD CONSTRAINT prescription_pk PRIMARY KEY ( prescription_id );


ALTER TABLE breed
    ADD CONSTRAINT breed_species_fk FOREIGN KEY ( species_species_id )
        REFERENCES species ( species_id );
        

ALTER TABLE medical_record
    ADD CONSTRAINT medical_record_pet_fk FOREIGN KEY ( pet_pet_id )
        REFERENCES pet ( pet_id );


ALTER TABLE medical_record
    ADD CONSTRAINT medical_record_empl_fk FOREIGN KEY ( medical_staff_employee_id )
        REFERENCES medical_staff ( employee_id );
        

ALTER TABLE pet
    ADD CONSTRAINT pet_owner_fk FOREIGN KEY ( owner_owner_id )
        REFERENCES owner ( owner_id );
        

ALTER TABLE pet
    ADD CONSTRAINT pet_species_fk FOREIGN KEY ( species_species_id )
        REFERENCES species ( species_id );


ALTER TABLE prescription
    ADD CONSTRAINT prescription_record_fk FOREIGN KEY ( medical_record_id )
        REFERENCES medical_record ( record_id );


ALTER TABLE prescription
    ADD CONSTRAINT prescription_invoice_fk FOREIGN KEY ( invoice_invoice_id )
        REFERENCES invoice ( invoice_id );










--delete from PRESCRIPTION   ;
--delete from INVOICE  ;
--delete from MEDICAL_RECORD  ;
--delete from PET  ;
--delete from OWNER  ;
--delete from MEDICAL_STAFF  ;
--delete from BREED  ;
--delete from SPECIES  ;














INSERT INTO SPECIES
VALUES (1,'canine','dogs');
INSERT INTO SPECIES
VALUES (2,'feline','cats');
INSERT INTO SPECIES
VALUES (3,'bird','parrots, etc');
INSERT INTO SPECIES
VALUES (4,'fish','fish');
INSERT INTO SPECIES
VALUES (5,'rodent','hamsters, guinea pigs, rabbits, etc');
INSERT INTO SPECIES
VALUES (6,'reptile','iguanas, etc');
INSERT INTO SPECIES
VALUES (7,'arachnides','spiders');



INSERT INTO BREED
VALUES (1,'Bichon',1);
INSERT INTO BREED
VALUES (2,'Russian Blue',2);
INSERT INTO BREED
VALUES (3,'Gray Parrot',3);
INSERT INTO BREED
VALUES (4,'Goldfish',4);
INSERT INTO BREED
VALUES (5,'Squirrel',5);
INSERT INTO BREED
VALUES (6,'Gila Monster',6);
INSERT INTO BREED
VALUES (7,'Wasp Spider',7);
INSERT INTO BREED
VALUES (8,'Pitbull',1);
INSERT INTO BREED
VALUES (9,'Persian',2);
INSERT INTO BREED
VALUES (10,'Cockatoo',3);
INSERT INTO BREED
VALUES (11,'Fantail',4);
INSERT INTO BREED
VALUES (12,'Rabbit',5);
INSERT INTO BREED
VALUES (13,'Black tree monitor',6);
INSERT INTO BREED
VALUES (14,'Crab Spider',7);
INSERT INTO BREED
VALUES (15,'Chiuaua',1);
INSERT INTO BREED
VALUES (16,'Siamese',2);
INSERT INTO BREED
VALUES (17,'Phoicephalus',3);
INSERT INTO BREED
VALUES (18,'Clown fish',4);
INSERT INTO BREED
VALUES (19,'Gerbil',5);
INSERT INTO BREED
VALUES (20,'Green iguana',6);
INSERT INTO BREED
VALUES (21,'Tarantula',7);
INSERT INTO BREED
VALUES (22,'Poodle',1);
INSERT INTO BREED
VALUES (23,'Scottish Fold',2);
INSERT INTO BREED
VALUES (24,'Cockatiel',3);
INSERT INTO BREED
VALUES (25,'Molilies',4);
INSERT INTO BREED
VALUES (26,'Guinea Pig',5);
INSERT INTO BREED
VALUES (27,'Gecko',6);
INSERT INTO BREED
VALUES (28,'Jewelled Spider',7);







INSERT INTO MEDICAL_STAFF VALUES (1,'ACIU LIA ELENA','0737703954','ACIU.LIA@gmail.com',to_date('10-08-2019','DD-MM-YYYY'),to_date('17-10-2019','DD-MM-YYYY'),'General','Assistant');
INSERT INTO MEDICAL_STAFF VALUES (2,'ACIU MIRCEA','0744136893','ACIU.MIRCEA@gmail.com',to_date('15-12-2018','DD-MM-YYYY'),to_date('23-12-2019','DD-MM-YYYY'),'Cardiologist','Assistant');
INSERT INTO MEDICAL_STAFF VALUES (3,'ARDELEANU Mircea','0781295535','ARDELEANU.Mircea@gmail.com',to_date('08-01-2012','DD-MM-YYYY'),to_date('08-12-2014','DD-MM-YYYY'),'General','Assistant');
INSERT INTO MEDICAL_STAFF VALUES (4,'Argint Cornel','0792899108','Argint.Cornel@gmail.com',to_date('11-12-2016','DD-MM-YYYY'),to_date(NULL,'DD-MM-YYYY'),'Cardiologist','Doctor');
INSERT INTO MEDICAL_STAFF VALUES (5,'BADEA ION','0776645198','BADEA.ION@gmail.com',to_date('19-06-2013','DD-MM-YYYY'),to_date('19-09-2014','DD-MM-YYYY'),'Cardiologist','Doctor');
INSERT INTO MEDICAL_STAFF VALUES (6,'BADEA NICOLAE','0766051909','BADEA.NICOLAE@gmail.com',to_date('13-10-2018','DD-MM-YYYY'),to_date('19-12-2018','DD-MM-YYYY'),'Cardiologist','Doctor');
INSERT INTO MEDICAL_STAFF VALUES (7,'BADEA NICOLAE','0792636436','BADEA.NICOLAE@gmail.com',to_date('07-01-2019','DD-MM-YYYY'),to_date('28-02-2019','DD-MM-YYYY'),'Cardiologist','Doctor');
INSERT INTO MEDICAL_STAFF VALUES (8,'BADESCU ANNY LAVINIA','0757462027','BADESCU.ANNY@gmail.com',to_date('09-04-2012','DD-MM-YYYY'),to_date('28-06-2017','DD-MM-YYYY'),'Cardiologist','Doctor');
INSERT INTO MEDICAL_STAFF VALUES (9,'BADIC MIHAI','0787484926','BADIC.MIHAI@gmail.com',to_date('18-07-2010','DD-MM-YYYY'),to_date(NULL,'DD-MM-YYYY'),'Anestheologist','Assistant');
INSERT INTO MEDICAL_STAFF VALUES (10,'BALTAG OCTAVIAN','0706143769','BALTAG.OCTAVIAN@gmail.com',to_date('14-04-2009','DD-MM-YYYY'),to_date('27-07-2012','DD-MM-YYYY'),'Anestheologist','Assistant');
INSERT INTO MEDICAL_STAFF VALUES (11,'BARABOI ADRIAN','0719061067','BARABOI.ADRIAN@gmail.com',to_date('06-03-2009','DD-MM-YYYY'),to_date('12-06-2011','DD-MM-YYYY'),'Cardiologist','Doctor');
INSERT INTO MEDICAL_STAFF VALUES (12,'BARAN MARIA ILEANA','0722873096','BARAN.MARIA@gmail.com',to_date('20-10-2013','DD-MM-YYYY'),to_date('28-12-2013','DD-MM-YYYY'),'Anestheologist','Doctor');
INSERT INTO MEDICAL_STAFF VALUES (13,'BECHET PAUL','0703164348','BECHET.PAUL@gmail.com',to_date('01-05-2009','DD-MM-YYYY'),to_date('22-12-2014','DD-MM-YYYY'),'General','Doctor');
INSERT INTO MEDICAL_STAFF VALUES (14,'BIDIAN DAN','0723812393','BIDIAN.DAN@gmail.com',to_date('04-11-2015','DD-MM-YYYY'),to_date(NULL,'DD-MM-YYYY'),'Anestheologist','Assistant');
INSERT INTO MEDICAL_STAFF VALUES (15,'BITOIU SILISTEANU TUDOREL','0712636148','BITOIU.SILISTEANU@gmail.com',to_date('24-12-2015','DD-MM-YYYY'),to_date('27-12-2018','DD-MM-YYYY'),'Cardiologist','Assistant');
INSERT INTO MEDICAL_STAFF VALUES (16,'BITOLEANU ALEXANDRU','0776164775','BITOLEANU.ALEXANDRU@gmail.com',to_date('18-06-2014','DD-MM-YYYY'),to_date('23-07-2016','DD-MM-YYYY'),'Anestheologist','Doctor');
INSERT INTO MEDICAL_STAFF VALUES (17,'BICU AIDA','0718471743','BICU.AIDA@gmail.com',to_date('20-03-2014','DD-MM-YYYY'),to_date('20-06-2015','DD-MM-YYYY'),'Cardiologist','Assistant');
INSERT INTO MEDICAL_STAFF VALUES (18,'BOGDAN OCTAVIAN','0719091068','BOGDAN.OCTAVIAN@gmail.com',to_date('15-07-2018','DD-MM-YYYY'),to_date('25-09-2019','DD-MM-YYYY'),'General','Assistant');
INSERT INTO MEDICAL_STAFF VALUES (19,'BOLTASU CATALIN','0727930966','BOLTASU.CATALIN@gmail.com',to_date('10-08-2017','DD-MM-YYYY'),to_date(NULL,'DD-MM-YYYY'),'General','Doctor');
INSERT INTO MEDICAL_STAFF VALUES (20,'BROJBOIU MARIA','0735432033','BROJBOIU.MARIA@gmail.com',to_date('21-06-2009','DD-MM-YYYY'),to_date('22-07-2019','DD-MM-YYYY'),'Cardiologist','Doctor');
INSERT INTO MEDICAL_STAFF VALUES (21,'CAZACU DUMITRU','0711855944','CAZACU.DUMITRU@gmail.com',to_date('23-06-2011','DD-MM-YYYY'),to_date('25-11-2013','DD-MM-YYYY'),'Cardiologist','Doctor');
INSERT INTO MEDICAL_STAFF VALUES (22,'CALIN MARIUS DANIEL','0788012474','CALIN.MARIUS@gmail.com',to_date('16-12-2018','DD-MM-YYYY'),to_date('23-12-2019','DD-MM-YYYY'),'General','Doctor');
INSERT INTO MEDICAL_STAFF VALUES (23,'CERNAT MIHAI','0729555624','CERNAT.MIHAI@gmail.com',to_date('22-12-2016','DD-MM-YYYY'),to_date('24-12-2016','DD-MM-YYYY'),'Cardiologist','Doctor');
INSERT INTO MEDICAL_STAFF VALUES (24,'CHIUTA ION','0790302355','CHIUTA.ION@gmail.com',to_date('01-04-2011','DD-MM-YYYY'),to_date('18-11-2013','DD-MM-YYYY'),'Cardiologist','Assistant');
INSERT INTO MEDICAL_STAFF VALUES (25,'CHIUTA Ionut Alexandru','0727386095','CHIUTA.Ionut@gmail.com',to_date('21-11-2016','DD-MM-YYYY'),to_date('26-11-2018','DD-MM-YYYY'),'General','Assistant');
INSERT INTO MEDICAL_STAFF VALUES (26,'CÎMPAN LILIANA RELI','0772812837','CÎMPAN.LILIANA@gmail.com',to_date('25-05-2018','DD-MM-YYYY'),to_date('28-06-2019','DD-MM-YYYY'),'General','Assistant');
INSERT INTO MEDICAL_STAFF VALUES (27,'COATU SORIN','0733087909','COATU.SORIN@gmail.com',to_date('18-12-2013','DD-MM-YYYY'),to_date(NULL,'DD-MM-YYYY'),'Anestheologist','Assistant');
INSERT INTO MEDICAL_STAFF VALUES (28,'COBZARU ALINA','0752896969','COBZARU.ALINA@gmail.com',to_date('27-07-2012','DD-MM-YYYY'),to_date('28-08-2016','DD-MM-YYYY'),'Anestheologist','Assistant');
INSERT INTO MEDICAL_STAFF VALUES (29,'Coca Eugen','0752297365','Coca.Eugen@gmail.com',to_date('22-01-2009','DD-MM-YYYY'),to_date('28-11-2014','DD-MM-YYYY'),'General','Doctor');
INSERT INTO MEDICAL_STAFF VALUES (30,'COFARU CORNELIU','0753134473','COFARU.CORNELIU@gmail.com',to_date('01-12-2013','DD-MM-YYYY'),to_date('16-12-2019','DD-MM-YYYY'),'Anestheologist','Doctor');
INSERT INTO MEDICAL_STAFF VALUES (31,'CONSTANTINESCU MIRCEA','0737665197','CONSTANTINESCU.MIRCEA@gmail.com',to_date('21-10-2019','DD-MM-YYYY'),to_date('27-12-2019','DD-MM-YYYY'),'General','Doctor');
INSERT INTO MEDICAL_STAFF VALUES (32,'COSTEA MARIAN','0787575292','COSTEA.MARIAN@gmail.com',to_date('27-05-2013','DD-MM-YYYY'),to_date('27-08-2018','DD-MM-YYYY'),'Anestheologist','Doctor');
INSERT INTO MEDICAL_STAFF VALUES (33,'COSTIN ANA MARIA','0715661352','COSTIN.ANA@gmail.com',to_date('04-01-2019','DD-MM-YYYY'),to_date('16-01-2019','DD-MM-YYYY'),'Anestheologist','Doctor');
INSERT INTO MEDICAL_STAFF VALUES (34,'CRISTESCU DORIN','0725051315','CRISTESCU.DORIN@gmail.com',to_date('19-09-2016','DD-MM-YYYY'),to_date('22-12-2016','DD-MM-YYYY'),'General','Doctor');
INSERT INTO MEDICAL_STAFF VALUES (35,'DARIE ELEONORA','0715586345','DARIE.ELEONORA@gmail.com',to_date('15-10-2017','DD-MM-YYYY'),to_date(NULL,'DD-MM-YYYY'),'Cardiologist','Assistant');
INSERT INTO MEDICAL_STAFF VALUES (36,'DARIE EMANUEL','0790569176','DARIE.EMANUEL@gmail.com',to_date('22-11-2011','DD-MM-YYYY'),to_date('28-12-2011','DD-MM-YYYY'),'General','Doctor');
INSERT INTO MEDICAL_STAFF VALUES (37,'DAVID VALERIU','0796588722','DAVID.VALERIU@gmail.com',to_date('22-04-2011','DD-MM-YYYY'),to_date('26-04-2019','DD-MM-YYYY'),'General','Assistant');
INSERT INTO MEDICAL_STAFF VALUES (38,'DANULESCU RAZVAN','0790821795','DANULESCU.RAZVAN@gmail.com',to_date('12-09-2016','DD-MM-YYYY'),to_date('15-12-2017','DD-MM-YYYY'),'General','Doctor');
INSERT INTO MEDICAL_STAFF VALUES (39,'DE SABATA ALDO','0702834150','DE.SABATA@gmail.com',to_date('09-06-2017','DD-MM-YYYY'),to_date('14-08-2017','DD-MM-YYYY'),'General','Doctor');
INSERT INTO MEDICAL_STAFF VALUES (40,'DELIU HERMINA','0736833914','DELIU.HERMINA@gmail.com',to_date('13-11-2015','DD-MM-YYYY'),to_date('28-12-2018','DD-MM-YYYY'),'Cardiologist','Assistant');
INSERT INTO MEDICAL_STAFF VALUES (41,'DOBREF VASILE','0726489892','DOBREF.VASILE@gmail.com',to_date('20-11-2009','DD-MM-YYYY'),to_date('24-11-2017','DD-MM-YYYY'),'General','Assistant');
INSERT INTO MEDICAL_STAFF VALUES (42,'DUMA DENISA','0703477325','DUMA.DENISA@gmail.com',to_date('08-01-2016','DD-MM-YYYY'),to_date('20-10-2016','DD-MM-YYYY'),'Anestheologist','Doctor');
INSERT INTO MEDICAL_STAFF VALUES (43,'DUMBRAVA IONEL','0725223562','DUMBRAVA.IONEL@gmail.com',to_date('25-04-2014','DD-MM-YYYY'),to_date(NULL,'DD-MM-YYYY'),'Cardiologist','Assistant');
INSERT INTO MEDICAL_STAFF VALUES (44,'DUTA MARIAN','0759267726','DUTA.MARIAN@gmail.com',to_date('24-12-2014','DD-MM-YYYY'),to_date('26-12-2015','DD-MM-YYYY'),'Cardiologist','Doctor');
INSERT INTO MEDICAL_STAFF VALUES (45,'ENACHE SORIN','0775644863','ENACHE.SORIN@gmail.com',to_date('01-01-2015','DD-MM-YYYY'),to_date('06-02-2016','DD-MM-YYYY'),'Anestheologist','Assistant');
INSERT INTO MEDICAL_STAFF VALUES (46,'FLOREA IONEL','0741832811','FLOREA.IONEL@gmail.com',to_date('16-11-2009','DD-MM-YYYY'),to_date('22-11-2014','DD-MM-YYYY'),'Cardiologist','Assistant');
INSERT INTO MEDICAL_STAFF VALUES (47,'FRATU AUREL','0770168533','FRATU.AUREL@gmail.com',to_date('06-01-2008','DD-MM-YYYY'),to_date('24-01-2008','DD-MM-YYYY'),'Anestheologist','Doctor');
INSERT INTO MEDICAL_STAFF VALUES (48,'GIURGIU VALER','0724621677','GIURGIU.VALER@gmail.com',to_date('09-03-2014','DD-MM-YYYY'),to_date('22-07-2019','DD-MM-YYYY'),'Anestheologist','Doctor');
INSERT INTO MEDICAL_STAFF VALUES (49,'GOICEANU CRISTIAN','0722173848','GOICEANU.CRISTIAN@gmail.com',to_date('23-07-2008','DD-MM-YYYY'),to_date('28-07-2017','DD-MM-YYYY'),'Anestheologist','Assistant');
INSERT INTO MEDICAL_STAFF VALUES (50,'GOLOVANOV CARMEN','0792699537','GOLOVANOV.CARMEN@gmail.com',to_date('18-04-2008','DD-MM-YYYY'),to_date(NULL,'DD-MM-YYYY'),'General','Assistant');
INSERT INTO MEDICAL_STAFF VALUES (51,'HEBEDEAN CLAUDIA','0762686743','HEBEDEAN.CLAUDIA@gmail.com',to_date('13-09-2007','DD-MM-YYYY'),to_date('25-09-2009','DD-MM-YYYY'),'Cardiologist','Assistant');
INSERT INTO MEDICAL_STAFF VALUES (52,'HELEREA ELENA','0749871075','HELEREA.ELENA@gmail.com',to_date('22-03-2007','DD-MM-YYYY'),to_date('23-04-2011','DD-MM-YYYY'),'Anestheologist','Doctor');
INSERT INTO MEDICAL_STAFF VALUES (53,'IGNEA ALIMPIE','0756760111','IGNEA.ALIMPIE@gmail.com',to_date('25-10-2013','DD-MM-YYYY'),to_date('27-12-2019','DD-MM-YYYY'),'General','Doctor');
INSERT INTO MEDICAL_STAFF VALUES (54,'IVANOV VIRGINIA','0709815655','IVANOV.VIRGINIA@gmail.com',to_date('02-02-2016','DD-MM-YYYY'),to_date('04-08-2018','DD-MM-YYYY'),'General','Doctor');
INSERT INTO MEDICAL_STAFF VALUES (55,'JURCA TRAIAN','0742441851','JURCA.TRAIAN@gmail.com',to_date('26-11-2013','DD-MM-YYYY'),to_date('26-11-2014','DD-MM-YYYY'),'General','Assistant');
INSERT INTO MEDICAL_STAFF VALUES (56,'LASCU DAN','0796331201','LASCU.DAN@gmail.com',to_date('01-12-2016','DD-MM-YYYY'),to_date('08-12-2017','DD-MM-YYYY'),'Anestheologist','Assistant');
INSERT INTO MEDICAL_STAFF VALUES (57,'LASCU MIHAELA','0787608704','LASCU.MIHAELA@gmail.com',to_date('25-05-2018','DD-MM-YYYY'),to_date(NULL,'DD-MM-YYYY'),'General','Assistant');
INSERT INTO MEDICAL_STAFF VALUES (58,'LEONIDA Tudor','0725323524','LEONIDA.Tudor@gmail.com',to_date('15-04-2010','DD-MM-YYYY'),to_date('23-10-2017','DD-MM-YYYY'),'General','Doctor');
INSERT INTO MEDICAL_STAFF VALUES (59,'LUNCA EDUARD','0794597825','LUNCA.EDUARD@gmail.com',to_date('08-01-2016','DD-MM-YYYY'),to_date('14-04-2018','DD-MM-YYYY'),'Anestheologist','Assistant');
INSERT INTO MEDICAL_STAFF VALUES (60,'LUNGOCI GAVRIL','0742658851','LUNGOCI.GAVRIL@gmail.com',to_date('27-12-2007','DD-MM-YYYY'),to_date('28-12-2013','DD-MM-YYYY'),'General','Assistant');
INSERT INTO MEDICAL_STAFF VALUES (61,'MACOVEI GHEORGHE','0793391843','MACOVEI.GHEORGHE@gmail.com',to_date('09-03-2011','DD-MM-YYYY'),to_date('15-09-2014','DD-MM-YYYY'),'Cardiologist','Doctor');
INSERT INTO MEDICAL_STAFF VALUES (62,'MANEA LUCIAN','0702428551','MANEA.LUCIAN@gmail.com',to_date('04-08-2014','DD-MM-YYYY'),to_date('07-08-2015','DD-MM-YYYY'),'Cardiologist','Assistant');
INSERT INTO MEDICAL_STAFF VALUES (63,'MARINESCU ANDREI','0789807836','MARINESCU.ANDREI@gmail.com',to_date('16-12-2009','DD-MM-YYYY'),to_date('17-12-2014','DD-MM-YYYY'),'Cardiologist','Doctor');
INSERT INTO MEDICAL_STAFF VALUES (64,'MARINESCU DANUT','0722614175','MARINESCU.DANUT@gmail.com',to_date('18-06-2014','DD-MM-YYYY'),to_date(NULL,'DD-MM-YYYY'),'Anestheologist','Doctor');
INSERT INTO MEDICAL_STAFF VALUES (65,'MARINESCU IOAN','0724379461','MARINESCU.IOAN@gmail.com',to_date('26-06-2008','DD-MM-YYYY'),to_date('26-08-2016','DD-MM-YYYY'),'Cardiologist','Assistant');
INSERT INTO MEDICAL_STAFF VALUES (66,'Mariut Elena Larisa','0706188424','Mariut.Elena@gmail.com',to_date('20-10-2012','DD-MM-YYYY'),to_date('22-10-2019','DD-MM-YYYY'),'Anestheologist','Assistant');
INSERT INTO MEDICAL_STAFF VALUES (67,'MATOI ADRIAN','0718323561','MATOI.ADRIAN@gmail.com',to_date('11-03-2010','DD-MM-YYYY'),to_date('26-08-2017','DD-MM-YYYY'),'General','Doctor');
INSERT INTO MEDICAL_STAFF VALUES (68,'MICLAUS SIMONA','0797424535','MICLAUS.SIMONA@gmail.com',to_date('13-03-2013','DD-MM-YYYY'),to_date('23-10-2018','DD-MM-YYYY'),'Cardiologist','Assistant');
INSERT INTO MEDICAL_STAFF VALUES (69,'MIHAI CATALIN','0759499060','MIHAI.CATALIN@gmail.com',to_date('15-02-2017','DD-MM-YYYY'),to_date('15-12-2017','DD-MM-YYYY'),'Anestheologist','Doctor');
INSERT INTO MEDICAL_STAFF VALUES (70,'MIHAI GEORGE','0703083075','MIHAI.GEORGE@gmail.com',to_date('05-06-2009','DD-MM-YYYY'),to_date('27-07-2015','DD-MM-YYYY'),'Cardiologist','Doctor');
INSERT INTO MEDICAL_STAFF VALUES (71,'MOASA COSTELA','0760423254','MOASA.COSTELA@gmail.com',to_date('05-06-2007','DD-MM-YYYY'),to_date(NULL,'DD-MM-YYYY'),'General','Doctor');
INSERT INTO MEDICAL_STAFF VALUES (72,'MORARIU NICOLAE','0715301366','MORARIU.NICOLAE@gmail.com',to_date('27-08-2015','DD-MM-YYYY'),to_date('27-10-2018','DD-MM-YYYY'),'Cardiologist','Assistant');
INSERT INTO MEDICAL_STAFF VALUES (73,'MOREGA MIHAELA','0774534345','MOREGA.MIHAELA@gmail.com',to_date('15-02-2011','DD-MM-YYYY'),to_date('19-04-2017','DD-MM-YYYY'),'Cardiologist','Doctor');
INSERT INTO MEDICAL_STAFF VALUES (74,'MOSOIU IONITA TRAIAN','0718293513','MOSOIU.IONITA@gmail.com',to_date('26-08-2019','DD-MM-YYYY'),to_date('26-11-2019','DD-MM-YYYY'),'Cardiologist','Doctor');
INSERT INTO MEDICAL_STAFF VALUES (75,'MUNTEANU ADRIAN','0759888460','MUNTEANU.ADRIAN@gmail.com',to_date('21-10-2017','DD-MM-YYYY'),to_date('22-11-2019','DD-MM-YYYY'),'Cardiologist','Assistant');
INSERT INTO MEDICAL_STAFF VALUES (76,'Munteanu Calin','0723855479','Munteanu.Calin@gmail.com',to_date('07-10-2019','DD-MM-YYYY'),to_date(NULL,'DD-MM-YYYY'),'General','Assistant');
INSERT INTO MEDICAL_STAFF VALUES (77,'Munteanu Toader','0781080136','Munteanu.Toader@gmail.com',to_date('02-09-2011','DD-MM-YYYY'),to_date('10-11-2013','DD-MM-YYYY'),'General','Doctor');
INSERT INTO MEDICAL_STAFF VALUES (78,'Muresan Teofil','0771520415','Muresan.Teofil@gmail.com',to_date('04-03-2017','DD-MM-YYYY'),to_date('16-09-2019','DD-MM-YYYY'),'General','Assistant');
INSERT INTO MEDICAL_STAFF VALUES (79,'Neamt Liviu','0711348503','Neamt.Liviu@gmail.com',to_date('06-08-2011','DD-MM-YYYY'),to_date('09-08-2014','DD-MM-YYYY'),'Anestheologist','Doctor');
INSERT INTO MEDICAL_STAFF VALUES (80,'NICOARA TANIA','0764020635','NICOARA.TANIA@gmail.com',to_date('18-05-2007','DD-MM-YYYY'),to_date('19-10-2019','DD-MM-YYYY'),'Anestheologist','Doctor');
INSERT INTO MEDICAL_STAFF VALUES (81,'Nicolae George','0734554584','Nicolae.George@gmail.com',to_date('10-04-2011','DD-MM-YYYY'),to_date('27-11-2013','DD-MM-YYYY'),'General','Assistant');
INSERT INTO MEDICAL_STAFF VALUES (82,'NICOLEANU PAUL','0770070977','NICOLEANU.PAUL@gmail.com',to_date('18-03-2019','DD-MM-YYYY'),to_date('21-05-2019','DD-MM-YYYY'),'Anestheologist','Doctor');
INSERT INTO MEDICAL_STAFF VALUES (83,'NITU VICTOR MIHAI','0750477770','NITU.VICTOR@gmail.com',to_date('16-12-2017','DD-MM-YYYY'),to_date('21-12-2017','DD-MM-YYYY'),'Anestheologist','Doctor');
INSERT INTO MEDICAL_STAFF VALUES (84,'Ofrim Dragos','0745860557','Ofrim.Dragos@gmail.com',to_date('23-10-2007','DD-MM-YYYY'),to_date('25-10-2017','DD-MM-YYYY'),'Anestheologist','Doctor');
INSERT INTO MEDICAL_STAFF VALUES (85,'OGRUTAN PETRE','0785961855','OGRUTAN.PETRE@gmail.com',to_date('09-05-2017','DD-MM-YYYY'),to_date('21-11-2017','DD-MM-YYYY'),'Anestheologist','Doctor');
INSERT INTO MEDICAL_STAFF VALUES (86,'OLTEAN IOAN DANUT','0736362945','OLTEAN.IOAN@gmail.com',to_date('08-11-2014','DD-MM-YYYY'),to_date(NULL,'DD-MM-YYYY'),'Cardiologist','Doctor');
INSERT INTO MEDICAL_STAFF VALUES (87,'OLTU OREST','0736521438','OLTU.OREST@gmail.com',to_date('22-07-2019','DD-MM-YYYY'),to_date('23-10-2019','DD-MM-YYYY'),'General','Doctor');
INSERT INTO MEDICAL_STAFF VALUES (88,'PANA GHEORGHE','0783968435','PANA.GHEORGHE@gmail.com',to_date('09-05-2010','DD-MM-YYYY'),to_date('11-05-2011','DD-MM-YYYY'),'Anestheologist','Doctor');
INSERT INTO MEDICAL_STAFF VALUES (89,'PARFENE SORIN','0778539404','PARFENE.SORIN@gmail.com',to_date('27-11-2009','DD-MM-YYYY'),to_date('27-11-2011','DD-MM-YYYY'),'Anestheologist','Doctor');
INSERT INTO MEDICAL_STAFF VALUES (90,'PACURAR CLAUDIA','0765827519','PACURAR.CLAUDIA@gmail.com',to_date('07-07-2016','DD-MM-YYYY'),to_date('15-08-2019','DD-MM-YYYY'),'Anestheologist','Doctor');
INSERT INTO MEDICAL_STAFF VALUES (91,'PATRU ION','0770146157','PATRU.ION@gmail.com',to_date('28-04-2011','DD-MM-YYYY'),to_date('28-08-2016','DD-MM-YYYY'),'Cardiologist','Doctor');
INSERT INTO MEDICAL_STAFF VALUES (92,'PETREANU VIORICA','0724538594','PETREANU.VIORICA@gmail.com',to_date('16-01-2008','DD-MM-YYYY'),to_date('16-05-2019','DD-MM-YYYY'),'Anestheologist','Doctor');
INSERT INTO MEDICAL_STAFF VALUES (93,'POP IOAN','0799403559','POP.IOAN@gmail.com',to_date('13-04-2017','DD-MM-YYYY'),to_date('26-06-2017','DD-MM-YYYY'),'Cardiologist','Assistant');
INSERT INTO MEDICAL_STAFF VALUES (94,'POPA DORIN','0736034625','POPA.DORIN@gmail.com',to_date('20-12-2013','DD-MM-YYYY'),to_date('22-12-2015','DD-MM-YYYY'),'Cardiologist','Assistant');
INSERT INTO MEDICAL_STAFF VALUES (95,'POPA DRAGOS','0745539746','POPA.DRAGOS@gmail.com',to_date('12-04-2012','DD-MM-YYYY'),to_date('20-05-2015','DD-MM-YYYY'),'Anestheologist','Doctor');
INSERT INTO MEDICAL_STAFF VALUES (96,'POPA IOAN','0731070054','POPA.IOAN@gmail.com',to_date('14-07-2010','DD-MM-YYYY'),to_date('14-08-2018','DD-MM-YYYY'),'Cardiologist','Assistant');
INSERT INTO MEDICAL_STAFF VALUES (97,'Popa Valentin','0700141519','Popa.Valentin@gmail.com',to_date('02-03-2012','DD-MM-YYYY'),to_date('26-10-2014','DD-MM-YYYY'),'General','Assistant');
INSERT INTO MEDICAL_STAFF VALUES (98,'POPESCU CLAUDIA','0744448744','POPESCU.CLAUDIA@gmail.com',to_date('23-11-2014','DD-MM-YYYY'),to_date('28-12-2016','DD-MM-YYYY'),'Cardiologist','Assistant');
INSERT INTO MEDICAL_STAFF VALUES (99,'POPESCU MIHAI OCTAVIAN','0790630512','POPESCU.MIHAI@gmail.com',to_date('08-04-2015','DD-MM-YYYY'),to_date('08-08-2015','DD-MM-YYYY'),'General','Doctor');
INSERT INTO MEDICAL_STAFF VALUES (100,'POPESCU MIHAELA','0737459481','POPESCU.MIHAELA@gmail.com',to_date('14-08-2014','DD-MM-YYYY'),to_date(NULL,'DD-MM-YYYY'),'General','Doctor');
INSERT INTO MEDICAL_STAFF VALUES (101,'POPESCU SILVIA','0704717575','POPESCU.SILVIA@gmail.com',to_date('09-07-2009','DD-MM-YYYY'),to_date('22-09-2018','DD-MM-YYYY'),'General','Assistant');
INSERT INTO MEDICAL_STAFF VALUES (102,'RAB LAURA','0726471937','RAB.LAURA@gmail.com',to_date('06-11-2007','DD-MM-YYYY'),to_date('08-11-2010','DD-MM-YYYY'),'Anestheologist','Assistant');
INSERT INTO MEDICAL_STAFF VALUES (103,'RADU SERGHEI','0740207228','RADU.SERGHEI@gmail.com',to_date('06-03-2017','DD-MM-YYYY'),to_date('13-07-2019','DD-MM-YYYY'),'Anestheologist','Assistant');
INSERT INTO MEDICAL_STAFF VALUES (104,'RACASAN NICOLETA','0775929681','RACASAN.NICOLETA@gmail.com',to_date('27-02-2011','DD-MM-YYYY'),to_date('28-09-2017','DD-MM-YYYY'),'Cardiologist','Assistant');
INSERT INTO MEDICAL_STAFF VALUES (105,'RADULESCU MARIN','0715598308','RADULESCU.MARIN@gmail.com',to_date('06-08-2013','DD-MM-YYYY'),to_date('27-12-2016','DD-MM-YYYY'),'Cardiologist','Assistant');
INSERT INTO MEDICAL_STAFF VALUES (106,'ROBU OCTAVIAN','0771152345','ROBU.OCTAVIAN@gmail.com',to_date('09-12-2008','DD-MM-YYYY'),to_date('15-12-2018','DD-MM-YYYY'),'General','Doctor');
INSERT INTO MEDICAL_STAFF VALUES (107,'RUCINSCHI DAN CRISTIAN','0795374841','RUCINSCHI.DAN@gmail.com',to_date('07-03-2014','DD-MM-YYYY'),to_date('10-05-2017','DD-MM-YYYY'),'General','Assistant');
INSERT INTO MEDICAL_STAFF VALUES (108,'SACERDOTIANU DUMITRU','0717799575','SACERDOTIANU.DUMITRU@gmail.com',to_date('04-12-2016','DD-MM-YYYY'),to_date('24-12-2019','DD-MM-YYYY'),'Anestheologist','Doctor');
INSERT INTO MEDICAL_STAFF VALUES (109,'SAMOILESCU GHEORGHE','0772760069','SAMOILESCU.GHEORGHE@gmail.com',to_date('07-10-2010','DD-MM-YYYY'),to_date('19-12-2015','DD-MM-YYYY'),'General','Assistant');
INSERT INTO MEDICAL_STAFF VALUES (110,'SANDU FLORIN','0710422557','SANDU.FLORIN@gmail.com',to_date('12-01-2010','DD-MM-YYYY'),to_date('28-04-2011','DD-MM-YYYY'),'General','Doctor');
INSERT INTO MEDICAL_STAFF VALUES (111,'SALCEANU ALEXANDRU','0736761655','SALCEANU.ALEXANDRU@gmail.com',to_date('09-12-2009','DD-MM-YYYY'),to_date('21-12-2013','DD-MM-YYYY'),'Anestheologist','Assistant');
INSERT INTO MEDICAL_STAFF VALUES (112,'SCORNEA AURELIA','0781596869','SCORNEA.AURELIA@gmail.com',to_date('11-07-2007','DD-MM-YYYY'),to_date('21-10-2007','DD-MM-YYYY'),'Cardiologist','Assistant');
INSERT INTO MEDICAL_STAFF VALUES (113,'SCUTARU GHEORGHE','0717785847','SCUTARU.GHEORGHE@gmail.com',to_date('16-02-2012','DD-MM-YYYY'),to_date('23-10-2015','DD-MM-YYYY'),'Anestheologist','Assistant');
INSERT INTO MEDICAL_STAFF VALUES (114,'SILAGHI ANDREI MARIUS','0704996262','SILAGHI.ANDREI@gmail.com',to_date('07-10-2015','DD-MM-YYYY'),to_date('19-10-2019','DD-MM-YYYY'),'Cardiologist','Assistant');
INSERT INTO MEDICAL_STAFF VALUES (115,'SILAGHI MARIUS ALEXANDRU','0749609908','SILAGHI.MARIUS@gmail.com',to_date('21-08-2016','DD-MM-YYYY'),to_date('26-08-2019','DD-MM-YYYY'),'Anestheologist','Assistant');
INSERT INTO MEDICAL_STAFF VALUES (116,'SIMION EMIL','0708678256','SIMION.EMIL@gmail.com',to_date('17-10-2014','DD-MM-YYYY'),to_date('18-11-2016','DD-MM-YYYY'),'General','Doctor');
INSERT INTO MEDICAL_STAFF VALUES (117,'SNAE GABRIEL','0773593837','SNAE.GABRIEL@gmail.com',to_date('05-10-2017','DD-MM-YYYY'),to_date('11-11-2019','DD-MM-YYYY'),'Cardiologist','Doctor');
INSERT INTO MEDICAL_STAFF VALUES (118,'SOIMU ANDREEA VALERIA','0796129695','SOIMU.ANDREEA@gmail.com',to_date('18-07-2011','DD-MM-YYYY'),to_date('28-12-2012','DD-MM-YYYY'),'General','Doctor');
INSERT INTO MEDICAL_STAFF VALUES (119,'SOTIR ALEXANDRU','0753679472','SOTIR.ALEXANDRU@gmail.com',to_date('28-10-2014','DD-MM-YYYY'),to_date(NULL,'DD-MM-YYYY'),'Cardiologist','Doctor');
INSERT INTO MEDICAL_STAFF VALUES (120,'Stanescu Constantin','0726565641','Stanescu.Constantin@gmail.com',to_date('23-10-2010','DD-MM-YYYY'),to_date('26-11-2011','DD-MM-YYYY'),'General','Assistant');
INSERT INTO MEDICAL_STAFF VALUES (121,'Stefanescu Florian','0732618044','Stefanescu.Florian@gmail.com',to_date('15-09-2009','DD-MM-YYYY'),to_date('22-12-2010','DD-MM-YYYY'),'Cardiologist','Doctor');
INSERT INTO MEDICAL_STAFF VALUES (122,'STOIA DAN','0758695655','STOIA.DAN@gmail.com',to_date('22-07-2018','DD-MM-YYYY'),to_date('22-07-2018','DD-MM-YYYY'),'General','Assistant');
INSERT INTO MEDICAL_STAFF VALUES (123,'Teodoro Emil','0734329714','Teodoro.Emil@gmail.com',to_date('08-10-2018','DD-MM-YYYY'),to_date('28-12-2018','DD-MM-YYYY'),'General','Assistant');
INSERT INTO MEDICAL_STAFF VALUES (124,'TITIHAZAN VIOREL','0745878168','TITIHAZAN.VIOREL@gmail.com',to_date('01-12-2009','DD-MM-YYYY'),to_date('18-12-2009','DD-MM-YYYY'),'Cardiologist','Assistant');
INSERT INTO MEDICAL_STAFF VALUES (125,'?OPA VASILE','0768536993','?OPA.VASILE@gmail.com',to_date('27-01-2010','DD-MM-YYYY'),to_date('27-04-2014','DD-MM-YYYY'),'Anestheologist','Doctor');
INSERT INTO MEDICAL_STAFF VALUES (126,'URSACHI CORNEL','0720431137','URSACHI.CORNEL@gmail.com',to_date('12-08-2017','DD-MM-YYYY'),to_date('27-08-2017','DD-MM-YYYY'),'Anestheologist','Assistant');
INSERT INTO MEDICAL_STAFF VALUES (127,'URSEA LUCIAN','0716471254','URSEA.LUCIAN@gmail.com',to_date('11-03-2011','DD-MM-YYYY'),to_date(NULL,'DD-MM-YYYY'),'Anestheologist','Assistant');
INSERT INTO MEDICAL_STAFF VALUES (128,'VASCAN TEODOR','0768634896','VASCAN.TEODOR@gmail.com',to_date('03-10-2010','DD-MM-YYYY'),to_date('15-11-2011','DD-MM-YYYY'),'Anestheologist','Assistant');
INSERT INTO MEDICAL_STAFF VALUES (129,'VINTILA ADRIAN','0786315218','VINTILA.ADRIAN@gmail.com',to_date('18-10-2017','DD-MM-YYYY'),to_date('24-12-2019','DD-MM-YYYY'),'Anestheologist','Assistant');
INSERT INTO MEDICAL_STAFF VALUES (130,'VOICILA ANGELA','0763477129','VOICILA.ANGELA@gmail.com',to_date('10-06-2016','DD-MM-YYYY'),to_date('25-11-2018','DD-MM-YYYY'),'Anestheologist','Assistant');
INSERT INTO MEDICAL_STAFF VALUES (131,'VOICU VIOLETA','0764237741','VOICU.VIOLETA@gmail.com',to_date('19-03-2013','DD-MM-YYYY'),to_date('26-04-2015','DD-MM-YYYY'),'Cardiologist','Assistant');
INSERT INTO MEDICAL_STAFF VALUES (132,'VONCILA ION','0720834901','VONCILA.ION@gmail.com',to_date('26-05-2018','DD-MM-YYYY'),to_date('27-07-2018','DD-MM-YYYY'),'General','Assistant');








INSERT INTO OWNER VALUES (1,'POPA ANCA','0771409178','POPA.ANCA@gmail.com');
INSERT INTO OWNER VALUES (2,'POPESCU ANGELA ','0782276465','POPESCU.ANGELA @gmail.com');
INSERT INTO OWNER VALUES (3,'POP BOGDANA','0777634090','POP.BOGDANA@gmail.com');
INSERT INTO OWNER VALUES (4,'RADU BOGDAN','0792741553','RADU.BOGDAN@gmail.com');
INSERT INTO OWNER VALUES (5,'IONESCU BRANDUSA','0771940802','IONESCU.BRANDUSA@gmail.com');
INSERT INTO OWNER VALUES (6,'DUMITRU CAMELIA','0730246949','DUMITRU.CAMELIA@gmail.com');
INSERT INTO OWNER VALUES (7,'STOICA CEZARA','0729203251','STOICA.CEZARA@gmail.com');
INSERT INTO OWNER VALUES (8,'STAN ADELINA','0773607920','STAN.ADELINA@gmail.com');
INSERT INTO OWNER VALUES (9,'GHEORGHE ADRIANA','0761799801','GHEORGHE.ADRIANA@gmail.com');
INSERT INTO OWNER VALUES (10,'RUSU ADINA','0727734583','RUSU.ADINA@gmail.com');
INSERT INTO OWNER VALUES (11,'MUNTEANU AFINA','0792814143','MUNTEANU.AFINA@gmail.com');
INSERT INTO OWNER VALUES (12,'MATEI ALEXANDRA','0745038439','MATEI.ALEXANDRA@gmail.com');
INSERT INTO OWNER VALUES (13,'CONSTANTIN ALICE','0779487245','CONSTANTIN.ALICE@gmail.com');
INSERT INTO OWNER VALUES (14,'SERBAN ALINA','0729188627','SERBAN.ALINA@gmail.com');
INSERT INTO OWNER VALUES (15,'MARIN AMELIA','0734190041','MARIN.AMELIA@gmail.com');
INSERT INTO OWNER VALUES (16,'MIHAI ANA','0745330233','MIHAI.ANA@gmail.com');
INSERT INTO OWNER VALUES (17,'STEFAN ANASTASIA','0765715167','STEFAN.ANASTASIA@gmail.com');
INSERT INTO OWNER VALUES (18,'LAZAR ANAMARIE','0743637495','LAZAR.ANAMARIE@gmail.com');
INSERT INTO OWNER VALUES (19,'MOLDOVAN ANCA','0778924359','MOLDOVAN.ANCA@gmail.com');
INSERT INTO OWNER VALUES (20,'VASILE ANDREEA','0776661672','VASILE.ANDREEA@gmail.com');
INSERT INTO OWNER VALUES (21,'TOMA ANGELA','0751767030','TOMA.ANGELA@gmail.com');
INSERT INTO OWNER VALUES (22,'CIOBANU ANITA','0762133160','CIOBANU.ANITA@gmail.com');
INSERT INTO OWNER VALUES (23,'FLOREA ATANASIA','0734172907','FLOREA.ATANASIA@gmail.com');
INSERT INTO OWNER VALUES (24,'ILIE ANTOANETA','0714245928','ILIE.ANTOANETA@gmail.com');
INSERT INTO OWNER VALUES (25,'STANCIU ARABELA','0782197358','STANCIU.ARABELA@gmail.com');
INSERT INTO OWNER VALUES (26,'OPREA AUGUSTINA','0774790172','OPREA.AUGUSTINA@gmail.com');
INSERT INTO OWNER VALUES (27,'TUDOR AURELIA','0766518849','TUDOR.AURELIA@gmail.com');
INSERT INTO OWNER VALUES (28,'DUMITRESCU CAMELIA','0768075044','DUMITRESCU.CAMELIA@gmail.com');
INSERT INTO OWNER VALUES (29,'DINU CARINA','0786586136','DINU.CARINA@gmail.com');
INSERT INTO OWNER VALUES (30,'CRISTEA CARLA','0746272394','CRISTEA.CARLA@gmail.com');
INSERT INTO OWNER VALUES (31,'ANDREI CARMEN','0715047078','ANDREI.CARMEN@gmail.com');
INSERT INTO OWNER VALUES (32,'IONITA CATALINA','0766244637','IONITA.CATALINA@gmail.com');
INSERT INTO OWNER VALUES (33,'ANGHEL CECILIA','0706500199','ANGHEL.CECILIA@gmail.com');
INSERT INTO OWNER VALUES (34,'MURESAN CELIA','0795273177','MURESAN.CELIA@gmail.com');
INSERT INTO OWNER VALUES (35,'NEAGU CIPRIANA','0741601142','NEAGU.CIPRIANA@gmail.com');
INSERT INTO OWNER VALUES (36,'BARBU CLARA','0700321037','BARBU.CLARA@gmail.com');
INSERT INTO OWNER VALUES (37,'SANDU CLAUDIA','0725471558','SANDU.CLAUDIA@gmail.com');
INSERT INTO OWNER VALUES (38,'ION CINDY','0746642511','ION.CINDY@gmail.com');
INSERT INTO OWNER VALUES (39,'UNGUREANU CONSTANTA','0785760160','UNGUREANU.CONSTANTA@gmail.com');
INSERT INTO OWNER VALUES (40,'DRAGOMIR CORINA','0733808944','DRAGOMIR.CORINA@gmail.com');
INSERT INTO OWNER VALUES (41,'VLAD CORNELIA','0732832536','VLAD.CORNELIA@gmail.com');
INSERT INTO OWNER VALUES (42,'GEORGESCU COSTELA','0722336396','GEORGESCU.COSTELA@gmail.com');
INSERT INTO OWNER VALUES (43,'CONSTANTINESCU CONSUELO','0716544783','CONSTANTINESCU.CONSUELO@gmail.com');
INSERT INTO OWNER VALUES (44,'NAGY CRIN','0770883126','NAGY.CRIN@gmail.com');
INSERT INTO OWNER VALUES (45,'CRACIUN CRISTINA','0771528968','CRACIUN.CRISTINA@gmail.com');
INSERT INTO OWNER VALUES (46,'COJOCARU ILEANA','0747986128','COJOCARU.ILEANA@gmail.com');
INSERT INTO OWNER VALUES (47,'MOCANU ILINCA','0794207873','MOCANU.ILINCA@gmail.com');
INSERT INTO OWNER VALUES (48,'TANASE INA','0708168489','TANASE.INA@gmail.com');
INSERT INTO OWNER VALUES (49,'IORDACHE IOANA','0705990564','IORDACHE.IOANA@gmail.com');
INSERT INTO OWNER VALUES (50,'ENACHE IONA','0778976409','ENACHE.IONA@gmail.com');
INSERT INTO OWNER VALUES (51,'GRIGORE IONELA','0782776094','GRIGORE.IONELA@gmail.com');
INSERT INTO OWNER VALUES (52,'PETRE IOLANTA','0721431242','PETRE.IOLANTA@gmail.com');
INSERT INTO OWNER VALUES (53,'VOICU IRINA','0742308044','VOICU.IRINA@gmail.com');
INSERT INTO OWNER VALUES (54,'LUPU IRMA','0756150088','LUPU.IRMA@gmail.com');
INSERT INTO OWNER VALUES (55,'BALAN IULIA','0799307077','BALAN.IULIA@gmail.com');
INSERT INTO OWNER VALUES (56,'DOBRE IUSTINA','0753417637','DOBRE.IUSTINA@gmail.com');
INSERT INTO OWNER VALUES (57,'NICOLAE IVONA','0729194071','NICOLAE.IVONA@gmail.com');
INSERT INTO OWNER VALUES (58,'BADEA IZABELA','0718660894','BADEA.IZABELA@gmail.com');
INSERT INTO OWNER VALUES (59,'COMAN LACRAMIORA','0733087427','COMAN.LACRAMIORA@gmail.com');
INSERT INTO OWNER VALUES (60,'IVAN LAURA','0785551688','IVAN.LAURA@gmail.com');
INSERT INTO OWNER VALUES (61,'ROMAN LAURENTIA','0710517338','ROMAN.LAURENTIA@gmail.com');
INSERT INTO OWNER VALUES (62,'SZABO LAVINIA','0751846131','SZABO.LAVINIA@gmail.com');
INSERT INTO OWNER VALUES (63,'RADULESCU LETITIA','0761418526','RADULESCU.LETITIA@gmail.com');
INSERT INTO OWNER VALUES (64,'LUNGU LIA','0755763139','LUNGU.LIA@gmail.com');
INSERT INTO OWNER VALUES (65,'IANCU LIDIA','0717888307','IANCU.LIDIA@gmail.com');
INSERT INTO OWNER VALUES (66,'ENE LILIANA','0781656612','ENE.LILIANA@gmail.com');
INSERT INTO OWNER VALUES (67,'MANEA LINA','0744701487','MANEA.LINA@gmail.com');
INSERT INTO OWNER VALUES (68,'PREDA LIVIA','0777995495','PREDA.LIVIA@gmail.com');
INSERT INTO OWNER VALUES (69,'DAVID LIZA','0726435780','DAVID.LIZA@gmail.com');
INSERT INTO OWNER VALUES (70,'BUCUR LORI','0757307788','BUCUR.LORI@gmail.com');
INSERT INTO OWNER VALUES (71,'MARINESCU LUIZA','0744965726','MARINESCU.LUIZA@gmail.com');
INSERT INTO OWNER VALUES (72,'STOIAN LUMINITA','0788516771','STOIAN.LUMINITA@gmail.com');
INSERT INTO OWNER VALUES (73,'NISTOR MADALINA','0717031229','NISTOR.MADALINA@gmail.com');
INSERT INTO OWNER VALUES (74,'IACOB MARA','0753095251','IACOB.MARA@gmail.com');
INSERT INTO OWNER VALUES (75,'PAVEL MARGARETA','0730604272','PAVEL.MARGARETA@gmail.com');
INSERT INTO OWNER VALUES (76,'FILIP MARIA','0775366456','FILIP.MARIA@gmail.com');
INSERT INTO OWNER VALUES (77,'AVRAM MARIANA','0751722295','AVRAM.MARIANA@gmail.com');
INSERT INTO OWNER VALUES (78,'DRAGAN MARIETTA','0785589155','DRAGAN.MARIETTA@gmail.com');
INSERT INTO OWNER VALUES (79,'SUCIU MARTA','0767331471','SUCIU.MARTA@gmail.com');
INSERT INTO OWNER VALUES (80,'OLTEANU MATILDA','0762161726','OLTEANU.MATILDA@gmail.com');
INSERT INTO OWNER VALUES (81,'PETRESCU MELANIA','0730543787','PETRESCU.MELANIA@gmail.com');
INSERT INTO OWNER VALUES (82,'RUS MEDE','0739290212','RUS.MEDE@gmail.com');
INSERT INTO OWNER VALUES (83,'SIMION MELIA','0771080311','SIMION.MELIA@gmail.com');
INSERT INTO OWNER VALUES (84,'COSTEA MELISA ','0707738360','COSTEA.MELISA @gmail.com');
INSERT INTO OWNER VALUES (85,'MARCU MEREDITH','0744767853','MARCU.MEREDITH@gmail.com');
INSERT INTO OWNER VALUES (86,'CRISAN MIHAELA','0731868836','CRISAN.MIHAELA@gmail.com');
INSERT INTO OWNER VALUES (87,'LUCA MIRELA','0733689830','LUCA.MIRELA@gmail.com');
INSERT INTO OWNER VALUES (88,'ROSU MINERVA','0796010946','ROSU.MINERVA@gmail.com');
INSERT INTO OWNER VALUES (89,'NITA MIRABELLA','0797108381','NITA.MIRABELLA@gmail.com');
INSERT INTO OWNER VALUES (90,'KOVACS MONICA','0702130905','KOVACS.MONICA@gmail.com');
INSERT INTO OWNER VALUES (91,'DIACONU MORANA','0758861694','DIACONU.MORANA@gmail.com');
INSERT INTO OWNER VALUES (92,'ROTARU CALIN','0708612876','ROTARU.CALIN@gmail.com');
INSERT INTO OWNER VALUES (93,'BOGDAN CATALIN','0740983524','BOGDAN.CATALIN@gmail.com');
INSERT INTO OWNER VALUES (94,'MUNTEAN CAROL','0715948120','MUNTEAN.CAROL@gmail.com');
INSERT INTO OWNER VALUES (95,'NEDELCU CEZAR','0786969876','NEDELCU.CEZAR@gmail.com');
INSERT INTO OWNER VALUES (96,'DAN CIPRIAN','0706861205','DAN.CIPRIAN@gmail.com');
INSERT INTO OWNER VALUES (97,'CRETU CLAUDIU','0796483282','CRETU.CLAUDIU@gmail.com');
INSERT INTO OWNER VALUES (98,'CALIN CONSTANTIN','0774141403','CALIN.CONSTANTIN@gmail.com');
INSERT INTO OWNER VALUES (99,'ZAHARIA CORNEL','0751916459','ZAHARIA.CORNEL@gmail.com');
INSERT INTO OWNER VALUES (100,'STANESCU COSMIN','0732661259','STANESCU.COSMIN@gmail.com');
INSERT INTO OWNER VALUES (101,'COSTACHE COSTEL','0771518810','COSTACHE.COSTEL@gmail.com');
INSERT INTO OWNER VALUES (102,'POPOVICI COSTI','0704385421','POPOVICI.COSTI@gmail.com');
INSERT INTO OWNER VALUES (103,'STANCU COSTIN','0725092200','STANCU.COSTIN@gmail.com');
INSERT INTO OWNER VALUES (104,'BACIU CRISTIAN','0713253054','BACIU.CRISTIAN@gmail.com');
INSERT INTO OWNER VALUES (105,'ALEXANDRU CRISTINEL','0741115534','ALEXANDRU.CRISTINEL@gmail.com');
INSERT INTO OWNER VALUES (106,'STEFANESCU IACOB','0714102877','STEFANESCU.IACOB@gmail.com');
INSERT INTO OWNER VALUES (107,'GHITA IOAN','0725399241','GHITA.IOAN@gmail.com');
INSERT INTO OWNER VALUES (108,'ALBU ION','0759239601','ALBU.ION@gmail.com');
INSERT INTO OWNER VALUES (109,'TEODORESCU IONACHE','0791842167','TEODORESCU.IONACHE@gmail.com');
INSERT INTO OWNER VALUES (110,'NEACSU IONEL','0793270343','NEACSU.IONEL@gmail.com');
INSERT INTO OWNER VALUES (111,'MORARU IONUT','0759585869','MORARU.IONUT@gmail.com');
INSERT INTO OWNER VALUES (112,'PAUN IULIAN','0787302766','PAUN.IULIAN@gmail.com');
INSERT INTO OWNER VALUES (113,'ANTON IUSTIN','0760793485','ANTON.IUSTIN@gmail.com');
INSERT INTO OWNER VALUES (114,'ROSCA ABEL','0730635092','ROSCA.ABEL@gmail.com');
INSERT INTO OWNER VALUES (115,'PARASCHIV ADI','0709230278','PARASCHIV.ADI@gmail.com');
INSERT INTO OWNER VALUES (116,'TOADER ADRIAN','0730336203','TOADER.ADRIAN@gmail.com');
INSERT INTO OWNER VALUES (117,'NICA ALEXANDRU','0727801205','NICA.ALEXANDRU@gmail.com');
INSERT INTO OWNER VALUES (118,'DRAGHICI ALIN','0712772374','DRAGHICI.ALIN@gmail.com');
INSERT INTO OWNER VALUES (119,'NITU ANATOLIE','0783167457','NITU.ANATOLIE@gmail.com');
INSERT INTO OWNER VALUES (120,'PASCU ANDREI','0733685955','PASCU.ANDREI@gmail.com');
INSERT INTO OWNER VALUES (121,'ARDELEAN ANDRONIC','0778344801','ARDELEAN.ANDRONIC@gmail.com');
INSERT INTO OWNER VALUES (122,'OLARU ANTO','0750660811','OLARU.ANTO@gmail.com');
INSERT INTO OWNER VALUES (123,'DIMA AUREL','0750890822','DIMA.AUREL@gmail.com');
INSERT INTO OWNER VALUES (124,'ZAMFIR ANCA','0738734779','ZAMFIR.ANCA@gmail.com');
INSERT INTO OWNER VALUES (125,'NASTASE ANGELA ','0711995917','NASTASE.ANGELA @gmail.com');
INSERT INTO OWNER VALUES (126,'VARGA BOGDANA','0713945369','VARGA.BOGDANA@gmail.com');
INSERT INTO OWNER VALUES (127,'DAMIAN BOGDAN','0723193440','DAMIAN.BOGDAN@gmail.com');
INSERT INTO OWNER VALUES (128,'MIHALACHE BRANDUSA','0750525460','MIHALACHE.BRANDUSA@gmail.com');
INSERT INTO OWNER VALUES (129,'DINCA CAMELIA','0757345776','DINCA.CAMELIA@gmail.com');
INSERT INTO OWNER VALUES (130,'DUMITRACHE CEZARA','0731572215','DUMITRACHE.CEZARA@gmail.com');
INSERT INTO OWNER VALUES (131,'SAVA ADELINA','0723123990','SAVA.ADELINA@gmail.com');
INSERT INTO OWNER VALUES (132,'MOISE ADRIANA','0743458727','MOISE.ADRIANA@gmail.com');
INSERT INTO OWNER VALUES (133,'CHIRIAC ADINA','0781653144','CHIRIAC.ADINA@gmail.com');
INSERT INTO OWNER VALUES (134,'MIHAILA AFINA','0798410452','MIHAILA.AFINA@gmail.com');
INSERT INTO OWNER VALUES (135,'MIRON ALEXANDRA','0737073402','MIRON.ALEXANDRA@gmail.com');
INSERT INTO OWNER VALUES (136,'APOSTOL ALICE','0712729818','APOSTOL.ALICE@gmail.com');
INSERT INTO OWNER VALUES (137,'PETCU ALINA','0751841569','PETCU.ALINA@gmail.com');
INSERT INTO OWNER VALUES (138,'NICULESCU AMELIA','0773483030','NICULESCU.AMELIA@gmail.com');
INSERT INTO OWNER VALUES (139,'SIRBU ANA','0712375619','SIRBU.ANA@gmail.com');
INSERT INTO OWNER VALUES (140,'BRATU ANASTASIA','0713412427','BRATU.ANASTASIA@gmail.com');
INSERT INTO OWNER VALUES (141,'ISTRATE ANAMARIE','0702183575','ISTRATE.ANAMARIE@gmail.com');
INSERT INTO OWNER VALUES (142,'ILIESCU ANCA','0765154248','ILIESCU.ANCA@gmail.com');
INSERT INTO OWNER VALUES (143,'MICU ANDREEA','0721829800','MICU.ANDREEA@gmail.com');
INSERT INTO OWNER VALUES (144,'VASILESCU ANGELA','0741902944','VASILESCU.ANGELA@gmail.com');
INSERT INTO OWNER VALUES (145,'OANCEA ANITA','0707101634','OANCEA.ANITA@gmail.com');
INSERT INTO OWNER VALUES (146,'FARCAS ATANASIA','0771320755','FARCAS.ATANASIA@gmail.com');
INSERT INTO OWNER VALUES (147,'CHIRILA ANTOANETA','0737747688','CHIRILA.ANTOANETA@gmail.com');
INSERT INTO OWNER VALUES (148,'KISS ARABELA','0710748468','KISS.ARABELA@gmail.com');
INSERT INTO OWNER VALUES (149,'CROITORU AUGUSTINA','0777500329','CROITORU.AUGUSTINA@gmail.com');
INSERT INTO OWNER VALUES (150,'FLORESCU AURELIA','0712034308','FLORESCU.AURELIA@gmail.com');
INSERT INTO OWNER VALUES (151,'GAVRILA CAMELIA','0781150519','GAVRILA.CAMELIA@gmail.com');
INSERT INTO OWNER VALUES (152,'GHEORGHIU CARINA','0757312062','GHEORGHIU.CARINA@gmail.com');
INSERT INTO OWNER VALUES (153,'SOARE CARLA','0782697881','SOARE.CARLA@gmail.com');
INSERT INTO OWNER VALUES (154,'MANOLE CARMEN','0742354694','MANOLE.CARMEN@gmail.com');
INSERT INTO OWNER VALUES (155,'SAVU CATALINA','0751134715','SAVU.CATALINA@gmail.com');
INSERT INTO OWNER VALUES (156,'VISAN CECILIA','0718601123','VISAN.CECILIA@gmail.com');
INSERT INTO OWNER VALUES (157,'DUMITRASCU CELIA','0725154489','DUMITRASCU.CELIA@gmail.com');
INSERT INTO OWNER VALUES (158,'STROE CIPRIANA','0718544908','STROE.CIPRIANA@gmail.com');
INSERT INTO OWNER VALUES (159,'URSU CLARA','0725505095','URSU.CLARA@gmail.com');
INSERT INTO OWNER VALUES (160,'TAMAS CLAUDIA','0766346799','TAMAS.CLAUDIA@gmail.com');
INSERT INTO OWNER VALUES (161,'MUSAT CINDY','0738999832','MUSAT.CINDY@gmail.com');
INSERT INTO OWNER VALUES (162,'MARIAN CONSTANTA','0719146403','MARIAN.CONSTANTA@gmail.com');
INSERT INTO OWNER VALUES (163,'BALINT CORINA','0713431854','BALINT.CORINA@gmail.com');
INSERT INTO OWNER VALUES (164,'SIMON CORNELIA','0785081113','SIMON.CORNELIA@gmail.com');
INSERT INTO OWNER VALUES (165,'MOLNAR COSTELA','0758299612','MOLNAR.COSTELA@gmail.com');
INSERT INTO OWNER VALUES (166,'NICULAE CONSUELO','0713580733','NICULAE.CONSUELO@gmail.com');
INSERT INTO OWNER VALUES (167,'PATRASCU CRIN','0754249432','PATRASCU.CRIN@gmail.com');
INSERT INTO OWNER VALUES (168,'PANA CRISTINA','0772714960','PANA.CRISTINA@gmail.com');
INSERT INTO OWNER VALUES (169,'IGNAT ILEANA','0749281878','IGNAT.ILEANA@gmail.com');
INSERT INTO OWNER VALUES (170,'TOTH ILINCA','0721986743','TOTH.ILINCA@gmail.com');
INSERT INTO OWNER VALUES (171,'COSMA INA','0707224239','COSMA.INA@gmail.com');
INSERT INTO OWNER VALUES (172,'TUDORACHE IOANA','0755692391','TUDORACHE.IOANA@gmail.com');
INSERT INTO OWNER VALUES (173,'GRECU IONA','0752263852','GRECU.IONA@gmail.com');
INSERT INTO OWNER VALUES (174,'DASCALU IONELA','0735167432','DASCALU.IONELA@gmail.com');
INSERT INTO OWNER VALUES (175,'GROSU IOLANTA','0761392689','GROSU.IOLANTA@gmail.com');
INSERT INTO OWNER VALUES (176,'CHIRITA IRINA','0736709243','CHIRITA.IRINA@gmail.com');
INSERT INTO OWNER VALUES (177,'COZMA IRMA','0799911457','COZMA.IRMA@gmail.com');
INSERT INTO OWNER VALUES (178,'OLTEAN IULIA','0708840515','OLTEAN.IULIA@gmail.com');
INSERT INTO OWNER VALUES (179,'MIHAILESCU IUSTINA','0706770684','MIHAILESCU.IUSTINA@gmail.com');
INSERT INTO OWNER VALUES (180,'MORAR IVONA','0766560251','MORAR.IVONA@gmail.com');
INSERT INTO OWNER VALUES (181,'MOLDOVEANU IZABELA','0768881318','MOLDOVEANU.IZABELA@gmail.com');
INSERT INTO OWNER VALUES (182,'SIMA LACRAMIORA','0765153600','SIMA.LACRAMIORA@gmail.com');
INSERT INTO OWNER VALUES (183,'PANAIT LAURA','0729988499','PANAIT.LAURA@gmail.com');
INSERT INTO OWNER VALUES (184,'VOINEA LAURENTIA','0793590259','VOINEA.LAURENTIA@gmail.com');
INSERT INTO OWNER VALUES (185,'CIOCAN LAVINIA','0768261083','CIOCAN.LAVINIA@gmail.com');
INSERT INTO OWNER VALUES (186,'IRIMIA LETITIA','0795595535','IRIMIA.LETITIA@gmail.com');
INSERT INTO OWNER VALUES (187,'MANOLACHE LIA','0785483866','MANOLACHE.LIA@gmail.com');
INSERT INTO OWNER VALUES (188,'NECULA LIDIA','0760291705','NECULA.LIDIA@gmail.com');
INSERT INTO OWNER VALUES (189,'PIRVU LILIANA','0733056449','PIRVU.LILIANA@gmail.com');
INSERT INTO OWNER VALUES (190,'ADAM LINA','0723011427','ADAM.LINA@gmail.com');
INSERT INTO OWNER VALUES (191,'BURLACU LIVIA','0781842023','BURLACU.LIVIA@gmail.com');
INSERT INTO OWNER VALUES (192,'DANCIU LIZA','0758993707','DANCIU.LIZA@gmail.com');
INSERT INTO OWNER VALUES (193,'SZEKELY LORI','0785956252','SZEKELY.LORI@gmail.com');
INSERT INTO OWNER VALUES (194,'TURCU LUIZA','0745997073','TURCU.LUIZA@gmail.com');
INSERT INTO OWNER VALUES (195,'DANILA LUMINITA','0754552261','DANILA.LUMINITA@gmail.com');
INSERT INTO OWNER VALUES (196,'GRIGORAS MADALINA','0755916011','GRIGORAS.MADALINA@gmail.com');
INSERT INTO OWNER VALUES (197,'SABAU MARA','0727035703','SABAU.MARA@gmail.com');
INSERT INTO OWNER VALUES (198,'TUDOSE MARGARETA','0759292846','TUDOSE.MARGARETA@gmail.com');
INSERT INTO OWNER VALUES (199,'MARGINEAN MARIA','0778447558','MARGINEAN.MARIA@gmail.com');
INSERT INTO OWNER VALUES (200,'NICOLESCU MARIANA','0717571275','NICOLESCU.MARIANA@gmail.com');
INSERT INTO OWNER VALUES (201,'CAZACU MARIETTA','0764202228','CAZACU.MARIETTA@gmail.com');
INSERT INTO OWNER VALUES (202,'ALEXE MARTA','0750730862','ALEXE.MARTA@gmail.com');
INSERT INTO OWNER VALUES (203,'SZASZ MATILDA','0731259754','SZASZ.MATILDA@gmail.com');
INSERT INTO OWNER VALUES (204,'ALDEA MELANIA','0780783058','ALDEA.MELANIA@gmail.com');
INSERT INTO OWNER VALUES (205,'MAXIM MEDE','0723231806','MAXIM.MEDE@gmail.com');
INSERT INTO OWNER VALUES (206,'NEGRU MELIA','0757387377','NEGRU.MELIA@gmail.com');
INSERT INTO OWNER VALUES (207,'GABOR MELISA ','0794716416','GABOR.MELISA @gmail.com');
INSERT INTO OWNER VALUES (208,'DIACONESCU MEREDITH','0737785904','DIACONESCU.MEREDITH@gmail.com');
INSERT INTO OWNER VALUES (209,'MIHALCEA MIHAELA','0748596943','MIHALCEA.MIHAELA@gmail.com');
INSERT INTO OWNER VALUES (210,'TRANDAFIR MIRELA','0769492344','TRANDAFIR.MIRELA@gmail.com');
INSERT INTO OWNER VALUES (211,'DUTA MINERVA','0770093891','DUTA.MINERVA@gmail.com');
INSERT INTO OWNER VALUES (212,'COSTIN MIRABELLA','0783702794','COSTIN.MIRABELLA@gmail.com');
INSERT INTO OWNER VALUES (213,'CUCU MONICA','0797099382','CUCU.MONICA@gmail.com');
INSERT INTO OWNER VALUES (214,'MILITARU MORANA','0775586050','MILITARU.MORANA@gmail.com');
INSERT INTO OWNER VALUES (215,'DOGARU CALIN','0759928043','DOGARU.CALIN@gmail.com');
INSERT INTO OWNER VALUES (216,'MIRCEA CATALIN','0759105072','MIRCEA.CATALIN@gmail.com');
INSERT INTO OWNER VALUES (217,'VASILIU CAROL','0784768343','VASILIU.CAROL@gmail.com');
INSERT INTO OWNER VALUES (218,'MACOVEI CEZAR','0702364841','MACOVEI.CEZAR@gmail.com');
INSERT INTO OWNER VALUES (219,'CHIS CIPRIAN','0782262453','CHIS.CIPRIAN@gmail.com');
INSERT INTO OWNER VALUES (220,'DOBRESCU CLAUDIU','0718148378','DOBRESCU.CLAUDIU@gmail.com');
INSERT INTO OWNER VALUES (221,'GHERMAN CONSTANTIN','0745763580','GHERMAN.CONSTANTIN@gmail.com');
INSERT INTO OWNER VALUES (222,'TOMESCU CORNEL','0760679739','TOMESCU.CORNEL@gmail.com');
INSERT INTO OWNER VALUES (223,'NEGREA COSMIN','0745612289','NEGREA.COSMIN@gmail.com');
INSERT INTO OWNER VALUES (224,'NEGOITA COSTEL','0784382797','NEGOITA.COSTEL@gmail.com');
INSERT INTO OWNER VALUES (225,'PADURARU COSTI','0741984788','PADURARU.COSTI@gmail.com');
INSERT INTO OWNER VALUES (226,'BOTA COSTIN','0774953612','BOTA.COSTIN@gmail.com');
INSERT INTO OWNER VALUES (227,'GROZA CRISTIAN','0749786998','GROZA.CRISTIAN@gmail.com');
INSERT INTO OWNER VALUES (228,'GAL CRISTINEL','0766656688','GAL.CRISTINEL@gmail.com');
INSERT INTO OWNER VALUES (229,'ALEXANDRESCU IACOB','0726589646','ALEXANDRESCU.IACOB@gmail.com');
INSERT INTO OWNER VALUES (230,'CATANA IOAN','0718035348','CATANA.IOAN@gmail.com');
INSERT INTO OWNER VALUES (231,'GRIGORESCU ION','0742044534','GRIGORESCU.ION@gmail.com');
INSERT INTO OWNER VALUES (232,'ISPAS IONACHE','0768612491','ISPAS.IONACHE@gmail.com');
INSERT INTO OWNER VALUES (233,'NICOARA IONEL','0752517985','NICOARA.IONEL@gmail.com');
INSERT INTO OWNER VALUES (234,'BLAGA IONUT','0742138956','BLAGA.IONUT@gmail.com');
INSERT INTO OWNER VALUES (235,'BEJAN IULIAN','0773138400','BEJAN.IULIAN@gmail.com');
INSERT INTO OWNER VALUES (236,'FODOR IUSTIN','0723252969','FODOR.IUSTIN@gmail.com');
INSERT INTO OWNER VALUES (237,'NEAGOE ABEL','0745662071','NEAGOE.ABEL@gmail.com');
INSERT INTO OWNER VALUES (238,'DRAGOI ADI','0737113269','DRAGOI.ADI@gmail.com');
INSERT INTO OWNER VALUES (239,'BANU ADRIAN','0768640113','BANU.ADRIAN@gmail.com');
INSERT INTO OWNER VALUES (240,'PINTILIE ALEXANDRU','0728130809','PINTILIE.ALEXANDRU@gmail.com');
INSERT INTO OWNER VALUES (241,'PINTEA ALIN','0725298492','PINTEA.ALIN@gmail.com');
INSERT INTO OWNER VALUES (242,'VADUVA ANATOLIE','0750248821','VADUVA.ANATOLIE@gmail.com');
INSERT INTO OWNER VALUES (243,'MATEESCU ANDREI','0764586521','MATEESCU.ANDREI@gmail.com');
INSERT INTO OWNER VALUES (244,'CRISTESCU ANDRONIC','0761743272','CRISTESCU.ANDRONIC@gmail.com');
INSERT INTO OWNER VALUES (245,'MIREA ANTO','0795629165','MIREA.ANTO@gmail.com');
INSERT INTO OWNER VALUES (246,'TRIF AUREL','0738573513','TRIF.AUREL@gmail.com');
INSERT INTO OWNER VALUES (247,'SARBU ANCA','0735963480','SARBU.ANCA@gmail.com');
INSERT INTO OWNER VALUES (248,'PASCA ANGELA ','0742939433','PASCA.ANGELA @gmail.com');
INSERT INTO OWNER VALUES (249,'PUIU BOGDANA','0793515659','PUIU.BOGDANA@gmail.com');
INSERT INTO OWNER VALUES (250,'IORGA BOGDAN','0735994354','IORGA.BOGDAN@gmail.com');
INSERT INTO OWNER VALUES (251,'TATARU BRANDUSA','0720166115','TATARU.BRANDUSA@gmail.com');
INSERT INTO OWNER VALUES (252,'MOGA CAMELIA','0750686340','MOGA.CAMELIA@gmail.com');
INSERT INTO OWNER VALUES (253,'NECHITA CEZARA','0724181786','NECHITA.CEZARA@gmail.com');
INSERT INTO OWNER VALUES (254,'BODEA ADELINA','0761301696','BODEA.ADELINA@gmail.com');
INSERT INTO OWNER VALUES (255,'SOLOMON ADRIANA','0712692631','SOLOMON.ADRIANA@gmail.com');
INSERT INTO OWNER VALUES (256,'BARBULESCU ADINA','0741937605','BARBULESCU.ADINA@gmail.com');
INSERT INTO OWNER VALUES (257,'TRIFAN AFINA','0752573781','TRIFAN.AFINA@gmail.com');
INSERT INTO OWNER VALUES (258,'OLARIU ALEXANDRA','0724598699','OLARIU.ALEXANDRA@gmail.com');
INSERT INTO OWNER VALUES (259,'PRODAN ALICE','0766158406','PRODAN.ALICE@gmail.com');
INSERT INTO OWNER VALUES (260,'MAN ALINA','0737457582','MAN.ALINA@gmail.com');
INSERT INTO OWNER VALUES (261,'SANDOR AMELIA','0722749657','SANDOR.AMELIA@gmail.com');
INSERT INTO OWNER VALUES (262,'VINTILA ANA','0709710314','VINTILA.ANA@gmail.com');
INSERT INTO OWNER VALUES (263,'ANTAL ANASTASIA','0779134700','ANTAL.ANASTASIA@gmail.com');
INSERT INTO OWNER VALUES (264,'CORNEA ANAMARIE','0744510437','CORNEA.ANAMARIE@gmail.com');
INSERT INTO OWNER VALUES (265,'FRATILA ANCA','0744749458','FRATILA.ANCA@gmail.com');
INSERT INTO OWNER VALUES (266,'MARTIN ANDREEA','0734256589','MARTIN.ANDREEA@gmail.com');
INSERT INTO OWNER VALUES (267,'ICHIM ANGELA','0727460538','ICHIM.ANGELA@gmail.com');
INSERT INTO OWNER VALUES (268,'GHEORGHITA ANITA','0743570095','GHEORGHITA.ANITA@gmail.com');
INSERT INTO OWNER VALUES (269,'GIURGIU ATANASIA','0716332249','GIURGIU.ATANASIA@gmail.com');
INSERT INTO OWNER VALUES (270,'IOSIF ANTOANETA','0701942514','IOSIF.ANTOANETA@gmail.com');
INSERT INTO OWNER VALUES (271,'NEAMTU ARABELA','0768654121','NEAMTU.ARABELA@gmail.com');
INSERT INTO OWNER VALUES (272,'PETER AUGUSTINA','0791583450','PETER.AUGUSTINA@gmail.com');
INSERT INTO OWNER VALUES (273,'VERES AURELIA','0736646970','VERES.AURELIA@gmail.com');
INSERT INTO OWNER VALUES (274,'BANICA CAMELIA','0794046733','BANICA.CAMELIA@gmail.com');
INSERT INTO OWNER VALUES (275,'NEMES CARINA','0739152713','NEMES.CARINA@gmail.com');
INSERT INTO OWNER VALUES (276,'BUNEA CARLA','0709773844','BUNEA.CARLA@gmail.com');
INSERT INTO OWNER VALUES (277,'ACHIM CARMEN','0760612771','ACHIM.CARMEN@gmail.com');
INSERT INTO OWNER VALUES (278,'STAICU CATALINA','0783266205','STAICU.CATALINA@gmail.com');
INSERT INTO OWNER VALUES (279,'DUMITRIU CECILIA','0728263007','DUMITRIU.CECILIA@gmail.com');
INSERT INTO OWNER VALUES (280,'BOBOC CELIA','0723778855','BOBOC.CELIA@gmail.com');
INSERT INTO OWNER VALUES (281,'BOTEZATU CIPRIANA','0792935487','BOTEZATU.CIPRIANA@gmail.com');
INSERT INTO OWNER VALUES (282,'MAFTEI CLARA','0710237118','MAFTEI.CLARA@gmail.com');
INSERT INTO OWNER VALUES (283,'PETREA CLAUDIA','0790800448','PETREA.CLAUDIA@gmail.com');
INSERT INTO OWNER VALUES (284,'GANEA CINDY','0789619627','GANEA.CINDY@gmail.com');
INSERT INTO OWNER VALUES (285,'RADOI CONSTANTA','0766875461','RADOI.CONSTANTA@gmail.com');
INSERT INTO OWNER VALUES (286,'PARVU CORINA','0716336201','PARVU.CORINA@gmail.com');
INSERT INTO OWNER VALUES (287,'SIMIONESCU CORNELIA','0710633904','SIMIONESCU.CORNELIA@gmail.com');
INSERT INTO OWNER VALUES (288,'OPRIS COSTELA','0708244569','OPRIS.COSTELA@gmail.com');
INSERT INTO OWNER VALUES (289,'COVACI CONSUELO','0704776531','COVACI.CONSUELO@gmail.com');
INSERT INTO OWNER VALUES (290,'IVASCU CRIN','0735759344','IVASCU.CRIN@gmail.com');
INSERT INTO OWNER VALUES (291,'MAZILU CRISTINA','0722039139','MAZILU.CRISTINA@gmail.com');
INSERT INTO OWNER VALUES (292,'MILEA ILEANA','0762290293','MILEA.ILEANA@gmail.com');
INSERT INTO OWNER VALUES (293,'CHIVU ILINCA','0768894985','CHIVU.ILINCA@gmail.com');
INSERT INTO OWNER VALUES (294,'BIRO INA','0764795649','BIRO.INA@gmail.com');
INSERT INTO OWNER VALUES (295,'HORVATH IOANA','0752732779','HORVATH.IOANA@gmail.com');
INSERT INTO OWNER VALUES (296,'MIU IONA','0766883040','MIU.IONA@gmail.com');
INSERT INTO OWNER VALUES (297,'ALEXA IONELA','0791638872','ALEXA.IONELA@gmail.com');
INSERT INTO OWNER VALUES (298,'ARDELEANU IOLANTA','0725866511','ARDELEANU.IOLANTA@gmail.com');
INSERT INTO OWNER VALUES (299,'BUDA IRINA','0780478142','BUDA.IRINA@gmail.com');
INSERT INTO OWNER VALUES (300,'SZILAGYI IRMA','0792637869','SZILAGYI.IRMA@gmail.com');







INSERT INTO PET VALUES (1,to_date('27-05-2018','DD-MM-YYYY'),'F','CASPER','Good Girl',1,42);
INSERT INTO PET VALUES (2,to_date('22-03-2019','DD-MM-YYYY'),'F','BORIS','Good Girl',5,43);
INSERT INTO PET VALUES (3,to_date('11-12-2010','DD-MM-YYYY'),'M','BUBBA','Good Boy',5,10);
INSERT INTO PET VALUES (4,to_date('07-07-2013','DD-MM-YYYY'),'F','ELMO','Good Girl',7,249);
INSERT INTO PET VALUES (5,to_date('06-01-2017','DD-MM-YYYY'),'F','DOTS','Good Girl',6,48);
INSERT INTO PET VALUES (6,to_date('01-05-2014','DD-MM-YYYY'),'M','BEAU','Good Boy',7,239);
INSERT INTO PET VALUES (7,to_date('18-07-2015','DD-MM-YYYY'),'M','ADAM','Good Boy',2,14);
INSERT INTO PET VALUES (8,to_date('11-03-2010','DD-MM-YYYY'),'F','CRACKERS','Good Girl',3,241);
INSERT INTO PET VALUES (9,to_date('18-05-2012','DD-MM-YYYY'),'M','GIZMO','Good Boy',2,283);
INSERT INTO PET VALUES (10,to_date('23-06-2007','DD-MM-YYYY'),'F','BUG','Good Girl',1,46);
INSERT INTO PET VALUES (11,to_date('18-12-2017','DD-MM-YYYY'),'F','FROSTY','Good Girl',6,85);
INSERT INTO PET VALUES (12,to_date('15-10-2013','DD-MM-YYYY'),'F','FLAKEY','Good Girl',4,256);
INSERT INTO PET VALUES (13,to_date('27-08-2019','DD-MM-YYYY'),'M','DESTINI','Good Boy',7,213);
INSERT INTO PET VALUES (14,to_date('16-11-2018','DD-MM-YYYY'),'M','BRIT','Good Boy',5,73);
INSERT INTO PET VALUES (15,to_date('06-08-2011','DD-MM-YYYY'),'F','COZMO','Good Girl',6,164);
INSERT INTO PET VALUES (16,to_date('08-10-2007','DD-MM-YYYY'),'M','BUTTER','Good Boy',4,173);
INSERT INTO PET VALUES (17,to_date('13-10-2005','DD-MM-YYYY'),'M','DOOGIE','Good Boy',7,145);
INSERT INTO PET VALUES (18,to_date('15-04-2012','DD-MM-YYYY'),'M','EDDIE','Good Boy',6,6);
INSERT INTO PET VALUES (19,to_date('18-04-2015','DD-MM-YYYY'),'M','AMOS','Good Boy',4,240);
INSERT INTO PET VALUES (20,to_date('12-09-2018','DD-MM-YYYY'),'F','FUZZY','Good Girl',7,208);
INSERT INTO PET VALUES (21,to_date('09-06-2010','DD-MM-YYYY'),'M','CHESSIE','Good Boy',2,101);
INSERT INTO PET VALUES (22,to_date('07-10-2019','DD-MM-YYYY'),'F','DUFFY','Good Girl',5,93);
INSERT INTO PET VALUES (23,to_date('14-08-2005','DD-MM-YYYY'),'M','BB','Good Boy',2,172);
INSERT INTO PET VALUES (24,to_date('06-03-2018','DD-MM-YYYY'),'M','DALLAS','Good Boy',5,55);
INSERT INTO PET VALUES (25,to_date('21-08-2006','DD-MM-YYYY'),'M','DAFFY','Good Boy',1,150);
INSERT INTO PET VALUES (26,to_date('07-01-2013','DD-MM-YYYY'),'M','BEAUX','Good Boy',1,290);
INSERT INTO PET VALUES (27,to_date('28-10-2010','DD-MM-YYYY'),'F','BINGO','Good Girl',1,168);
INSERT INTO PET VALUES (28,to_date('06-08-2012','DD-MM-YYYY'),'F','DEE','Good Girl',2,237);
INSERT INTO PET VALUES (29,to_date('27-02-2010','DD-MM-YYYY'),'M','DUNCAN','Good Boy',6,191);
INSERT INTO PET VALUES (30,to_date('05-06-2009','DD-MM-YYYY'),'M','FREEWAY','Good Boy',3,103);
INSERT INTO PET VALUES (31,to_date('21-11-2006','DD-MM-YYYY'),'M','GEORGIE','Good Boy',3,284);
INSERT INTO PET VALUES (32,to_date('01-12-2008','DD-MM-YYYY'),'M','COTTON','Good Boy',2,214);
INSERT INTO PET VALUES (33,to_date('08-04-2006','DD-MM-YYYY'),'F','GARFIELD','Good Girl',4,126);
INSERT INTO PET VALUES (34,to_date('15-02-2016','DD-MM-YYYY'),'M','DARWIN','Good Boy',5,94);
INSERT INTO PET VALUES (35,to_date('23-07-2008','DD-MM-YYYY'),'F','BOOSTER','Good Girl',6,8);
INSERT INTO PET VALUES (36,to_date('01-12-2012','DD-MM-YYYY'),'F','CHANEL','Good Girl',3,26);
INSERT INTO PET VALUES (37,to_date('10-08-2010','DD-MM-YYYY'),'F','CHAD','Good Girl',1,41);
INSERT INTO PET VALUES (38,to_date('08-11-2018','DD-MM-YYYY'),'F','BANDIT','Good Girl',5,228);
INSERT INTO PET VALUES (39,to_date('04-08-2018','DD-MM-YYYY'),'M','BARON','Good Boy',4,225);
INSERT INTO PET VALUES (40,to_date('11-03-2016','DD-MM-YYYY'),'M','BLAST','Good Boy',3,44);
INSERT INTO PET VALUES (41,to_date('22-01-2017','DD-MM-YYYY'),'F','BOSS','Good Girl',3,252);
INSERT INTO PET VALUES (42,to_date('09-05-2018','DD-MM-YYYY'),'M','DINKY','Good Boy',5,33);
INSERT INTO PET VALUES (43,to_date('09-05-2007','DD-MM-YYYY'),'F','BUMPER','Good Girl',1,248);
INSERT INTO PET VALUES (44,to_date('26-08-2006','DD-MM-YYYY'),'F','GIANT','Good Girl',3,182);
INSERT INTO PET VALUES (45,to_date('20-10-2016','DD-MM-YYYY'),'M','BUCK','Good Boy',1,271);
INSERT INTO PET VALUES (46,to_date('23-11-2008','DD-MM-YYYY'),'F','AIRES','Good Girl',3,294);
INSERT INTO PET VALUES (47,to_date('21-10-2010','DD-MM-YYYY'),'F','DOMINO','Good Girl',6,215);
INSERT INTO PET VALUES (48,to_date('13-03-2010','DD-MM-YYYY'),'M','ARCHIE','Good Boy',2,137);
INSERT INTO PET VALUES (49,to_date('15-07-2018','DD-MM-YYYY'),'M','EMBER','Good Boy',6,119);
INSERT INTO PET VALUES (50,to_date('24-12-2015','DD-MM-YYYY'),'F','FRECKLES','Good Girl',4,251);
INSERT INTO PET VALUES (51,to_date('28-04-2018','DD-MM-YYYY'),'F','BONES','Good Girl',1,80);
INSERT INTO PET VALUES (52,to_date('14-07-2010','DD-MM-YYYY'),'F','BUTTERBALL','Good Girl',3,222);
INSERT INTO PET VALUES (53,to_date('10-04-2008','DD-MM-YYYY'),'M','BISCUIT','Good Boy',6,274);
INSERT INTO PET VALUES (54,to_date('26-05-2012','DD-MM-YYYY'),'M','GORDON','Good Boy',6,71);
INSERT INTO PET VALUES (55,to_date('23-10-2019','DD-MM-YYYY'),'F','BRINDLE','Good Girl',7,139);
INSERT INTO PET VALUES (56,to_date('02-03-2016','DD-MM-YYYY'),'M','CARLEY','Good Boy',6,261);
INSERT INTO PET VALUES (57,to_date('01-01-2005','DD-MM-YYYY'),'M','GIBSON','Good Boy',4,9);
INSERT INTO PET VALUES (58,to_date('22-04-2011','DD-MM-YYYY'),'F','EMMY','Good Girl',7,81);
INSERT INTO PET VALUES (59,to_date('19-06-2006','DD-MM-YYYY'),'F','APRIL','Good Girl',6,7);
INSERT INTO PET VALUES (60,to_date('09-12-2013','DD-MM-YYYY'),'F','FANCY','Good Girl',6,19);
INSERT INTO PET VALUES (61,to_date('08-01-2010','DD-MM-YYYY'),'M','FIDO','Good Boy',3,263);
INSERT INTO PET VALUES (62,to_date('16-01-2016','DD-MM-YYYY'),'F','AUSTIN','Good Girl',6,87);
INSERT INTO PET VALUES (63,to_date('04-11-2017','DD-MM-YYYY'),'M','BRADY','Good Boy',5,205);
INSERT INTO PET VALUES (64,to_date('21-06-2010','DD-MM-YYYY'),'M','AJ','Good Boy',1,257);
INSERT INTO PET VALUES (65,to_date('25-05-2019','DD-MM-YYYY'),'M','BRAGGS','Good Boy',7,28);
INSERT INTO PET VALUES (66,to_date('15-09-2005','DD-MM-YYYY'),'F','BEAMER','Good Girl',2,188);
INSERT INTO PET VALUES (67,to_date('10-06-2017','DD-MM-YYYY'),'F','BARCLAY','Good Girl',4,288);
INSERT INTO PET VALUES (68,to_date('12-01-2014','DD-MM-YYYY'),'F','BUTTERCUP','Good Girl',5,255);
INSERT INTO PET VALUES (69,to_date('16-12-2005','DD-MM-YYYY'),'M','EMILY','Good Boy',7,170);
INSERT INTO PET VALUES (70,to_date('27-07-2006','DD-MM-YYYY'),'F','BOBO','Good Girl',1,141);
INSERT INTO PET VALUES (71,to_date('16-12-2009','DD-MM-YYYY'),'F','DANDY','Good Girl',7,36);
INSERT INTO PET VALUES (72,to_date('11-07-2016','DD-MM-YYYY'),'M','BART','Good Boy',5,156);
INSERT INTO PET VALUES (73,to_date('25-10-2014','DD-MM-YYYY'),'F','BABY-DOLL','Good Girl',7,123);
INSERT INTO PET VALUES (74,to_date('20-12-2009','DD-MM-YYYY'),'F','BULLY','Good Girl',4,108);
INSERT INTO PET VALUES (75,to_date('02-09-2009','DD-MM-YYYY'),'F','DASH','Good Girl',1,260);
INSERT INTO PET VALUES (76,to_date('20-03-2009','DD-MM-YYYY'),'F','CHAOS','Good Girl',4,16);
INSERT INTO PET VALUES (77,to_date('22-07-2006','DD-MM-YYYY'),'M','CRYSTAL','Good Boy',5,193);
INSERT INTO PET VALUES (78,to_date('12-08-2011','DD-MM-YYYY'),'F','AMIGO','Good Girl',5,217);
INSERT INTO PET VALUES (79,to_date('15-12-2016','DD-MM-YYYY'),'M','CHICO','Good Boy',6,161);
INSERT INTO PET VALUES (80,to_date('17-10-2014','DD-MM-YYYY'),'M','BOOTIE','Good Boy',3,88);
INSERT INTO PET VALUES (81,to_date('07-10-2013','DD-MM-YYYY'),'M','CHELSEA','Good Boy',1,117);
INSERT INTO PET VALUES (82,to_date('04-03-2018','DD-MM-YYYY'),'F','BERNIE','Good Girl',6,174);
INSERT INTO PET VALUES (83,to_date('01-04-2017','DD-MM-YYYY'),'M','FIONA','Good Boy',7,68);
INSERT INTO PET VALUES (84,to_date('03-10-2011','DD-MM-YYYY'),'F','BUCKEYE','Good Girl',1,31);
INSERT INTO PET VALUES (85,to_date('16-12-2006','DD-MM-YYYY'),'F','CUBBY','Good Girl',4,74);
INSERT INTO PET VALUES (86,to_date('18-07-2005','DD-MM-YYYY'),'F','CHARISMA','Good Girl',1,209);
INSERT INTO PET VALUES (87,to_date('01-12-2005','DD-MM-YYYY'),'F','DUTCHES','Good Girl',7,136);
INSERT INTO PET VALUES (88,to_date('02-02-2017','DD-MM-YYYY'),'F','BRITTANY','Good Girl',2,125);
INSERT INTO PET VALUES (89,to_date('18-03-2009','DD-MM-YYYY'),'F','AUTUMN','Good Girl',3,39);
INSERT INTO PET VALUES (90,to_date('12-04-2015','DD-MM-YYYY'),'M','BOY','Good Boy',3,54);
INSERT INTO PET VALUES (91,to_date('19-09-2014','DD-MM-YYYY'),'M','COAL','Good Boy',4,270);
INSERT INTO PET VALUES (92,to_date('13-11-2009','DD-MM-YYYY'),'M','ELWOOD','Good Boy',2,180);
INSERT INTO PET VALUES (93,to_date('27-01-2014','DD-MM-YYYY'),'F','CHAZ','Good Girl',3,27);
INSERT INTO PET VALUES (94,to_date('06-11-2012','DD-MM-YYYY'),'M','CODY','Good Boy',4,231);
INSERT INTO PET VALUES (95,to_date('07-10-2009','DD-MM-YYYY'),'F','CHESTER','Good Girl',3,169);
INSERT INTO PET VALUES (96,to_date('22-11-2019','DD-MM-YYYY'),'F','GEORGE','Good Girl',7,106);
INSERT INTO PET VALUES (97,to_date('09-04-2015','DD-MM-YYYY'),'M','DAISEY-MAE','Good Boy',5,207);
INSERT INTO PET VALUES (98,to_date('10-08-2006','DD-MM-YYYY'),'M','BRIDGETTE','Good Boy',1,90);
INSERT INTO PET VALUES (99,to_date('25-04-2012','DD-MM-YYYY'),'M','CUBS','Good Boy',4,187);
INSERT INTO PET VALUES (100,to_date('08-01-2015','DD-MM-YYYY'),'M','CHA','Good Boy',7,38);
INSERT INTO PET VALUES (101,to_date('07-03-2010','DD-MM-YYYY'),'F','CALI','Good Girls',1,152);
INSERT INTO PET VALUES (102,to_date('04-12-2005','DD-MM-YYYY'),'F','COSMO','Good Girls',3,246);
INSERT INTO PET VALUES (103,to_date('05-10-2009','DD-MM-YYYY'),'F','BUSTER','Good Girls',1,195);
INSERT INTO PET VALUES (104,to_date('18-06-2010','DD-MM-YYYY'),'M','BLONDIE','Good Boy',1,179);
INSERT INTO PET VALUES (105,to_date('09-03-2011','DD-MM-YYYY'),'M','ALLY','Good Boy',6,162);
INSERT INTO PET VALUES (106,to_date('16-02-2016','DD-MM-YYYY'),'F','FOXY','Good Girls',7,196);
INSERT INTO PET VALUES (107,to_date('26-11-2012','DD-MM-YYYY'),'F','EARL','Good Girls',5,69);
INSERT INTO PET VALUES (108,to_date('27-11-2015','DD-MM-YYYY'),'F','ACE','Good Girls',2,84);
INSERT INTO PET VALUES (109,to_date('24-12-2012','DD-MM-YYYY'),'F','BOGEY','Good Girls',1,184);
INSERT INTO PET VALUES (110,to_date('09-07-2017','DD-MM-YYYY'),'M','BELLA','Good Boy',3,267);
INSERT INTO PET VALUES (111,to_date('23-10-2019','DD-MM-YYYY'),'F','ALEX','Good Girls',1,206);
INSERT INTO PET VALUES (112,to_date('13-09-2011','DD-MM-YYYY'),'F','FERGIE','Good Girls',3,272);
INSERT INTO PET VALUES (113,to_date('22-07-2005','DD-MM-YYYY'),'M','ERIN','Good Boy',5,76);
INSERT INTO PET VALUES (114,to_date('18-06-2014','DD-MM-YYYY'),'F','CAESAR','Good Girls',6,254);
INSERT INTO PET VALUES (115,to_date('27-12-2014','DD-MM-YYYY'),'F','GATOR','Good Girls',6,120);
INSERT INTO PET VALUES (116,to_date('14-04-2017','DD-MM-YYYY'),'F','BUFFY','Good Girls',3,13);
INSERT INTO PET VALUES (117,to_date('15-02-2007','DD-MM-YYYY'),'F','CLAIRE','Good Girls',4,146);
INSERT INTO PET VALUES (118,to_date('25-05-2008','DD-MM-YYYY'),'F','FRANKIE','Good Girls',3,245);
INSERT INTO PET VALUES (119,to_date('06-03-2018','DD-MM-YYYY'),'M','DARBY','Good Boy',7,299);
INSERT INTO PET VALUES (120,to_date('20-10-2005','DD-MM-YYYY'),'F','FLOPSY','Good Girls',1,133);
INSERT INTO PET VALUES (121,to_date('22-12-2013','DD-MM-YYYY'),'F','BEANIE','Good Girls',4,204);
INSERT INTO PET VALUES (122,to_date('09-12-2018','DD-MM-YYYY'),'F','CHIP','Good Girls',6,29);
INSERT INTO PET VALUES (123,to_date('18-10-2017','DD-MM-YYYY'),'M','BENTLEY','Good Boy',4,286);
INSERT INTO PET VALUES (124,to_date('26-06-2008','DD-MM-YYYY'),'F','BUFFIE','Good Girls',7,269);
INSERT INTO PET VALUES (125,to_date('19-03-2012','DD-MM-YYYY'),'F','BARKER','Good Girls',4,11);
INSERT INTO PET VALUES (126,to_date('21-10-2008','DD-MM-YYYY'),'F','BRUNO','Good Girls',2,98);
INSERT INTO PET VALUES (127,to_date('09-03-2019','DD-MM-YYYY'),'F','BONGO','Good Girls',3,96);
INSERT INTO PET VALUES (128,to_date('20-11-2014','DD-MM-YYYY'),'F','AMIE','Good Girls',5,60);
INSERT INTO PET VALUES (129,to_date('08-01-2008','DD-MM-YYYY'),'F','DIAMOND','Good Girls',4,230);
INSERT INTO PET VALUES (130,to_date('05-06-2008','DD-MM-YYYY'),'F','EDDY','Good Girls',4,268);
INSERT INTO PET VALUES (131,to_date('04-01-2018','DD-MM-YYYY'),'F','FREDDIE','Good Girls',3,34);
INSERT INTO PET VALUES (132,to_date('13-04-2011','DD-MM-YYYY'),'F','FRANCAIS','Good Girls',6,99);
INSERT INTO PET VALUES (133,to_date('27-05-2015','DD-MM-YYYY'),'M','CRICKET','Good Boy',5,124);
INSERT INTO PET VALUES (134,to_date('22-03-2006','DD-MM-YYYY'),'F','COMMANDO','Good Girls',7,262);
INSERT INTO PET VALUES (135,to_date('11-12-2013','DD-MM-YYYY'),'F','DREAMER','Good Girls',1,59);
INSERT INTO PET VALUES (136,to_date('07-07-2005','DD-MM-YYYY'),'M','CUPCAKE','Good Boy',4,112);
INSERT INTO PET VALUES (137,to_date('06-01-2005','DD-MM-YYYY'),'M','BUTCHY','Good Boy',1,202);
INSERT INTO PET VALUES (138,to_date('01-05-2007','DD-MM-YYYY'),'M','ANDY','Good Boy',5,258);
INSERT INTO PET VALUES (139,to_date('18-07-2016','DD-MM-YYYY'),'F','CURLY','Good Girls',5,175);
INSERT INTO PET VALUES (140,to_date('11-03-2017','DD-MM-YYYY'),'F','COCO','Good Girls',2,242);
INSERT INTO PET VALUES (141,to_date('18-05-2015','DD-MM-YYYY'),'M','ELLIE','Good Boy',7,300);
INSERT INTO PET VALUES (142,to_date('23-06-2011','DD-MM-YYYY'),'F','DARCY','Good Girls',2,157);
INSERT INTO PET VALUES (143,to_date('18-12-2012','DD-MM-YYYY'),'F','FURBALL','Good Girls',4,91);
INSERT INTO PET VALUES (144,to_date('15-10-2013','DD-MM-YYYY'),'M','DOC','Good Boy',6,134);
INSERT INTO PET VALUES (145,to_date('27-08-2005','DD-MM-YYYY'),'F','CHEYENNE','Good Girls',4,114);
INSERT INTO PET VALUES (146,to_date('16-11-2005','DD-MM-YYYY'),'M','BUDDA','Good Boy',2,266);
INSERT INTO PET VALUES (147,to_date('06-08-2011','DD-MM-YYYY'),'M','BLANCHE','Good Boy',6,198);
INSERT INTO PET VALUES (148,to_date('08-10-2013','DD-MM-YYYY'),'M','EVA','Good Boy',1,61);
INSERT INTO PET VALUES (149,to_date('13-10-2013','DD-MM-YYYY'),'M','CASEY','Good Boy',6,118);
INSERT INTO PET VALUES (150,to_date('15-04-2008','DD-MM-YYYY'),'M','BIG','Good Boy',1,149);
INSERT INTO PET VALUES (151,to_date('18-04-2018','DD-MM-YYYY'),'M','BITS','Good Boy',3,186);
INSERT INTO PET VALUES (152,to_date('12-09-2012','DD-MM-YYYY'),'M','BUDDY','Good Boy',3,127);
INSERT INTO PET VALUES (153,to_date('09-06-2012','DD-MM-YYYY'),'F','BEETLE','Good Girl',4,17);
INSERT INTO PET VALUES (154,to_date('07-10-2016','DD-MM-YYYY'),'F','CODI','Good Girl',7,20);
INSERT INTO PET VALUES (155,to_date('14-08-2019','DD-MM-YYYY'),'F','ASTRO','Good Girl',1,86);
INSERT INTO PET VALUES (156,to_date('06-03-2008','DD-MM-YYYY'),'F','GEORGIA','Good Girl',7,138);
INSERT INTO PET VALUES (157,to_date('21-08-2008','DD-MM-YYYY'),'M','DUCHESS','Good Boy',3,107);
INSERT INTO PET VALUES (158,to_date('07-01-2013','DD-MM-YYYY'),'M','GINGER','Good Boy',6,264);
INSERT INTO PET VALUES (159,to_date('28-10-2009','DD-MM-YYYY'),'F','BOBBIE','Good Girl',1,201);
INSERT INTO PET VALUES (160,to_date('06-08-2011','DD-MM-YYYY'),'F','BISHOP','Good Girl',1,281);
INSERT INTO PET VALUES (161,to_date('27-02-2007','DD-MM-YYYY'),'F','CHIPPER','Good Girl',7,293);
INSERT INTO PET VALUES (162,to_date('05-06-2016','DD-MM-YYYY'),'F','CAMILLE','Good Girl',1,275);
INSERT INTO PET VALUES (163,to_date('21-11-2009','DD-MM-YYYY'),'F','BROOKE','Good Girl',2,244);
INSERT INTO PET VALUES (164,to_date('01-12-2016','DD-MM-YYYY'),'M','COCOA','Good Boy',5,181);
INSERT INTO PET VALUES (165,to_date('08-04-2011','DD-MM-YYYY'),'F','CLYDE','Good Girl',2,292);
INSERT INTO PET VALUES (166,to_date('15-02-2005','DD-MM-YYYY'),'F','DUDLEY','Good Girl',3,67);
INSERT INTO PET VALUES (167,to_date('23-07-2015','DD-MM-YYYY'),'F','CANDY','Good Girl',1,289);
INSERT INTO PET VALUES (168,to_date('01-12-2016','DD-MM-YYYY'),'F','CUTIE-PIE','Good Girl',3,298);
INSERT INTO PET VALUES (169,to_date('10-08-2009','DD-MM-YYYY'),'F','BRANDO','Good Girl',1,178);
INSERT INTO PET VALUES (170,to_date('08-11-2014','DD-MM-YYYY'),'F','BAMBI','Good Girl',3,58);
INSERT INTO PET VALUES (171,to_date('04-08-2011','DD-MM-YYYY'),'F','BIRDIE','Good Girl',2,143);
INSERT INTO PET VALUES (172,to_date('11-03-2017','DD-MM-YYYY'),'M','BABY','Good Boy',3,296);
INSERT INTO PET VALUES (173,to_date('22-01-2019','DD-MM-YYYY'),'M','GASBY','Good Boy',3,291);
INSERT INTO PET VALUES (174,to_date('09-05-2007','DD-MM-YYYY'),'F','DILLON','Good Girl',6,163);
INSERT INTO PET VALUES (175,to_date('09-05-2017','DD-MM-YYYY'),'M','CUJO','Good Boy',2,277);
INSERT INTO PET VALUES (176,to_date('26-08-2007','DD-MM-YYYY'),'M','FRIDAY','Good Boy',3,158);
INSERT INTO PET VALUES (177,to_date('20-10-2005','DD-MM-YYYY'),'M','BODIE','Good Boy',1,238);
INSERT INTO PET VALUES (178,to_date('23-11-2019','DD-MM-YYYY'),'F','CUTIE','Good Girl',5,25);
INSERT INTO PET VALUES (179,to_date('21-10-2011','DD-MM-YYYY'),'F','BOO','Good Girl',6,183);
INSERT INTO PET VALUES (180,to_date('13-03-2015','DD-MM-YYYY'),'M','BLUE','Good Boy',2,211);
INSERT INTO PET VALUES (181,to_date('15-07-2012','DD-MM-YYYY'),'M','ARIES','Good Boy',5,224);
INSERT INTO PET VALUES (182,to_date('24-12-2012','DD-MM-YYYY'),'F','BITSY','Good Girl',1,70);
INSERT INTO PET VALUES (183,to_date('28-04-2006','DD-MM-YYYY'),'M','CHIQUITA','Good Boy',5,64);
INSERT INTO PET VALUES (184,to_date('14-07-2013','DD-MM-YYYY'),'M','CHINA','Good Boy',2,83);
INSERT INTO PET VALUES (185,to_date('10-04-2014','DD-MM-YYYY'),'F','BRANDY','Good Girl',5,104);
INSERT INTO PET VALUES (186,to_date('26-05-2013','DD-MM-YYYY'),'F','BASIL','Good Girl',6,77);
INSERT INTO PET VALUES (187,to_date('23-10-2013','DD-MM-YYYY'),'M','CASSIS','Good Boy',7,82);
INSERT INTO PET VALUES (188,to_date('02-03-2013','DD-MM-YYYY'),'F','FIFI','Good Girl',2,4);
INSERT INTO PET VALUES (189,to_date('01-01-2010','DD-MM-YYYY'),'M','CYRUS','Good Boy',7,253);
INSERT INTO PET VALUES (190,to_date('22-04-2017','DD-MM-YYYY'),'M','CHAMBERLAIN','Good Boy',2,226);
INSERT INTO PET VALUES (191,to_date('19-06-2007','DD-MM-YYYY'),'M','CHUCKY','Good Boy',1,223);
INSERT INTO PET VALUES (192,to_date('09-12-2017','DD-MM-YYYY'),'F','DOBIE','Good Girl',3,218);
INSERT INTO PET VALUES (193,to_date('08-01-2008','DD-MM-YYYY'),'F','CLEO','Good Girl',7,148);
INSERT INTO PET VALUES (194,to_date('16-01-2013','DD-MM-YYYY'),'F','FLOYD','Good Girl',4,282);
INSERT INTO PET VALUES (195,to_date('04-11-2019','DD-MM-YYYY'),'M','DUTCHESS','Good Boy',5,279);
INSERT INTO PET VALUES (196,to_date('21-06-2007','DD-MM-YYYY'),'F','DAISY','Good Girl',1,22);
INSERT INTO PET VALUES (197,to_date('25-05-2009','DD-MM-YYYY'),'M','DINO','Good Boy',4,189);
INSERT INTO PET VALUES (198,to_date('15-09-2006','DD-MM-YYYY'),'F','GRACIE','Good Girl',6,128);
INSERT INTO PET VALUES (199,to_date('10-06-2017','DD-MM-YYYY'),'F','DEWEY','Good Girl',2,95);
INSERT INTO PET VALUES (200,to_date('12-01-2013','DD-MM-YYYY'),'M','GIRL','Good Boy',4,66);
INSERT INTO PET VALUES (201,to_date('16-12-2019','DD-MM-YYYY'),'F','DANTE','Good Girl',7,153);
INSERT INTO PET VALUES (202,to_date('27-07-2014','DD-MM-YYYY'),'M','CLICKER','Good Boy',2,203);
INSERT INTO PET VALUES (203,to_date('16-12-2013','DD-MM-YYYY'),'M','FRISCO','Good Boy',1,50);
INSERT INTO PET VALUES (204,to_date('11-07-2012','DD-MM-YYYY'),'F','BRODIE','Good Girl',6,102);
INSERT INTO PET VALUES (205,to_date('25-10-2015','DD-MM-YYYY'),'M','ABBY','Good Boy',5,147);
INSERT INTO PET VALUES (206,to_date('20-12-2016','DD-MM-YYYY'),'F','CHIVAS','Good Girl',2,37);
INSERT INTO PET VALUES (207,to_date('02-09-2018','DD-MM-YYYY'),'F','ERNIE','Good Girl',4,131);
INSERT INTO PET VALUES (208,to_date('20-03-2011','DD-MM-YYYY'),'F','ABIGAIL','Good Girl',2,78);
INSERT INTO PET VALUES (209,to_date('22-07-2019','DD-MM-YYYY'),'M','CURRY','Good Boy',7,15);
INSERT INTO PET VALUES (210,to_date('12-08-2009','DD-MM-YYYY'),'M','BIRDY','Good Boy',5,250);
INSERT INTO PET VALUES (211,to_date('15-12-2017','DD-MM-YYYY'),'F','EMMA','Good Girl',1,111);
INSERT INTO PET VALUES (212,to_date('17-10-2008','DD-MM-YYYY'),'F','BUDDIE','Good Girl',7,115);
INSERT INTO PET VALUES (213,to_date('07-10-2008','DD-MM-YYYY'),'F','BINKY','Good Girl',3,177);
INSERT INTO PET VALUES (214,to_date('04-03-2010','DD-MM-YYYY'),'M','FLUFFY','Good Boy',7,121);
INSERT INTO PET VALUES (215,to_date('01-04-2008','DD-MM-YYYY'),'M','EINSTEIN','Good Boy',3,159);
INSERT INTO PET VALUES (216,to_date('03-10-2005','DD-MM-YYYY'),'F','COMET','Good Girl',1,23);
INSERT INTO PET VALUES (217,to_date('16-12-2018','DD-MM-YYYY'),'F','CHASE','Good Girl',5,285);
INSERT INTO PET VALUES (218,to_date('18-07-2005','DD-MM-YYYY'),'M','BARNABY','Good Boy',5,190);
INSERT INTO PET VALUES (219,to_date('01-12-2005','DD-MM-YYYY'),'M','GILDA','Good Boy',6,51);
INSERT INTO PET VALUES (220,to_date('02-02-2013','DD-MM-YYYY'),'F','BARKLEY','Good Girl',4,194);
INSERT INTO PET VALUES (221,to_date('18-03-2011','DD-MM-YYYY'),'F','CAMEO','Good Girl',2,100);
INSERT INTO PET VALUES (222,to_date('12-04-2016','DD-MM-YYYY'),'M','ALF','Good Boy',2,229);
INSERT INTO PET VALUES (223,to_date('19-09-2009','DD-MM-YYYY'),'M','BUGSY','Good Boy',3,21);
INSERT INTO PET VALUES (224,to_date('13-11-2018','DD-MM-YYYY'),'F','FRITZ','Good Girl',7,210);
INSERT INTO PET VALUES (225,to_date('27-01-2007','DD-MM-YYYY'),'F','AJAX','Good Girl',2,276);
INSERT INTO PET VALUES (226,to_date('06-11-2009','DD-MM-YYYY'),'F','BIG','Good Girl',6,165);
INSERT INTO PET VALUES (227,to_date('07-10-2007','DD-MM-YYYY'),'F','FRANKY','Good Girl',3,234);
INSERT INTO PET VALUES (228,to_date('22-11-2011','DD-MM-YYYY'),'F','ABBIE','Good Girl',5,53);
INSERT INTO PET VALUES (229,to_date('09-04-2017','DD-MM-YYYY'),'M','CHILI','Good Boy',4,219);
INSERT INTO PET VALUES (230,to_date('10-08-2019','DD-MM-YYYY'),'M','FREEDOM','Good Boy',4,109);
INSERT INTO PET VALUES (231,to_date('25-04-2005','DD-MM-YYYY'),'F','ASHLEY','Good Girl',4,287);
INSERT INTO PET VALUES (232,to_date('08-01-2015','DD-MM-YYYY'),'F','BROOK','Good Girl',7,192);
INSERT INTO PET VALUES (233,to_date('07-03-2017','DD-MM-YYYY'),'F','BENSON','Good Girl',5,56);
INSERT INTO PET VALUES (234,to_date('04-12-2013','DD-MM-YYYY'),'F','GAVIN','Good Girl',7,97);
INSERT INTO PET VALUES (235,to_date('05-10-2005','DD-MM-YYYY'),'M','CHOCOLATE','Good Boy',4,30);
INSERT INTO PET VALUES (236,to_date('18-06-2006','DD-MM-YYYY'),'M','ARNIE','Good Boy',1,110);
INSERT INTO PET VALUES (237,to_date('09-03-2016','DD-MM-YYYY'),'F','ELVIS','Good Girl',7,32);
INSERT INTO PET VALUES (238,to_date('16-02-2015','DD-MM-YYYY'),'F','BUTTERSCOTCH','Good Girl',4,166);
INSERT INTO PET VALUES (239,to_date('26-11-2015','DD-MM-YYYY'),'M','ALDO','Good Boy',2,176);
INSERT INTO PET VALUES (240,to_date('27-11-2008','DD-MM-YYYY'),'M','BOOKER','Good Boy',2,130);
INSERT INTO PET VALUES (241,to_date('24-12-2017','DD-MM-YYYY'),'M','BRANDI','Good Boy',2,199);
INSERT INTO PET VALUES (242,to_date('09-07-2014','DD-MM-YYYY'),'M','COLE','Good Boy',4,62);
INSERT INTO PET VALUES (243,to_date('23-10-2012','DD-MM-YYYY'),'F','CALLIE','Good Girl',3,280);
INSERT INTO PET VALUES (244,to_date('13-09-2018','DD-MM-YYYY'),'F','BOSLEY','Good Girl',7,171);
INSERT INTO PET VALUES (245,to_date('22-07-2010','DD-MM-YYYY'),'F','CHLOE','Good Girl',3,232);
INSERT INTO PET VALUES (246,to_date('18-06-2015','DD-MM-YYYY'),'M','ANGEL','Good Boy',4,122);
INSERT INTO PET VALUES (247,to_date('27-12-2006','DD-MM-YYYY'),'F','GABBY','Good Girl',3,259);
INSERT INTO PET VALUES (248,to_date('14-04-2015','DD-MM-YYYY'),'F','AMBER','Good Girl',6,247);
INSERT INTO PET VALUES (249,to_date('15-02-2010','DD-MM-YYYY'),'F','BO','Good Girl',5,220);
INSERT INTO PET VALUES (250,to_date('25-05-2007','DD-MM-YYYY'),'F','CHUBBS','Good Girl',3,140);
INSERT INTO PET VALUES (251,to_date('06-03-2005','DD-MM-YYYY'),'F','CALVIN','Good Girl',1,236);
INSERT INTO PET VALUES (252,to_date('20-10-2012','DD-MM-YYYY'),'M','BUCKO','Good Boy',6,89);
INSERT INTO PET VALUES (253,to_date('22-12-2016','DD-MM-YYYY'),'F','BABBLES','Good Girl',1,35);
INSERT INTO PET VALUES (254,to_date('09-12-2014','DD-MM-YYYY'),'F','GINNY','Good Girl',4,233);
INSERT INTO PET VALUES (255,to_date('18-10-2014','DD-MM-YYYY'),'F','COOPER','Good Girl',3,5);
INSERT INTO PET VALUES (256,to_date('26-06-2007','DD-MM-YYYY'),'M','BEAR','Good Boy',7,185);
INSERT INTO PET VALUES (257,to_date('19-03-2013','DD-MM-YYYY'),'F','FLASH','Good Girl',1,52);
INSERT INTO PET VALUES (258,to_date('21-10-2008','DD-MM-YYYY'),'M','BUNKY','Good Boy',4,243);
INSERT INTO PET VALUES (259,to_date('09-03-2012','DD-MM-YYYY'),'M','DOZER','Good Boy',2,160);
INSERT INTO PET VALUES (260,to_date('20-11-2009','DD-MM-YYYY'),'M','BOBBY','Good Boy',2,132);
INSERT INTO PET VALUES (261,to_date('08-01-2019','DD-MM-YYYY'),'F','BUD','Good Girl',5,45);
INSERT INTO PET VALUES (262,to_date('05-06-2019','DD-MM-YYYY'),'M','DIVA','Good Boy',4,1);
INSERT INTO PET VALUES (263,to_date('04-01-2018','DD-MM-YYYY'),'F','BUTTONS','Good Girl',4,47);
INSERT INTO PET VALUES (264,to_date('13-04-2015','DD-MM-YYYY'),'F','BARNEY','Good Girl',1,2);
INSERT INTO PET VALUES (265,to_date('27-05-2015','DD-MM-YYYY'),'F','BEBE','Good Girl',4,129);
INSERT INTO PET VALUES (266,to_date('22-03-2010','DD-MM-YYYY'),'M','BIGGIE','Good Boy',3,49);
INSERT INTO PET VALUES (267,to_date('11-12-2005','DD-MM-YYYY'),'M','DAVE','Good Boy',6,216);
INSERT INTO PET VALUES (268,to_date('07-07-2011','DD-MM-YYYY'),'F','AXLE','Good Girl',7,151);
INSERT INTO PET VALUES (269,to_date('06-01-2012','DD-MM-YYYY'),'M','DICKENS','Good Boy',2,227);
INSERT INTO PET VALUES (270,to_date('01-05-2008','DD-MM-YYYY'),'M','CHEWY','Good Boy',3,295);
INSERT INTO PET VALUES (271,to_date('18-07-2016','DD-MM-YYYY'),'M','DIXIE','Good Boy',3,278);
INSERT INTO PET VALUES (272,to_date('11-03-2007','DD-MM-YYYY'),'F','BIBBLES','Good Girl',4,18);
INSERT INTO PET VALUES (273,to_date('18-05-2016','DD-MM-YYYY'),'M','CINDY','Good Boy',5,142);
INSERT INTO PET VALUES (274,to_date('23-06-2010','DD-MM-YYYY'),'F','CLEOPATRA','Good Girl',3,63);
INSERT INTO PET VALUES (275,to_date('18-12-2007','DD-MM-YYYY'),'M','BULLWINKLE','Good Boy',6,12);
INSERT INTO PET VALUES (276,to_date('15-10-2015','DD-MM-YYYY'),'M','FIGARO','Good Boy',2,105);
INSERT INTO PET VALUES (277,to_date('27-08-2013','DD-MM-YYYY'),'F','BIZZY','Good Girl',5,167);
INSERT INTO PET VALUES (278,to_date('16-11-2014','DD-MM-YYYY'),'F','CHEROKEE','Good Girl',3,144);
INSERT INTO PET VALUES (279,to_date('06-08-2012','DD-MM-YYYY'),'M','BAM-BAM','Good Boy',7,297);
INSERT INTO PET VALUES (280,to_date('08-10-2015','DD-MM-YYYY'),'F','COPPER','Good Girl',2,3);
INSERT INTO PET VALUES (281,to_date('13-10-2013','DD-MM-YYYY'),'M','BESSIE','Good Boy',1,75);
INSERT INTO PET VALUES (282,to_date('15-04-2011','DD-MM-YYYY'),'F','GOOSE','Good Girl',5,24);
INSERT INTO PET VALUES (283,to_date('18-04-2008','DD-MM-YYYY'),'F','BRIE','Good Girl',2,212);
INSERT INTO PET VALUES (284,to_date('12-09-2018','DD-MM-YYYY'),'M','AUDI','Good Boy',6,235);
INSERT INTO PET VALUES (285,to_date('09-06-2012','DD-MM-YYYY'),'F','COCONUT','Good Girl',5,116);
INSERT INTO PET VALUES (286,to_date('07-10-2009','DD-MM-YYYY'),'F','BOO-BOO','Good Girl',5,65);
INSERT INTO PET VALUES (287,to_date('14-08-2011','DD-MM-YYYY'),'F','BOZLEY','Good Girl',6,135);
INSERT INTO PET VALUES (288,to_date('06-03-2010','DD-MM-YYYY'),'F','AMY','Good Girl',1,200);
INSERT INTO PET VALUES (289,to_date('21-08-2015','DD-MM-YYYY'),'F','BARLEY','Good Girl',5,265);
INSERT INTO PET VALUES (290,to_date('07-01-2017','DD-MM-YYYY'),'F','CINNAMON','Good Girl',2,92);
INSERT INTO PET VALUES (291,to_date('28-10-2014','DD-MM-YYYY'),'F','AUSSIE','Good Girl',2,79);
INSERT INTO PET VALUES (292,to_date('06-08-2010','DD-MM-YYYY'),'F','CHAUNCEY','Good Girl',7,155);
INSERT INTO PET VALUES (293,to_date('27-02-2016','DD-MM-YYYY'),'M','GODIVA','Good Boy',6,197);
INSERT INTO PET VALUES (294,to_date('05-06-2007','DD-MM-YYYY'),'F','BOOMER','Good Girl',5,154);
INSERT INTO PET VALUES (295,to_date('21-11-2013','DD-MM-YYYY'),'F','ASHES','Good Girl',6,40);
INSERT INTO PET VALUES (296,to_date('01-12-2019','DD-MM-YYYY'),'M','BJ','Good Boy',4,57);
INSERT INTO PET VALUES (297,to_date('08-04-2006','DD-MM-YYYY'),'M','ELLIOT','Good Boy',4,113);
INSERT INTO PET VALUES (298,to_date('15-02-2018','DD-MM-YYYY'),'M','DOLLY','Good Boy',3,221);
INSERT INTO PET VALUES (299,to_date('23-07-2016','DD-MM-YYYY'),'M','GOLDIE','Good Boy',5,72);
INSERT INTO PET VALUES (300,to_date('01-12-2019','DD-MM-YYYY'),'M','BEAUTY','Good Boy',2,273);
INSERT INTO PET VALUES (301,to_date('10-08-2009','DD-MM-YYYY'),'M','AUGIE','Good Boy',3,42);
INSERT INTO PET VALUES (302,to_date('08-11-2012','DD-MM-YYYY'),'F','BABE','Good Girl',3,43);
INSERT INTO PET VALUES (303,to_date('04-08-2014','DD-MM-YYYY'),'F','CORKY','Good Girl',4,10);
INSERT INTO PET VALUES (304,to_date('11-03-2009','DD-MM-YYYY'),'M','BLAZE','Good Boy',2,249);
INSERT INTO PET VALUES (305,to_date('22-01-2017','DD-MM-YYYY'),'M','DHARMA','Good Boy',2,48);
INSERT INTO PET VALUES (306,to_date('09-05-2008','DD-MM-YYYY'),'F','ATHENA','Good Girl',6,239);
INSERT INTO PET VALUES (307,to_date('09-05-2011','DD-MM-YYYY'),'F','DEXTER','Good Girl',7,14);
INSERT INTO PET VALUES (308,to_date('26-08-2009','DD-MM-YYYY'),'M','CHEVY','Good Boy',6,241);
INSERT INTO PET VALUES (309,to_date('20-10-2008','DD-MM-YYYY'),'M','BENNY','Good Boy',5,283);
INSERT INTO PET VALUES (310,to_date('23-11-2011','DD-MM-YYYY'),'F','DEE','Good Girl',5,46);
INSERT INTO PET VALUES (311,to_date('21-10-2008','DD-MM-YYYY'),'F','CHAMP','Good Girl',2,85);
INSERT INTO PET VALUES (312,to_date('13-03-2013','DD-MM-YYYY'),'M','BUBBLES','Good Boy',3,256);
INSERT INTO PET VALUES (313,to_date('15-07-2017','DD-MM-YYYY'),'F','ABEL','Good Girl',6,213);
INSERT INTO PET VALUES (314,to_date('24-12-2017','DD-MM-YYYY'),'F','BROWNIE','Good Girl',5,73);
INSERT INTO PET VALUES (315,to_date('28-04-2017','DD-MM-YYYY'),'F','DEMPSEY','Good Girl',1,164);
INSERT INTO PET VALUES (316,to_date('14-07-2007','DD-MM-YYYY'),'F','ALEXUS','Good Girl',5,173);
INSERT INTO PET VALUES (317,to_date('10-04-2017','DD-MM-YYYY'),'F','GOOBER','Good Girl',1,145);
INSERT INTO PET VALUES (318,to_date('26-05-2013','DD-MM-YYYY'),'M','EDGAR','Good Boy',5,6);
INSERT INTO PET VALUES (319,to_date('23-10-2018','DD-MM-YYYY'),'M','BUTCH','Good Boy',3,240);
INSERT INTO PET VALUES (320,to_date('02-03-2005','DD-MM-YYYY'),'F','FONZIE','Good Girl',7,208);
INSERT INTO PET VALUES (321,to_date('01-01-2017','DD-MM-YYYY'),'F','COOKIE','Good Girl',3,101);
INSERT INTO PET VALUES (322,to_date('22-04-2013','DD-MM-YYYY'),'M','CHECKERS','Good Boy',6,93);
INSERT INTO PET VALUES (323,to_date('19-06-2015','DD-MM-YYYY'),'F','EDSEL','Good Girl',3,172);
INSERT INTO PET VALUES (324,to_date('09-12-2010','DD-MM-YYYY'),'F','BEANS','Good Girl',6,55);
INSERT INTO PET VALUES (325,to_date('08-01-2012','DD-MM-YYYY'),'F','BLACK-JACK','Good Girl',7,150);
INSERT INTO PET VALUES (326,to_date('16-01-2008','DD-MM-YYYY'),'M','DOGGON','Good Boy',4,290);
INSERT INTO PET VALUES (327,to_date('04-11-2015','DD-MM-YYYY'),'F','BOONE','Good Girl',4,168);
INSERT INTO PET VALUES (328,to_date('21-06-2009','DD-MM-YYYY'),'M','CHIPS','Good Boy',5,237);
INSERT INTO PET VALUES (329,to_date('25-05-2015','DD-MM-YYYY'),'M','FAITH','Good Boy',4,191);
INSERT INTO PET VALUES (330,to_date('15-09-2011','DD-MM-YYYY'),'M','CONNOR','Good Boy',1,103);
INSERT INTO PET VALUES (331,to_date('10-06-2012','DD-MM-YYYY'),'F','CHANCE','Good Girl',1,284);
INSERT INTO PET VALUES (332,to_date('12-01-2016','DD-MM-YYYY'),'F','GIDGET','Good Girl',4,214);
INSERT INTO PET VALUES (333,to_date('16-12-2012','DD-MM-YYYY'),'M','CONAN','Good Boy',4,126);
INSERT INTO PET VALUES (334,to_date('27-07-2005','DD-MM-YYYY'),'F','BONNIE','Good Girl',4,94);
INSERT INTO PET VALUES (335,to_date('16-12-2014','DD-MM-YYYY'),'M','FLOWER','Good Boy',6,8);
INSERT INTO PET VALUES (336,to_date('11-07-2011','DD-MM-YYYY'),'M','BAILEY','Good Boy',3,26);
INSERT INTO PET VALUES (337,to_date('25-10-2009','DD-MM-YYYY'),'F','FRODO','Good Girl',1,41);
INSERT INTO PET VALUES (338,to_date('20-12-2011','DD-MM-YYYY'),'F','BLOSSOM','Good Girl',3,228);
INSERT INTO PET VALUES (339,to_date('02-09-2012','DD-MM-YYYY'),'F','BOOZER','Good Girl',4,225);
INSERT INTO PET VALUES (340,to_date('20-03-2007','DD-MM-YYYY'),'F','DOTTIE','Good Girl',1,44);
INSERT INTO PET VALUES (341,to_date('22-07-2012','DD-MM-YYYY'),'M','FLINT','Good Boy',2,252);
INSERT INTO PET VALUES (342,to_date('12-08-2016','DD-MM-YYYY'),'F','ANGUS','Good Girl',6,33);
INSERT INTO PET VALUES (343,to_date('15-12-2006','DD-MM-YYYY'),'M','GIGI','Good Boy',6,248);
INSERT INTO PET VALUES (344,to_date('17-10-2010','DD-MM-YYYY'),'M','CHEWIE','Good Boy',3,182);
INSERT INTO PET VALUES (345,to_date('07-10-2016','DD-MM-YYYY'),'M','BRUISER','Good Boy',6,271);
INSERT INTO PET VALUES (346,to_date('04-03-2007','DD-MM-YYYY'),'F','FRED','Good Girl',7,294);
INSERT INTO PET VALUES (347,to_date('01-04-2018','DD-MM-YYYY'),'F','CASSIE','Good Girl',3,215);
INSERT INTO PET VALUES (348,to_date('03-10-2007','DD-MM-YYYY'),'F','DAPHNE','Good Girl',4,137);
INSERT INTO PET VALUES (349,to_date('16-12-2019','DD-MM-YYYY'),'M','ATLAS','Good Boy',6,119);
INSERT INTO PET VALUES (350,to_date('18-07-2006','DD-MM-YYYY'),'F','BLACKIE','Good Girl',2,251);
INSERT INTO PET VALUES (351,to_date('01-12-2013','DD-MM-YYYY'),'M','DEACON','Good Boy',5,80);
INSERT INTO PET VALUES (352,to_date('02-02-2010','DD-MM-YYYY'),'F','ADDIE','Good Girl',1,222);
INSERT INTO PET VALUES (353,to_date('18-03-2016','DD-MM-YYYY'),'M','BUGSEY','Good Boy',6,274);
INSERT INTO PET VALUES (354,to_date('12-04-2012','DD-MM-YYYY'),'M','BOOTS','Good Boy',2,71);
INSERT INTO PET VALUES (355,to_date('19-09-2008','DD-MM-YYYY'),'M','COBWEB','Good Boy',2,139);
INSERT INTO PET VALUES (356,to_date('13-11-2008','DD-MM-YYYY'),'M','CHIEF','Good Boy',7,261);
INSERT INTO PET VALUES (357,to_date('27-01-2011','DD-MM-YYYY'),'M','ALFIE','Good Boy',3,9);
INSERT INTO PET VALUES (358,to_date('06-11-2013','DD-MM-YYYY'),'M','CHARLES','Good Boy',6,81);
INSERT INTO PET VALUES (359,to_date('07-10-2011','DD-MM-YYYY'),'M','BACCHUS','Good Boy',2,7);
INSERT INTO PET VALUES (360,to_date('22-11-2009','DD-MM-YYYY'),'M','AXEL','Good Boy',2,19);
INSERT INTO PET VALUES (361,to_date('09-04-2011','DD-MM-YYYY'),'M','CAPTAIN','Good Boy',5,263);
INSERT INTO PET VALUES (362,to_date('10-08-2009','DD-MM-YYYY'),'M','CHARLIE','Good Boy',2,87);
INSERT INTO PET VALUES (363,to_date('25-04-2010','DD-MM-YYYY'),'M','BILLIE','Good Boy',2,205);
INSERT INTO PET VALUES (364,to_date('08-01-2014','DD-MM-YYYY'),'M','GILBERT','Good Boy',7,257);
INSERT INTO PET VALUES (365,to_date('07-03-2016','DD-MM-YYYY'),'M','BUSTER-BROWN','Good Boy',2,28);
INSERT INTO PET VALUES (366,to_date('04-12-2016','DD-MM-YYYY'),'M','CHIC','Good Boy',7,188);
INSERT INTO PET VALUES (367,to_date('05-10-2016','DD-MM-YYYY'),'F','CLOVER','Good Girl',3,288);
INSERT INTO PET VALUES (368,to_date('18-06-2018','DD-MM-YYYY'),'M','CHARMER','Good Boy',6,255);
INSERT INTO PET VALUES (369,to_date('09-03-2007','DD-MM-YYYY'),'M','BABYKINS','Good Boy',5,170);
INSERT INTO PET VALUES (370,to_date('16-02-2013','DD-MM-YYYY'),'F','CLANCY','Good Girl',2,141);
INSERT INTO PET VALUES (371,to_date('26-11-2010','DD-MM-YYYY'),'M','CHIPPY','Good Boy',2,36);
INSERT INTO PET VALUES (372,to_date('27-11-2015','DD-MM-YYYY'),'F','BULLET','Good Girl',1,156);
INSERT INTO PET VALUES (373,to_date('24-12-2009','DD-MM-YYYY'),'M','EIFEL','Good Boy',5,123);
INSERT INTO PET VALUES (374,to_date('09-07-2012','DD-MM-YYYY'),'M','DIESEL','Good Boy',2,108);
INSERT INTO PET VALUES (375,to_date('23-10-2015','DD-MM-YYYY'),'M','BELLE','Good Boy',1,260);
INSERT INTO PET VALUES (376,to_date('13-09-2019','DD-MM-YYYY'),'M','BEN','Good Boy',2,16);
INSERT INTO PET VALUES (377,to_date('22-07-2008','DD-MM-YYYY'),'M','BAXTER','Good Boy',1,193);
INSERT INTO PET VALUES (378,to_date('18-06-2013','DD-MM-YYYY'),'F','ADMIRAL','Good Girl',1,217);
INSERT INTO PET VALUES (379,to_date('27-12-2017','DD-MM-YYYY'),'M','BENJI','Good Boy',3,161);
INSERT INTO PET VALUES (380,to_date('14-04-2013','DD-MM-YYYY'),'M','DRAGSTER','Good Boy',1,88);
INSERT INTO PET VALUES (381,to_date('15-02-2011','DD-MM-YYYY'),'M','APOLLO','Good Boy',4,117);
INSERT INTO PET VALUES (382,to_date('25-05-2010','DD-MM-YYYY'),'M','FERRIS','Good Boy',1,174);
INSERT INTO PET VALUES (383,to_date('06-03-2018','DD-MM-YYYY'),'M','ARMANTI','Good Boy',7,68);
INSERT INTO PET VALUES (384,to_date('20-10-2010','DD-MM-YYYY'),'F','DUNN','Good Girl',3,31);
INSERT INTO PET VALUES (385,to_date('22-12-2016','DD-MM-YYYY'),'F','FLAKE','Good Girl',5,74);
INSERT INTO PET VALUES (386,to_date('09-12-2007','DD-MM-YYYY'),'M','BARBIE','Good Boy',5,209);
INSERT INTO PET VALUES (387,to_date('18-10-2014','DD-MM-YYYY'),'M','ARROW','Good Boy',2,136);
INSERT INTO PET VALUES (388,to_date('26-06-2018','DD-MM-YYYY'),'M','CHARLIE','Good Boy',7,125);
INSERT INTO PET VALUES (389,to_date('19-03-2007','DD-MM-YYYY'),'F','BOB','Good Girl',7,39);
INSERT INTO PET VALUES (390,to_date('21-10-2016','DD-MM-YYYY'),'M','CAPONE','Good Boy',2,54);
INSERT INTO PET VALUES (391,to_date('09-03-2008','DD-MM-YYYY'),'F','GENIE','Good Girl',6,270);
INSERT INTO PET VALUES (392,to_date('20-11-2012','DD-MM-YYYY'),'M','ALLIE','Good Boy',2,180);
INSERT INTO PET VALUES (393,to_date('08-01-2019','DD-MM-YYYY'),'M','BOSCO','Good Boy',1,27);
INSERT INTO PET VALUES (394,to_date('05-06-2019','DD-MM-YYYY'),'M','CISCO','Good Boy',1,231);
INSERT INTO PET VALUES (395,to_date('04-01-2006','DD-MM-YYYY'),'M','DYLAN','Good Boy',6,169);
INSERT INTO PET VALUES (396,to_date('13-04-2015','DD-MM-YYYY'),'M','FRISKY','Good Boy',4,106);
INSERT INTO PET VALUES (397,to_date('27-05-2006','DD-MM-YYYY'),'M','GRACE','Good Boy',6,207);
INSERT INTO PET VALUES (398,to_date('22-03-2016','DD-MM-YYYY'),'M','FELIX','Good Boy',7,90);
INSERT INTO PET VALUES (399,to_date('11-12-2014','DD-MM-YYYY'),'M','BRADLEY','Good Boy',1,187);
INSERT INTO PET VALUES (400,to_date('07-07-2014','DD-MM-YYYY'),'M','DUDE','Good Boy',4,38);
INSERT INTO PET VALUES (401,to_date('06-01-2017','DD-MM-YYYY'),'M','BILLY','Good Boy',4,152);
INSERT INTO PET VALUES (402,to_date('01-05-2006','DD-MM-YYYY'),'F','BUDDY','Good Girl',7,246);
INSERT INTO PET VALUES (403,to_date('18-07-2016','DD-MM-YYYY'),'M','BUZZY','Good Boy',5,195);
INSERT INTO PET VALUES (404,to_date('11-03-2008','DD-MM-YYYY'),'F','CHI','Good Girl',1,179);
INSERT INTO PET VALUES (405,to_date('18-05-2005','DD-MM-YYYY'),'F','FRESIER','Good Girl',4,162);
INSERT INTO PET VALUES (406,to_date('23-06-2019','DD-MM-YYYY'),'F','DUSTY','Good Girl',1,196);
INSERT INTO PET VALUES (407,to_date('18-12-2010','DD-MM-YYYY'),'M','DUKE','Good Boy',3,69);
INSERT INTO PET VALUES (408,to_date('15-10-2019','DD-MM-YYYY'),'M','DODGER','Good Boy',1,84);
INSERT INTO PET VALUES (409,to_date('27-08-2015','DD-MM-YYYY'),'M','EBONY','Good Boy',3,184);
INSERT INTO PET VALUES (410,to_date('16-11-2015','DD-MM-YYYY'),'M','ABBEY','Good Boy',7,267);
INSERT INTO PET VALUES (411,to_date('06-08-2015','DD-MM-YYYY'),'M','DAKOTA','Good Boy',3,206);
INSERT INTO PET VALUES (412,to_date('08-10-2014','DD-MM-YYYY'),'F','AGGIE','Good Girl',2,272);
INSERT INTO PET VALUES (413,to_date('13-10-2015','DD-MM-YYYY'),'M','ANNIE','Good Boy',1,76);
INSERT INTO PET VALUES (414,to_date('15-04-2013','DD-MM-YYYY'),'F','GABRIELLA','Good Girl',1,254);
INSERT INTO PET VALUES (415,to_date('18-04-2019','DD-MM-YYYY'),'M','ARGUS','Good Boy',2,120);
INSERT INTO PET VALUES (416,to_date('12-09-2007','DD-MM-YYYY'),'M','FREDDY','Good Boy',6,13);
INSERT INTO PET VALUES (417,to_date('09-06-2017','DD-MM-YYYY'),'M','BANJO','Good Boy',1,146);
INSERT INTO PET VALUES (418,to_date('07-10-2019','DD-MM-YYYY'),'M','BUCKY','Good Boy',7,245);
INSERT INTO PET VALUES (419,to_date('14-08-2018','DD-MM-YYYY'),'M','DIEGO','Good Boy',3,299);
INSERT INTO PET VALUES (420,to_date('06-03-2014','DD-MM-YYYY'),'M','CINDER','Good Boy',4,133);
INSERT INTO PET VALUES (421,to_date('21-08-2017','DD-MM-YYYY'),'M','DOODLES','Good Boy',7,204);
INSERT INTO PET VALUES (422,to_date('07-01-2005','DD-MM-YYYY'),'M','DIGGER','Good Boy',6,29);
INSERT INTO PET VALUES (423,to_date('28-10-2008','DD-MM-YYYY'),'M','CHRISSY','Good Boy',6,286);
INSERT INTO PET VALUES (424,to_date('06-08-2009','DD-MM-YYYY'),'M','BRUTUS','Good Boy',7,269);
INSERT INTO PET VALUES (425,to_date('27-02-2008','DD-MM-YYYY'),'M','BIABLO','Good Boy',4,11);
INSERT INTO PET VALUES (426,to_date('05-06-2009','DD-MM-YYYY'),'F','BRIDGETT','Good Girl',1,98);
INSERT INTO PET VALUES (427,to_date('21-11-2017','DD-MM-YYYY'),'M','FINNEGAN','Good Boy',4,96);
INSERT INTO PET VALUES (428,to_date('01-12-2011','DD-MM-YYYY'),'M','ECHO','Good Boy',6,60);
INSERT INTO PET VALUES (429,to_date('08-04-2013','DD-MM-YYYY'),'M','CLIFFORD','Good Boy',6,230);
INSERT INTO PET VALUES (430,to_date('15-02-2008','DD-MM-YYYY'),'M','CHYNA','Good Boy',3,268);






INSERT INTO MEDICAL_RECORD VALUES (1,'record_detail1',105,104,to_date('18-08-2017','DD-MM-YYYY'));
INSERT INTO MEDICAL_RECORD VALUES (2,'record_detail2',63,168,to_date('21-12-2016','DD-MM-YYYY'));
INSERT INTO MEDICAL_RECORD VALUES (3,'record_detail3',124,172,to_date('18-09-2019','DD-MM-YYYY'));
INSERT INTO MEDICAL_RECORD VALUES (4,'record_detail4',110,169,to_date('14-10-2017','DD-MM-YYYY'));
INSERT INTO MEDICAL_RECORD VALUES (5,'record_detail5',86,5,to_date('08-10-2017','DD-MM-YYYY'));
INSERT INTO MEDICAL_RECORD VALUES (6,'record_detail6',6,238,to_date('24-10-2016','DD-MM-YYYY'));
INSERT INTO MEDICAL_RECORD VALUES (7,'record_detail7',113,147,to_date('16-09-2018','DD-MM-YYYY'));
INSERT INTO MEDICAL_RECORD VALUES (8,'record_detail8',87,291,to_date('28-10-2014','DD-MM-YYYY'));
INSERT INTO MEDICAL_RECORD VALUES (9,'record_detail9',109,405,to_date('23-07-2018','DD-MM-YYYY'));
INSERT INTO MEDICAL_RECORD VALUES (10,'record_detail10',93,56,to_date('22-12-2017','DD-MM-YYYY'));
INSERT INTO MEDICAL_RECORD VALUES (11,'record_detail11',28,50,to_date('24-12-2017','DD-MM-YYYY'));
INSERT INTO MEDICAL_RECORD VALUES (12,'record_detail12',32,84,to_date('04-10-2012','DD-MM-YYYY'));
INSERT INTO MEDICAL_RECORD VALUES (13,'record_detail13',3,45,to_date('22-11-2018','DD-MM-YYYY'));
INSERT INTO MEDICAL_RECORD VALUES (14,'record_detail14',85,320,to_date('23-11-2013','DD-MM-YYYY'));
INSERT INTO MEDICAL_RECORD VALUES (15,'record_detail15',87,304,to_date('28-06-2009','DD-MM-YYYY'));
INSERT INTO MEDICAL_RECORD VALUES (16,'record_detail16',97,112,to_date('21-09-2016','DD-MM-YYYY'));
INSERT INTO MEDICAL_RECORD VALUES (17,'record_detail17',114,409,to_date('28-09-2015','DD-MM-YYYY'));
INSERT INTO MEDICAL_RECORD VALUES (18,'record_detail18',22,237,to_date('27-03-2017','DD-MM-YYYY'));
INSERT INTO MEDICAL_RECORD VALUES (19,'record_detail19',36,128,to_date('24-12-2016','DD-MM-YYYY'));
INSERT INTO MEDICAL_RECORD VALUES (20,'record_detail20',113,149,to_date('26-10-2014','DD-MM-YYYY'));
INSERT INTO MEDICAL_RECORD VALUES (21,'record_detail21',31,198,to_date('17-11-2014','DD-MM-YYYY'));
INSERT INTO MEDICAL_RECORD VALUES (22,'record_detail22',5,11,to_date('27-12-2018','DD-MM-YYYY'));
INSERT INTO MEDICAL_RECORD VALUES (23,'record_detail23',102,121,to_date('28-12-2015','DD-MM-YYYY'));
INSERT INTO MEDICAL_RECORD VALUES (24,'record_detail24',14,299,to_date('24-09-2018','DD-MM-YYYY'));
INSERT INTO MEDICAL_RECORD VALUES (25,'record_detail25',109,322,to_date('22-04-2013','DD-MM-YYYY'));
INSERT INTO MEDICAL_RECORD VALUES (26,'record_detail26',39,49,to_date('24-12-2018','DD-MM-YYYY'));
INSERT INTO MEDICAL_RECORD VALUES (27,'record_detail27',108,269,to_date('17-04-2014','DD-MM-YYYY'));
INSERT INTO MEDICAL_RECORD VALUES (28,'record_detail28',106,325,to_date('22-10-2014','DD-MM-YYYY'));
INSERT INTO MEDICAL_RECORD VALUES (29,'record_detail29',113,403,to_date('25-11-2016','DD-MM-YYYY'));
INSERT INTO MEDICAL_RECORD VALUES (30,'record_detail30',8,222,to_date('27-10-2017','DD-MM-YYYY'));
INSERT INTO MEDICAL_RECORD VALUES (31,'record_detail31',97,118,to_date('27-12-2013','DD-MM-YYYY'));
INSERT INTO MEDICAL_RECORD VALUES (32,'record_detail32',38,84,to_date('04-10-2012','DD-MM-YYYY'));
INSERT INTO MEDICAL_RECORD VALUES (33,'record_detail33',33,49,to_date('24-12-2018','DD-MM-YYYY'));
INSERT INTO MEDICAL_RECORD VALUES (34,'record_detail34',120,248,to_date('17-06-2018','DD-MM-YYYY'));
INSERT INTO MEDICAL_RECORD VALUES (35,'record_detail35',4,16,to_date('16-12-2011','DD-MM-YYYY'));
INSERT INTO MEDICAL_RECORD VALUES (36,'record_detail36',87,130,to_date('25-10-2017','DD-MM-YYYY'));
INSERT INTO MEDICAL_RECORD VALUES (37,'record_detail37',33,299,to_date('24-09-2018','DD-MM-YYYY'));
INSERT INTO MEDICAL_RECORD VALUES (38,'record_detail38',116,151,to_date('22-11-2019','DD-MM-YYYY'));
INSERT INTO MEDICAL_RECORD VALUES (39,'record_detail39',35,137,to_date('25-10-2011','DD-MM-YYYY'));
INSERT INTO MEDICAL_RECORD VALUES (40,'record_detail40',107,132,to_date('13-08-2012','DD-MM-YYYY'));
INSERT INTO MEDICAL_RECORD VALUES (41,'record_detail41',64,145,to_date('28-12-2015','DD-MM-YYYY'));
INSERT INTO MEDICAL_RECORD VALUES (42,'record_detail42',111,207,to_date('19-10-2019','DD-MM-YYYY'));
INSERT INTO MEDICAL_RECORD VALUES (43,'record_detail43',108,42,to_date('09-09-2019','DD-MM-YYYY'));
INSERT INTO MEDICAL_RECORD VALUES (44,'record_detail44',69,45,to_date('22-11-2018','DD-MM-YYYY'));
INSERT INTO MEDICAL_RECORD VALUES (45,'record_detail45',51,110,to_date('27-08-2019','DD-MM-YYYY'));
INSERT INTO MEDICAL_RECORD VALUES (46,'record_detail46',101,354,to_date('22-06-2015','DD-MM-YYYY'));
INSERT INTO MEDICAL_RECORD VALUES (47,'record_detail47',100,94,to_date('27-11-2012','DD-MM-YYYY'));
INSERT INTO MEDICAL_RECORD VALUES (48,'record_detail48',15,2,to_date('28-12-2019','DD-MM-YYYY'));
INSERT INTO MEDICAL_RECORD VALUES (49,'record_detail49',79,417,to_date('14-12-2019','DD-MM-YYYY'));
INSERT INTO MEDICAL_RECORD VALUES (50,'record_detail50',118,39,to_date('04-12-2019','DD-MM-YYYY'));
INSERT INTO MEDICAL_RECORD VALUES (51,'record_detail51',11,80,to_date('25-10-2017','DD-MM-YYYY'));
INSERT INTO MEDICAL_RECORD VALUES (52,'record_detail52',7,152,to_date('16-12-2012','DD-MM-YYYY'));
INSERT INTO MEDICAL_RECORD VALUES (53,'record_detail53',105,388,to_date('27-09-2018','DD-MM-YYYY'));
INSERT INTO MEDICAL_RECORD VALUES (54,'record_detail54',83,284,to_date('25-09-2019','DD-MM-YYYY'));
INSERT INTO MEDICAL_RECORD VALUES (55,'record_detail55',111,9,to_date('26-05-2018','DD-MM-YYYY'));
INSERT INTO MEDICAL_RECORD VALUES (56,'record_detail56',92,130,to_date('25-10-2017','DD-MM-YYYY'));
INSERT INTO MEDICAL_RECORD VALUES (57,'record_detail57',59,72,to_date('19-09-2016','DD-MM-YYYY'));
INSERT INTO MEDICAL_RECORD VALUES (58,'record_detail58',128,279,to_date('07-08-2013','DD-MM-YYYY'));
INSERT INTO MEDICAL_RECORD VALUES (59,'record_detail59',30,423,to_date('28-12-2017','DD-MM-YYYY'));
INSERT INTO MEDICAL_RECORD VALUES (60,'record_detail60',20,331,to_date('22-09-2014','DD-MM-YYYY'));
INSERT INTO MEDICAL_RECORD VALUES (61,'record_detail61',113,388,to_date('27-09-2018','DD-MM-YYYY'));
INSERT INTO MEDICAL_RECORD VALUES (62,'record_detail62',37,64,to_date('25-07-2014','DD-MM-YYYY'));
INSERT INTO MEDICAL_RECORD VALUES (63,'record_detail63',81,194,to_date('18-05-2014','DD-MM-YYYY'));
INSERT INTO MEDICAL_RECORD VALUES (64,'record_detail64',17,222,to_date('27-10-2017','DD-MM-YYYY'));
INSERT INTO MEDICAL_RECORD VALUES (65,'record_detail65',28,376,to_date('17-11-2019','DD-MM-YYYY'));
INSERT INTO MEDICAL_RECORD VALUES (66,'record_detail66',104,192,to_date('17-12-2017','DD-MM-YYYY'));
INSERT INTO MEDICAL_RECORD VALUES (67,'record_detail67',27,274,to_date('24-06-2018','DD-MM-YYYY'));
INSERT INTO MEDICAL_RECORD VALUES (68,'record_detail68',49,115,to_date('28-12-2018','DD-MM-YYYY'));
INSERT INTO MEDICAL_RECORD VALUES (69,'record_detail69',19,302,to_date('18-12-2018','DD-MM-YYYY'));
INSERT INTO MEDICAL_RECORD VALUES (70,'record_detail70',88,189,to_date('02-06-2016','DD-MM-YYYY'));
INSERT INTO MEDICAL_RECORD VALUES (71,'record_detail71',113,351,to_date('05-12-2017','DD-MM-YYYY'));
INSERT INTO MEDICAL_RECORD VALUES (72,'record_detail72',103,249,to_date('27-06-2011','DD-MM-YYYY'));
INSERT INTO MEDICAL_RECORD VALUES (73,'record_detail73',7,200,to_date('26-03-2018','DD-MM-YYYY'));
INSERT INTO MEDICAL_RECORD VALUES (74,'record_detail74',29,125,to_date('24-12-2014','DD-MM-YYYY'));
INSERT INTO MEDICAL_RECORD VALUES (75,'record_detail75',59,107,to_date('27-11-2016','DD-MM-YYYY'));
INSERT INTO MEDICAL_RECORD VALUES (76,'record_detail76',14,423,to_date('28-12-2017','DD-MM-YYYY'));
INSERT INTO MEDICAL_RECORD VALUES (77,'record_detail77',59,397,to_date('27-05-2014','DD-MM-YYYY'));
INSERT INTO MEDICAL_RECORD VALUES (78,'record_detail78',38,236,to_date('24-12-2016','DD-MM-YYYY'));
INSERT INTO MEDICAL_RECORD VALUES (79,'record_detail79',45,55,to_date('26-10-2019','DD-MM-YYYY'));
INSERT INTO MEDICAL_RECORD VALUES (80,'record_detail80',80,356,to_date('14-12-2014','DD-MM-YYYY'));
INSERT INTO MEDICAL_RECORD VALUES (81,'record_detail81',41,172,to_date('18-09-2019','DD-MM-YYYY'));
INSERT INTO MEDICAL_RECORD VALUES (82,'record_detail82',73,33,to_date('20-10-2014','DD-MM-YYYY'));
INSERT INTO MEDICAL_RECORD VALUES (83,'record_detail83',94,328,to_date('28-12-2018','DD-MM-YYYY'));
INSERT INTO MEDICAL_RECORD VALUES (84,'record_detail84',79,175,to_date('21-12-2018','DD-MM-YYYY'));
INSERT INTO MEDICAL_RECORD VALUES (85,'record_detail85',103,312,to_date('28-11-2014','DD-MM-YYYY'));
INSERT INTO MEDICAL_RECORD VALUES (86,'record_detail86',120,387,to_date('19-11-2016','DD-MM-YYYY'));
INSERT INTO MEDICAL_RECORD VALUES (87,'record_detail87',61,271,to_date('24-08-2018','DD-MM-YYYY'));
INSERT INTO MEDICAL_RECORD VALUES (88,'record_detail88',13,305,to_date('23-11-2018','DD-MM-YYYY'));
INSERT INTO MEDICAL_RECORD VALUES (89,'record_detail89',128,211,to_date('26-12-2018','DD-MM-YYYY'));
INSERT INTO MEDICAL_RECORD VALUES (90,'record_detail90',94,203,to_date('17-12-2014','DD-MM-YYYY'));
INSERT INTO MEDICAL_RECORD VALUES (91,'record_detail91',8,4,to_date('22-09-2015','DD-MM-YYYY'));
INSERT INTO MEDICAL_RECORD VALUES (92,'record_detail92',28,97,to_date('17-06-2017','DD-MM-YYYY'));
INSERT INTO MEDICAL_RECORD VALUES (93,'record_detail93',105,187,to_date('23-10-2017','DD-MM-YYYY'));
INSERT INTO MEDICAL_RECORD VALUES (94,'record_detail94',49,19,to_date('19-04-2016','DD-MM-YYYY'));
INSERT INTO MEDICAL_RECORD VALUES (95,'record_detail95',62,187,to_date('23-10-2017','DD-MM-YYYY'));
INSERT INTO MEDICAL_RECORD VALUES (96,'record_detail96',95,421,to_date('23-12-2018','DD-MM-YYYY'));
INSERT INTO MEDICAL_RECORD VALUES (97,'record_detail97',25,49,to_date('24-12-2018','DD-MM-YYYY'));
INSERT INTO MEDICAL_RECORD VALUES (98,'record_detail98',16,403,to_date('25-11-2016','DD-MM-YYYY'));
INSERT INTO MEDICAL_RECORD VALUES (99,'record_detail99',113,174,to_date('20-06-2017','DD-MM-YYYY'));
INSERT INTO MEDICAL_RECORD VALUES (100,'record_detail100',12,71,to_date('23-12-2011','DD-MM-YYYY'));
INSERT INTO MEDICAL_RECORD VALUES (101,'record_detail101',78,174,to_date('20-06-2017','DD-MM-YYYY'));
INSERT INTO MEDICAL_RECORD VALUES (102,'record_detail102',24,187,to_date('23-10-2017','DD-MM-YYYY'));
INSERT INTO MEDICAL_RECORD VALUES (103,'record_detail103',126,180,to_date('22-03-2015','DD-MM-YYYY'));
INSERT INTO MEDICAL_RECORD VALUES (104,'record_detail104',25,73,to_date('28-12-2016','DD-MM-YYYY'));
INSERT INTO MEDICAL_RECORD VALUES (105,'record_detail105',95,8,to_date('15-10-2018','DD-MM-YYYY'));
INSERT INTO MEDICAL_RECORD VALUES (106,'record_detail106',128,213,to_date('24-12-2008','DD-MM-YYYY'));
INSERT INTO MEDICAL_RECORD VALUES (107,'record_detail107',130,311,to_date('24-11-2016','DD-MM-YYYY'));
INSERT INTO MEDICAL_RECORD VALUES (108,'record_detail108',57,409,to_date('28-09-2015','DD-MM-YYYY'));
INSERT INTO MEDICAL_RECORD VALUES (109,'record_detail109',34,114,to_date('27-06-2015','DD-MM-YYYY'));
INSERT INTO MEDICAL_RECORD VALUES (110,'record_detail110',108,266,to_date('22-04-2011','DD-MM-YYYY'));
INSERT INTO MEDICAL_RECORD VALUES (111,'record_detail111',90,274,to_date('24-06-2018','DD-MM-YYYY'));
INSERT INTO MEDICAL_RECORD VALUES (112,'record_detail112',1,144,to_date('22-10-2014','DD-MM-YYYY'));
INSERT INTO MEDICAL_RECORD VALUES (113,'record_detail113',50,263,to_date('14-09-2018','DD-MM-YYYY'));
INSERT INTO MEDICAL_RECORD VALUES (114,'record_detail114',111,199,to_date('10-07-2017','DD-MM-YYYY'));
INSERT INTO MEDICAL_RECORD VALUES (115,'record_detail115',76,136,to_date('12-09-2010','DD-MM-YYYY'));
INSERT INTO MEDICAL_RECORD VALUES (116,'record_detail116',61,244,to_date('18-12-2019','DD-MM-YYYY'));
INSERT INTO MEDICAL_RECORD VALUES (117,'record_detail117',60,189,to_date('02-06-2016','DD-MM-YYYY'));
INSERT INTO MEDICAL_RECORD VALUES (118,'record_detail118',19,137,to_date('25-10-2011','DD-MM-YYYY'));
INSERT INTO MEDICAL_RECORD VALUES (119,'record_detail119',95,14,to_date('16-11-2018','DD-MM-YYYY'));
INSERT INTO MEDICAL_RECORD VALUES (120,'record_detail120',95,193,to_date('18-11-2013','DD-MM-YYYY'));
INSERT INTO MEDICAL_RECORD VALUES (121,'record_detail121',27,310,to_date('24-11-2016','DD-MM-YYYY'));
INSERT INTO MEDICAL_RECORD VALUES (122,'record_detail122',77,404,to_date('28-12-2014','DD-MM-YYYY'));
INSERT INTO MEDICAL_RECORD VALUES (123,'record_detail123',9,378,to_date('21-08-2015','DD-MM-YYYY'));
INSERT INTO MEDICAL_RECORD VALUES (124,'record_detail124',98,196,to_date('24-08-2019','DD-MM-YYYY'));
INSERT INTO MEDICAL_RECORD VALUES (125,'record_detail125',37,180,to_date('22-03-2015','DD-MM-YYYY'));
INSERT INTO MEDICAL_RECORD VALUES (126,'record_detail126',42,162,to_date('09-06-2018','DD-MM-YYYY'));
INSERT INTO MEDICAL_RECORD VALUES (127,'record_detail127',54,86,to_date('22-08-2017','DD-MM-YYYY'));
INSERT INTO MEDICAL_RECORD VALUES (128,'record_detail128',66,263,to_date('14-09-2018','DD-MM-YYYY'));
INSERT INTO MEDICAL_RECORD VALUES (129,'record_detail129',56,58,to_date('24-08-2013','DD-MM-YYYY'));
INSERT INTO MEDICAL_RECORD VALUES (130,'record_detail130',33,398,to_date('23-06-2018','DD-MM-YYYY'));
INSERT INTO MEDICAL_RECORD VALUES (131,'record_detail131',6,290,to_date('17-12-2017','DD-MM-YYYY'));
INSERT INTO MEDICAL_RECORD VALUES (132,'record_detail132',11,223,to_date('26-12-2015','DD-MM-YYYY'));
INSERT INTO MEDICAL_RECORD VALUES (133,'record_detail133',4,223,to_date('26-12-2015','DD-MM-YYYY'));
INSERT INTO MEDICAL_RECORD VALUES (134,'record_detail134',71,76,to_date('20-08-2014','DD-MM-YYYY'));
INSERT INTO MEDICAL_RECORD VALUES (135,'record_detail135',106,429,to_date('24-07-2016','DD-MM-YYYY'));
INSERT INTO MEDICAL_RECORD VALUES (136,'record_detail136',33,72,to_date('19-09-2016','DD-MM-YYYY'));
INSERT INTO MEDICAL_RECORD VALUES (137,'record_detail137',44,315,to_date('28-05-2017','DD-MM-YYYY'));
INSERT INTO MEDICAL_RECORD VALUES (138,'record_detail138',3,270,to_date('26-10-2017','DD-MM-YYYY'));
INSERT INTO MEDICAL_RECORD VALUES (139,'record_detail139',22,426,to_date('10-09-2010','DD-MM-YYYY'));
INSERT INTO MEDICAL_RECORD VALUES (140,'record_detail140',89,120,to_date('27-10-2011','DD-MM-YYYY'));
INSERT INTO MEDICAL_RECORD VALUES (141,'record_detail141',81,189,to_date('02-06-2016','DD-MM-YYYY'));
INSERT INTO MEDICAL_RECORD VALUES (142,'record_detail142',61,127,to_date('10-04-2019','DD-MM-YYYY'));
INSERT INTO MEDICAL_RECORD VALUES (143,'record_detail143',11,324,to_date('09-12-2019','DD-MM-YYYY'));
INSERT INTO MEDICAL_RECORD VALUES (144,'record_detail144',127,24,to_date('13-11-2019','DD-MM-YYYY'));
INSERT INTO MEDICAL_RECORD VALUES (145,'record_detail145',24,322,to_date('22-04-2013','DD-MM-YYYY'));
INSERT INTO MEDICAL_RECORD VALUES (146,'record_detail146',89,76,to_date('20-08-2014','DD-MM-YYYY'));
INSERT INTO MEDICAL_RECORD VALUES (147,'record_detail147',92,382,to_date('26-08-2016','DD-MM-YYYY'));
INSERT INTO MEDICAL_RECORD VALUES (148,'record_detail148',24,112,to_date('21-09-2016','DD-MM-YYYY'));
INSERT INTO MEDICAL_RECORD VALUES (149,'record_detail149',123,254,to_date('24-12-2019','DD-MM-YYYY'));
INSERT INTO MEDICAL_RECORD VALUES (150,'record_detail150',15,82,to_date('15-12-2019','DD-MM-YYYY'));
INSERT INTO MEDICAL_RECORD VALUES (151,'record_detail151',121,352,to_date('04-05-2017','DD-MM-YYYY'));
INSERT INTO MEDICAL_RECORD VALUES (152,'record_detail152',66,175,to_date('21-12-2018','DD-MM-YYYY'));
INSERT INTO MEDICAL_RECORD VALUES (153,'record_detail153',51,404,to_date('28-12-2014','DD-MM-YYYY'));
INSERT INTO MEDICAL_RECORD VALUES (154,'record_detail154',21,62,to_date('19-08-2016','DD-MM-YYYY'));
INSERT INTO MEDICAL_RECORD VALUES (155,'record_detail155',2,105,to_date('11-03-2019','DD-MM-YYYY'));
INSERT INTO MEDICAL_RECORD VALUES (156,'record_detail156',18,152,to_date('16-12-2012','DD-MM-YYYY'));
INSERT INTO MEDICAL_RECORD VALUES (157,'record_detail157',21,114,to_date('27-06-2015','DD-MM-YYYY'));
INSERT INTO MEDICAL_RECORD VALUES (158,'record_detail158',67,300,to_date('22-12-2019','DD-MM-YYYY'));
INSERT INTO MEDICAL_RECORD VALUES (159,'record_detail159',17,5,to_date('08-10-2017','DD-MM-YYYY'));
INSERT INTO MEDICAL_RECORD VALUES (160,'record_detail160',107,206,to_date('26-12-2017','DD-MM-YYYY'));
INSERT INTO MEDICAL_RECORD VALUES (161,'record_detail161',57,371,to_date('27-12-2016','DD-MM-YYYY'));
INSERT INTO MEDICAL_RECORD VALUES (162,'record_detail162',70,198,to_date('17-11-2014','DD-MM-YYYY'));
INSERT INTO MEDICAL_RECORD VALUES (163,'record_detail163',132,156,to_date('27-07-2010','DD-MM-YYYY'));
INSERT INTO MEDICAL_RECORD VALUES (164,'record_detail164',91,172,to_date('18-09-2019','DD-MM-YYYY'));
INSERT INTO MEDICAL_RECORD VALUES (165,'record_detail165',46,333,to_date('25-12-2019','DD-MM-YYYY'));
INSERT INTO MEDICAL_RECORD VALUES (166,'record_detail166',20,131,to_date('16-05-2019','DD-MM-YYYY'));
INSERT INTO MEDICAL_RECORD VALUES (167,'record_detail167',3,310,to_date('24-11-2016','DD-MM-YYYY'));
INSERT INTO MEDICAL_RECORD VALUES (168,'record_detail168',44,294,to_date('05-11-2014','DD-MM-YYYY'));
INSERT INTO MEDICAL_RECORD VALUES (169,'record_detail169',111,416,to_date('27-09-2011','DD-MM-YYYY'));
INSERT INTO MEDICAL_RECORD VALUES (170,'record_detail170',21,388,to_date('27-09-2018','DD-MM-YYYY'));
INSERT INTO MEDICAL_RECORD VALUES (171,'record_detail171',12,92,to_date('16-12-2013','DD-MM-YYYY'));
INSERT INTO MEDICAL_RECORD VALUES (172,'record_detail172',56,361,to_date('17-06-2015','DD-MM-YYYY'));
INSERT INTO MEDICAL_RECORD VALUES (173,'record_detail173',86,32,to_date('05-12-2012','DD-MM-YYYY'));
INSERT INTO MEDICAL_RECORD VALUES (174,'record_detail174',50,75,to_date('22-09-2012','DD-MM-YYYY'));
INSERT INTO MEDICAL_RECORD VALUES (175,'record_detail175',87,135,to_date('23-12-2019','DD-MM-YYYY'));
INSERT INTO MEDICAL_RECORD VALUES (176,'record_detail176',54,305,to_date('23-11-2018','DD-MM-YYYY'));
INSERT INTO MEDICAL_RECORD VALUES (177,'record_detail177',94,16,to_date('16-12-2011','DD-MM-YYYY'));
INSERT INTO MEDICAL_RECORD VALUES (178,'record_detail178',123,383,to_date('11-03-2018','DD-MM-YYYY'));
INSERT INTO MEDICAL_RECORD VALUES (179,'record_detail179',128,378,to_date('21-08-2015','DD-MM-YYYY'));
INSERT INTO MEDICAL_RECORD VALUES (180,'record_detail180',70,229,to_date('23-05-2019','DD-MM-YYYY'));
INSERT INTO MEDICAL_RECORD VALUES (181,'record_detail181',21,220,to_date('04-05-2018','DD-MM-YYYY'));
INSERT INTO MEDICAL_RECORD VALUES (182,'record_detail182',53,213,to_date('24-12-2008','DD-MM-YYYY'));
INSERT INTO MEDICAL_RECORD VALUES (183,'record_detail183',9,402,to_date('10-07-2009','DD-MM-YYYY'));
INSERT INTO MEDICAL_RECORD VALUES (184,'record_detail184',15,203,to_date('17-12-2014','DD-MM-YYYY'));
INSERT INTO MEDICAL_RECORD VALUES (185,'record_detail185',31,400,to_date('08-10-2015','DD-MM-YYYY'));
INSERT INTO MEDICAL_RECORD VALUES (186,'record_detail186',132,212,to_date('18-10-2013','DD-MM-YYYY'));
INSERT INTO MEDICAL_RECORD VALUES (187,'record_detail187',6,409,to_date('28-09-2015','DD-MM-YYYY'));
INSERT INTO MEDICAL_RECORD VALUES (188,'record_detail188',25,336,to_date('28-08-2016','DD-MM-YYYY'));
INSERT INTO MEDICAL_RECORD VALUES (189,'record_detail189',96,255,to_date('28-12-2014','DD-MM-YYYY'));
INSERT INTO MEDICAL_RECORD VALUES (190,'record_detail190',85,10,to_date('25-06-2016','DD-MM-YYYY'));
INSERT INTO MEDICAL_RECORD VALUES (191,'record_detail191',35,218,to_date('27-09-2019','DD-MM-YYYY'));
INSERT INTO MEDICAL_RECORD VALUES (192,'record_detail192',41,416,to_date('27-09-2011','DD-MM-YYYY'));
INSERT INTO MEDICAL_RECORD VALUES (193,'record_detail193',105,261,to_date('24-07-2019','DD-MM-YYYY'));
INSERT INTO MEDICAL_RECORD VALUES (194,'record_detail194',69,151,to_date('22-11-2019','DD-MM-YYYY'));
INSERT INTO MEDICAL_RECORD VALUES (195,'record_detail195',100,121,to_date('28-12-2015','DD-MM-YYYY'));
INSERT INTO MEDICAL_RECORD VALUES (196,'record_detail196',116,246,to_date('19-08-2015','DD-MM-YYYY'));
INSERT INTO MEDICAL_RECORD VALUES (197,'record_detail197',104,259,to_date('12-04-2019','DD-MM-YYYY'));
INSERT INTO MEDICAL_RECORD VALUES (198,'record_detail198',3,304,to_date('28-06-2009','DD-MM-YYYY'));
INSERT INTO MEDICAL_RECORD VALUES (199,'record_detail199',3,70,to_date('28-11-2006','DD-MM-YYYY'));
INSERT INTO MEDICAL_RECORD VALUES (200,'record_detail200',38,134,to_date('24-06-2013','DD-MM-YYYY'));
INSERT INTO MEDICAL_RECORD VALUES (201,'record_detail201',128,122,to_date('11-12-2019','DD-MM-YYYY'));
INSERT INTO MEDICAL_RECORD VALUES (202,'record_detail202',89,221,to_date('28-08-2014','DD-MM-YYYY'));
INSERT INTO MEDICAL_RECORD VALUES (203,'record_detail203',91,154,to_date('10-10-2017','DD-MM-YYYY'));
INSERT INTO MEDICAL_RECORD VALUES (204,'record_detail204',109,342,to_date('20-11-2019','DD-MM-YYYY'));
INSERT INTO MEDICAL_RECORD VALUES (205,'record_detail205',25,285,to_date('27-07-2015','DD-MM-YYYY'));
INSERT INTO MEDICAL_RECORD VALUES (206,'record_detail206',106,350,to_date('20-09-2009','DD-MM-YYYY'));
INSERT INTO MEDICAL_RECORD VALUES (207,'record_detail207',6,225,to_date('27-03-2017','DD-MM-YYYY'));
INSERT INTO MEDICAL_RECORD VALUES (208,'record_detail208',82,45,to_date('22-11-2018','DD-MM-YYYY'));
INSERT INTO MEDICAL_RECORD VALUES (209,'record_detail209',40,204,to_date('27-08-2018','DD-MM-YYYY'));
INSERT INTO MEDICAL_RECORD VALUES (210,'record_detail210',34,290,to_date('17-12-2017','DD-MM-YYYY'));
INSERT INTO MEDICAL_RECORD VALUES (211,'record_detail211',3,36,to_date('15-12-2013','DD-MM-YYYY'));
INSERT INTO MEDICAL_RECORD VALUES (212,'record_detail212',30,141,to_date('28-07-2015','DD-MM-YYYY'));
INSERT INTO MEDICAL_RECORD VALUES (213,'record_detail213',66,193,to_date('18-11-2013','DD-MM-YYYY'));
INSERT INTO MEDICAL_RECORD VALUES (214,'record_detail214',127,249,to_date('27-06-2011','DD-MM-YYYY'));
INSERT INTO MEDICAL_RECORD VALUES (215,'record_detail215',81,204,to_date('27-08-2018','DD-MM-YYYY'));
INSERT INTO MEDICAL_RECORD VALUES (216,'record_detail216',126,389,to_date('20-12-2011','DD-MM-YYYY'));
INSERT INTO MEDICAL_RECORD VALUES (217,'record_detail217',85,217,to_date('25-12-2018','DD-MM-YYYY'));
INSERT INTO MEDICAL_RECORD VALUES (218,'record_detail218',17,16,to_date('16-12-2011','DD-MM-YYYY'));
INSERT INTO MEDICAL_RECORD VALUES (219,'record_detail219',60,285,to_date('27-07-2015','DD-MM-YYYY'));
INSERT INTO MEDICAL_RECORD VALUES (220,'record_detail220',26,321,to_date('20-09-2019','DD-MM-YYYY'));
INSERT INTO MEDICAL_RECORD VALUES (221,'record_detail221',96,250,to_date('27-07-2008','DD-MM-YYYY'));
INSERT INTO MEDICAL_RECORD VALUES (222,'record_detail222',54,56,to_date('22-12-2017','DD-MM-YYYY'));
INSERT INTO MEDICAL_RECORD VALUES (223,'record_detail223',63,67,to_date('10-09-2019','DD-MM-YYYY'));
INSERT INTO MEDICAL_RECORD VALUES (224,'record_detail224',113,198,to_date('17-11-2014','DD-MM-YYYY'));
INSERT INTO MEDICAL_RECORD VALUES (225,'record_detail225',32,196,to_date('24-08-2019','DD-MM-YYYY'));
INSERT INTO MEDICAL_RECORD VALUES (226,'record_detail226',12,216,to_date('19-12-2011','DD-MM-YYYY'));
INSERT INTO MEDICAL_RECORD VALUES (227,'record_detail227',65,365,to_date('21-10-2019','DD-MM-YYYY'));
INSERT INTO MEDICAL_RECORD VALUES (228,'record_detail228',49,355,to_date('26-12-2011','DD-MM-YYYY'));
INSERT INTO MEDICAL_RECORD VALUES (229,'record_detail229',124,378,to_date('21-08-2015','DD-MM-YYYY'));
INSERT INTO MEDICAL_RECORD VALUES (230,'record_detail230',95,16,to_date('16-12-2011','DD-MM-YYYY'));
INSERT INTO MEDICAL_RECORD VALUES (231,'record_detail231',124,359,to_date('12-12-2014','DD-MM-YYYY'));
INSERT INTO MEDICAL_RECORD VALUES (232,'record_detail232',120,154,to_date('10-10-2017','DD-MM-YYYY'));
INSERT INTO MEDICAL_RECORD VALUES (233,'record_detail233',128,162,to_date('09-06-2018','DD-MM-YYYY'));
INSERT INTO MEDICAL_RECORD VALUES (234,'record_detail234',74,347,to_date('15-09-2019','DD-MM-YYYY'));
INSERT INTO MEDICAL_RECORD VALUES (235,'record_detail235',33,129,to_date('23-08-2014','DD-MM-YYYY'));
INSERT INTO MEDICAL_RECORD VALUES (236,'record_detail236',61,137,to_date('25-10-2011','DD-MM-YYYY'));
INSERT INTO MEDICAL_RECORD VALUES (237,'record_detail237',15,105,to_date('11-03-2019','DD-MM-YYYY'));
INSERT INTO MEDICAL_RECORD VALUES (238,'record_detail238',108,94,to_date('27-11-2012','DD-MM-YYYY'));
INSERT INTO MEDICAL_RECORD VALUES (239,'record_detail239',31,199,to_date('10-07-2017','DD-MM-YYYY'));
INSERT INTO MEDICAL_RECORD VALUES (240,'record_detail240',108,142,to_date('27-07-2016','DD-MM-YYYY'));
INSERT INTO MEDICAL_RECORD VALUES (241,'record_detail241',66,18,to_date('20-09-2017','DD-MM-YYYY'));
INSERT INTO MEDICAL_RECORD VALUES (242,'record_detail242',68,238,to_date('24-10-2016','DD-MM-YYYY'));
INSERT INTO MEDICAL_RECORD VALUES (243,'record_detail243',63,204,to_date('27-08-2018','DD-MM-YYYY'));
INSERT INTO MEDICAL_RECORD VALUES (244,'record_detail244',121,266,to_date('22-04-2011','DD-MM-YYYY'));
INSERT INTO MEDICAL_RECORD VALUES (245,'record_detail245',56,422,to_date('28-08-2013','DD-MM-YYYY'));
INSERT INTO MEDICAL_RECORD VALUES (246,'record_detail246',79,15,to_date('14-10-2014','DD-MM-YYYY'));
INSERT INTO MEDICAL_RECORD VALUES (247,'record_detail247',2,317,to_date('17-12-2018','DD-MM-YYYY'));
INSERT INTO MEDICAL_RECORD VALUES (248,'record_detail248',31,306,to_date('21-10-2018','DD-MM-YYYY'));
INSERT INTO MEDICAL_RECORD VALUES (249,'record_detail249',74,17,to_date('27-10-2015','DD-MM-YYYY'));
INSERT INTO MEDICAL_RECORD VALUES (250,'record_detail250',32,198,to_date('17-11-2014','DD-MM-YYYY'));
INSERT INTO MEDICAL_RECORD VALUES (251,'record_detail251',15,412,to_date('21-12-2015','DD-MM-YYYY'));
INSERT INTO MEDICAL_RECORD VALUES (252,'record_detail252',52,15,to_date('14-10-2014','DD-MM-YYYY'));
INSERT INTO MEDICAL_RECORD VALUES (253,'record_detail253',21,197,to_date('25-05-2016','DD-MM-YYYY'));
INSERT INTO MEDICAL_RECORD VALUES (254,'record_detail254',19,306,to_date('21-10-2018','DD-MM-YYYY'));
INSERT INTO MEDICAL_RECORD VALUES (255,'record_detail255',17,1,to_date('28-09-2019','DD-MM-YYYY'));
INSERT INTO MEDICAL_RECORD VALUES (256,'record_detail256',3,40,to_date('13-08-2016','DD-MM-YYYY'));
INSERT INTO MEDICAL_RECORD VALUES (257,'record_detail257',62,276,to_date('22-10-2016','DD-MM-YYYY'));
INSERT INTO MEDICAL_RECORD VALUES (258,'record_detail258',63,286,to_date('12-12-2012','DD-MM-YYYY'));
INSERT INTO MEDICAL_RECORD VALUES (259,'record_detail259',73,340,to_date('25-11-2019','DD-MM-YYYY'));
INSERT INTO MEDICAL_RECORD VALUES (260,'record_detail260',5,97,to_date('17-06-2017','DD-MM-YYYY'));
INSERT INTO MEDICAL_RECORD VALUES (261,'record_detail261',6,248,to_date('17-06-2018','DD-MM-YYYY'));
INSERT INTO MEDICAL_RECORD VALUES (262,'record_detail262',109,349,to_date('22-12-2019','DD-MM-YYYY'));
INSERT INTO MEDICAL_RECORD VALUES (263,'record_detail263',66,287,to_date('14-11-2019','DD-MM-YYYY'));
INSERT INTO MEDICAL_RECORD VALUES (264,'record_detail264',49,425,to_date('28-12-2013','DD-MM-YYYY'));
INSERT INTO MEDICAL_RECORD VALUES (265,'record_detail265',129,77,to_date('23-10-2017','DD-MM-YYYY'));
INSERT INTO MEDICAL_RECORD VALUES (266,'record_detail266',68,417,to_date('14-12-2019','DD-MM-YYYY'));
INSERT INTO MEDICAL_RECORD VALUES (267,'record_detail267',38,214,to_date('13-11-2017','DD-MM-YYYY'));
INSERT INTO MEDICAL_RECORD VALUES (268,'record_detail268',123,307,to_date('09-08-2019','DD-MM-YYYY'));
INSERT INTO MEDICAL_RECORD VALUES (269,'record_detail269',104,220,to_date('04-05-2018','DD-MM-YYYY'));
INSERT INTO MEDICAL_RECORD VALUES (270,'record_detail270',45,22,to_date('16-11-2019','DD-MM-YYYY'));
INSERT INTO MEDICAL_RECORD VALUES (271,'record_detail271',76,153,to_date('20-09-2015','DD-MM-YYYY'));
INSERT INTO MEDICAL_RECORD VALUES (272,'record_detail272',51,326,to_date('28-02-2019','DD-MM-YYYY'));
INSERT INTO MEDICAL_RECORD VALUES (273,'record_detail273',51,288,to_date('13-03-2013','DD-MM-YYYY'));
INSERT INTO MEDICAL_RECORD VALUES (274,'record_detail274',86,158,to_date('16-06-2019','DD-MM-YYYY'));
INSERT INTO MEDICAL_RECORD VALUES (275,'record_detail275',112,241,to_date('28-12-2018','DD-MM-YYYY'));
INSERT INTO MEDICAL_RECORD VALUES (276,'record_detail276',8,254,to_date('24-12-2019','DD-MM-YYYY'));
INSERT INTO MEDICAL_RECORD VALUES (277,'record_detail277',12,321,to_date('20-09-2019','DD-MM-YYYY'));
INSERT INTO MEDICAL_RECORD VALUES (278,'record_detail278',62,297,to_date('22-07-2011','DD-MM-YYYY'));
INSERT INTO MEDICAL_RECORD VALUES (279,'record_detail279',77,40,to_date('13-08-2016','DD-MM-YYYY'));
INSERT INTO MEDICAL_RECORD VALUES (280,'record_detail280',74,134,to_date('24-06-2013','DD-MM-YYYY'));
INSERT INTO MEDICAL_RECORD VALUES (281,'record_detail281',104,14,to_date('16-11-2018','DD-MM-YYYY'));
INSERT INTO MEDICAL_RECORD VALUES (282,'record_detail282',115,367,to_date('19-12-2019','DD-MM-YYYY'));
INSERT INTO MEDICAL_RECORD VALUES (283,'record_detail283',110,48,to_date('15-07-2014','DD-MM-YYYY'));
INSERT INTO MEDICAL_RECORD VALUES (284,'record_detail284',126,190,to_date('27-05-2019','DD-MM-YYYY'));
INSERT INTO MEDICAL_RECORD VALUES (285,'record_detail285',23,425,to_date('28-12-2013','DD-MM-YYYY'));
INSERT INTO MEDICAL_RECORD VALUES (286,'record_detail286',20,322,to_date('22-04-2013','DD-MM-YYYY'));
INSERT INTO MEDICAL_RECORD VALUES (287,'record_detail287',114,294,to_date('05-11-2014','DD-MM-YYYY'));
INSERT INTO MEDICAL_RECORD VALUES (288,'record_detail288',28,3,to_date('20-12-2017','DD-MM-YYYY'));
INSERT INTO MEDICAL_RECORD VALUES (289,'record_detail289',5,342,to_date('20-11-2019','DD-MM-YYYY'));
INSERT INTO MEDICAL_RECORD VALUES (290,'record_detail290',121,179,to_date('27-10-2015','DD-MM-YYYY'));
INSERT INTO MEDICAL_RECORD VALUES (291,'record_detail291',120,277,to_date('28-10-2018','DD-MM-YYYY'));
INSERT INTO MEDICAL_RECORD VALUES (292,'record_detail292',63,185,to_date('20-07-2018','DD-MM-YYYY'));
INSERT INTO MEDICAL_RECORD VALUES (293,'record_detail293',31,30,to_date('05-07-2017','DD-MM-YYYY'));
INSERT INTO MEDICAL_RECORD VALUES (294,'record_detail294',98,331,to_date('22-09-2014','DD-MM-YYYY'));
INSERT INTO MEDICAL_RECORD VALUES (295,'record_detail295',114,32,to_date('05-12-2012','DD-MM-YYYY'));
INSERT INTO MEDICAL_RECORD VALUES (296,'record_detail296',111,205,to_date('26-10-2015','DD-MM-YYYY'));
INSERT INTO MEDICAL_RECORD VALUES (297,'record_detail297',111,184,to_date('26-09-2019','DD-MM-YYYY'));
INSERT INTO MEDICAL_RECORD VALUES (298,'record_detail298',112,165,to_date('12-04-2013','DD-MM-YYYY'));
INSERT INTO MEDICAL_RECORD VALUES (299,'record_detail299',118,418,to_date('19-12-2020','DD-MM-YYYY'));
INSERT INTO MEDICAL_RECORD VALUES (300,'record_detail300',97,137,to_date('25-10-2011','DD-MM-YYYY'));
INSERT INTO MEDICAL_RECORD VALUES (301,'record_detail301',57,118,to_date('27-12-2013','DD-MM-YYYY'));
INSERT INTO MEDICAL_RECORD VALUES (302,'record_detail302',125,180,to_date('22-03-2015','DD-MM-YYYY'));
INSERT INTO MEDICAL_RECORD VALUES (303,'record_detail303',89,194,to_date('18-05-2014','DD-MM-YYYY'));
INSERT INTO MEDICAL_RECORD VALUES (304,'record_detail304',93,174,to_date('20-06-2017','DD-MM-YYYY'));
INSERT INTO MEDICAL_RECORD VALUES (305,'record_detail305',11,135,to_date('23-12-2019','DD-MM-YYYY'));
INSERT INTO MEDICAL_RECORD VALUES (306,'record_detail306',112,183,to_date('28-04-2010','DD-MM-YYYY'));
INSERT INTO MEDICAL_RECORD VALUES (307,'record_detail307',95,124,to_date('26-06-2008','DD-MM-YYYY'));
INSERT INTO MEDICAL_RECORD VALUES (308,'record_detail308',114,46,to_date('27-12-2015','DD-MM-YYYY'));
INSERT INTO MEDICAL_RECORD VALUES (309,'record_detail309',22,46,to_date('27-12-2015','DD-MM-YYYY'));
INSERT INTO MEDICAL_RECORD VALUES (310,'record_detail310',128,77,to_date('23-10-2017','DD-MM-YYYY'));
INSERT INTO MEDICAL_RECORD VALUES (311,'record_detail311',102,302,to_date('18-12-2018','DD-MM-YYYY'));
INSERT INTO MEDICAL_RECORD VALUES (312,'record_detail312',25,97,to_date('17-06-2017','DD-MM-YYYY'));
INSERT INTO MEDICAL_RECORD VALUES (313,'record_detail313',20,131,to_date('16-05-2019','DD-MM-YYYY'));
INSERT INTO MEDICAL_RECORD VALUES (314,'record_detail314',54,317,to_date('17-12-2018','DD-MM-YYYY'));
INSERT INTO MEDICAL_RECORD VALUES (315,'record_detail315',19,173,to_date('26-04-2019','DD-MM-YYYY'));
INSERT INTO MEDICAL_RECORD VALUES (316,'record_detail316',132,66,to_date('18-10-2014','DD-MM-YYYY'));
INSERT INTO MEDICAL_RECORD VALUES (317,'record_detail317',18,337,to_date('26-11-2011','DD-MM-YYYY'));
INSERT INTO MEDICAL_RECORD VALUES (318,'record_detail318',20,268,to_date('25-09-2012','DD-MM-YYYY'));
INSERT INTO MEDICAL_RECORD VALUES (319,'record_detail319',60,66,to_date('18-10-2014','DD-MM-YYYY'));
INSERT INTO MEDICAL_RECORD VALUES (320,'record_detail320',130,310,to_date('24-11-2016','DD-MM-YYYY'));
INSERT INTO MEDICAL_RECORD VALUES (321,'record_detail321',116,289,to_date('23-08-2017','DD-MM-YYYY'));
INSERT INTO MEDICAL_RECORD VALUES (322,'record_detail322',61,227,to_date('20-10-2018','DD-MM-YYYY'));
INSERT INTO MEDICAL_RECORD VALUES (323,'record_detail323',121,156,to_date('27-07-2010','DD-MM-YYYY'));
INSERT INTO MEDICAL_RECORD VALUES (324,'record_detail324',118,201,to_date('21-12-2019','DD-MM-YYYY'));
INSERT INTO MEDICAL_RECORD VALUES (325,'record_detail325',71,85,to_date('28-12-2018','DD-MM-YYYY'));
INSERT INTO MEDICAL_RECORD VALUES (326,'record_detail326',78,12,to_date('28-10-2013','DD-MM-YYYY'));
INSERT INTO MEDICAL_RECORD VALUES (327,'record_detail327',115,338,to_date('22-12-2012','DD-MM-YYYY'));
INSERT INTO MEDICAL_RECORD VALUES (328,'record_detail328',18,5,to_date('08-10-2017','DD-MM-YYYY'));
INSERT INTO MEDICAL_RECORD VALUES (329,'record_detail329',48,247,to_date('27-12-2016','DD-MM-YYYY'));
INSERT INTO MEDICAL_RECORD VALUES (330,'record_detail330',10,39,to_date('04-12-2019','DD-MM-YYYY'));
INSERT INTO MEDICAL_RECORD VALUES (331,'record_detail331',28,346,to_date('09-11-2016','DD-MM-YYYY'));
INSERT INTO MEDICAL_RECORD VALUES (332,'record_detail332',72,60,to_date('09-12-2013','DD-MM-YYYY'));
INSERT INTO MEDICAL_RECORD VALUES (333,'record_detail333',131,171,to_date('16-08-2017','DD-MM-YYYY'));
INSERT INTO MEDICAL_RECORD VALUES (334,'record_detail334',1,45,to_date('22-11-2018','DD-MM-YYYY'));
INSERT INTO MEDICAL_RECORD VALUES (335,'record_detail335',20,267,to_date('12-12-2016','DD-MM-YYYY'));
INSERT INTO MEDICAL_RECORD VALUES (336,'record_detail336',9,386,to_date('27-12-2009','DD-MM-YYYY'));
INSERT INTO MEDICAL_RECORD VALUES (337,'record_detail337',14,326,to_date('28-02-2019','DD-MM-YYYY'));
INSERT INTO MEDICAL_RECORD VALUES (338,'record_detail338',100,142,to_date('27-07-2016','DD-MM-YYYY'));
INSERT INTO MEDICAL_RECORD VALUES (339,'record_detail339',132,16,to_date('16-12-2011','DD-MM-YYYY'));
INSERT INTO MEDICAL_RECORD VALUES (340,'record_detail340',96,9,to_date('26-05-2018','DD-MM-YYYY'));
INSERT INTO MEDICAL_RECORD VALUES (341,'record_detail341',68,174,to_date('20-06-2017','DD-MM-YYYY'));
INSERT INTO MEDICAL_RECORD VALUES (342,'record_detail342',43,155,to_date('20-10-2019','DD-MM-YYYY'));
INSERT INTO MEDICAL_RECORD VALUES (343,'record_detail343',2,340,to_date('25-11-2019','DD-MM-YYYY'));
INSERT INTO MEDICAL_RECORD VALUES (344,'record_detail344',80,380,to_date('15-06-2019','DD-MM-YYYY'));
INSERT INTO MEDICAL_RECORD VALUES (345,'record_detail345',74,143,to_date('23-12-2013','DD-MM-YYYY'));
INSERT INTO MEDICAL_RECORD VALUES (346,'record_detail346',100,133,to_date('28-08-2017','DD-MM-YYYY'));
INSERT INTO MEDICAL_RECORD VALUES (347,'record_detail347',80,97,to_date('17-06-2017','DD-MM-YYYY'));
INSERT INTO MEDICAL_RECORD VALUES (348,'record_detail348',76,166,to_date('24-08-2012','DD-MM-YYYY'));
INSERT INTO MEDICAL_RECORD VALUES (349,'record_detail349',45,337,to_date('26-11-2011','DD-MM-YYYY'));
INSERT INTO MEDICAL_RECORD VALUES (350,'record_detail350',43,297,to_date('22-07-2011','DD-MM-YYYY'));
INSERT INTO MEDICAL_RECORD VALUES (351,'record_detail351',86,60,to_date('09-12-2013','DD-MM-YYYY'));
INSERT INTO MEDICAL_RECORD VALUES (352,'record_detail352',51,414,to_date('16-07-2014','DD-MM-YYYY'));
INSERT INTO MEDICAL_RECORD VALUES (353,'record_detail353',54,329,to_date('25-07-2018','DD-MM-YYYY'));
INSERT INTO MEDICAL_RECORD VALUES (354,'record_detail354',120,56,to_date('22-12-2017','DD-MM-YYYY'));
INSERT INTO MEDICAL_RECORD VALUES (355,'record_detail355',65,76,to_date('20-08-2014','DD-MM-YYYY'));
INSERT INTO MEDICAL_RECORD VALUES (356,'record_detail356',51,420,to_date('17-04-2020','DD-MM-YYYY'));
INSERT INTO MEDICAL_RECORD VALUES (357,'record_detail357',22,275,to_date('21-12-2014','DD-MM-YYYY'));
INSERT INTO MEDICAL_RECORD VALUES (358,'record_detail358',23,213,to_date('24-12-2008','DD-MM-YYYY'));
INSERT INTO MEDICAL_RECORD VALUES (359,'record_detail359',17,385,to_date('23-12-2018','DD-MM-YYYY'));
INSERT INTO MEDICAL_RECORD VALUES (360,'record_detail360',9,399,to_date('23-12-2014','DD-MM-YYYY'));
INSERT INTO MEDICAL_RECORD VALUES (361,'record_detail361',24,142,to_date('27-07-2016','DD-MM-YYYY'));
INSERT INTO MEDICAL_RECORD VALUES (362,'record_detail362',64,330,to_date('22-09-2019','DD-MM-YYYY'));
INSERT INTO MEDICAL_RECORD VALUES (363,'record_detail363',88,149,to_date('26-10-2014','DD-MM-YYYY'));
INSERT INTO MEDICAL_RECORD VALUES (364,'record_detail364',15,48,to_date('15-07-2014','DD-MM-YYYY'));
INSERT INTO MEDICAL_RECORD VALUES (365,'record_detail365',35,276,to_date('22-10-2016','DD-MM-YYYY'));
INSERT INTO MEDICAL_RECORD VALUES (366,'record_detail366',37,383,to_date('11-03-2018','DD-MM-YYYY'));
INSERT INTO MEDICAL_RECORD VALUES (367,'record_detail367',78,398,to_date('23-06-2018','DD-MM-YYYY'));
INSERT INTO MEDICAL_RECORD VALUES (368,'record_detail368',50,169,to_date('14-10-2017','DD-MM-YYYY'));
INSERT INTO MEDICAL_RECORD VALUES (369,'record_detail369',110,54,to_date('27-05-2016','DD-MM-YYYY'));
INSERT INTO MEDICAL_RECORD VALUES (370,'record_detail370',84,126,to_date('28-11-2014','DD-MM-YYYY'));
INSERT INTO MEDICAL_RECORD VALUES (371,'record_detail371',16,206,to_date('26-12-2017','DD-MM-YYYY'));
INSERT INTO MEDICAL_RECORD VALUES (372,'record_detail372',38,345,to_date('28-10-2017','DD-MM-YYYY'));
INSERT INTO MEDICAL_RECORD VALUES (373,'record_detail373',52,251,to_date('22-07-2008','DD-MM-YYYY'));
INSERT INTO MEDICAL_RECORD VALUES (374,'record_detail374',41,333,to_date('25-12-2019','DD-MM-YYYY'));
INSERT INTO MEDICAL_RECORD VALUES (375,'record_detail375',28,373,to_date('25-12-2011','DD-MM-YYYY'));
INSERT INTO MEDICAL_RECORD VALUES (376,'record_detail376',23,187,to_date('23-10-2017','DD-MM-YYYY'));
INSERT INTO MEDICAL_RECORD VALUES (377,'record_detail377',1,86,to_date('22-08-2017','DD-MM-YYYY'));
INSERT INTO MEDICAL_RECORD VALUES (378,'record_detail378',28,291,to_date('28-10-2014','DD-MM-YYYY'));
INSERT INTO MEDICAL_RECORD VALUES (379,'record_detail379',112,95,to_date('10-12-2011','DD-MM-YYYY'));
INSERT INTO MEDICAL_RECORD VALUES (380,'record_detail380',107,181,to_date('23-10-2013','DD-MM-YYYY'));
INSERT INTO MEDICAL_RECORD VALUES (381,'record_detail381',32,209,to_date('25-07-2019','DD-MM-YYYY'));
INSERT INTO MEDICAL_RECORD VALUES (382,'record_detail382',35,364,to_date('22-01-2015','DD-MM-YYYY'));
INSERT INTO MEDICAL_RECORD VALUES (383,'record_detail383',22,106,to_date('17-04-2017','DD-MM-YYYY'));
INSERT INTO MEDICAL_RECORD VALUES (384,'record_detail384',78,161,to_date('28-11-2012','DD-MM-YYYY'));
INSERT INTO MEDICAL_RECORD VALUES (385,'record_detail385',45,143,to_date('23-12-2013','DD-MM-YYYY'));
INSERT INTO MEDICAL_RECORD VALUES (386,'record_detail386',131,184,to_date('26-09-2019','DD-MM-YYYY'));
INSERT INTO MEDICAL_RECORD VALUES (387,'record_detail387',49,145,to_date('28-12-2015','DD-MM-YYYY'));
INSERT INTO MEDICAL_RECORD VALUES (388,'record_detail388',60,201,to_date('21-12-2019','DD-MM-YYYY'));
INSERT INTO MEDICAL_RECORD VALUES (389,'record_detail389',55,12,to_date('28-10-2013','DD-MM-YYYY'));
INSERT INTO MEDICAL_RECORD VALUES (390,'record_detail390',89,25,to_date('25-08-2008','DD-MM-YYYY'));
INSERT INTO MEDICAL_RECORD VALUES (391,'record_detail391',20,265,to_date('27-10-2019','DD-MM-YYYY'));
INSERT INTO MEDICAL_RECORD VALUES (392,'record_detail392',113,383,to_date('11-03-2018','DD-MM-YYYY'));
INSERT INTO MEDICAL_RECORD VALUES (393,'record_detail393',118,402,to_date('10-07-2009','DD-MM-YYYY'));
INSERT INTO MEDICAL_RECORD VALUES (394,'record_detail394',11,233,to_date('22-07-2017','DD-MM-YYYY'));
INSERT INTO MEDICAL_RECORD VALUES (395,'record_detail395',86,110,to_date('27-08-2019','DD-MM-YYYY'));
INSERT INTO MEDICAL_RECORD VALUES (396,'record_detail396',40,201,to_date('21-12-2019','DD-MM-YYYY'));
INSERT INTO MEDICAL_RECORD VALUES (397,'record_detail397',107,155,to_date('20-10-2019','DD-MM-YYYY'));
INSERT INTO MEDICAL_RECORD VALUES (398,'record_detail398',124,309,to_date('23-11-2013','DD-MM-YYYY'));
INSERT INTO MEDICAL_RECORD VALUES (399,'record_detail399',49,379,to_date('28-12-2017','DD-MM-YYYY'));
INSERT INTO MEDICAL_RECORD VALUES (400,'record_detail400',18,141,to_date('28-07-2015','DD-MM-YYYY'));
INSERT INTO MEDICAL_RECORD VALUES (401,'record_detail401',46,120,to_date('27-10-2011','DD-MM-YYYY'));
INSERT INTO MEDICAL_RECORD VALUES (402,'record_detail402',102,290,to_date('17-12-2017','DD-MM-YYYY'));
INSERT INTO MEDICAL_RECORD VALUES (403,'record_detail403',46,212,to_date('18-10-2013','DD-MM-YYYY'));
INSERT INTO MEDICAL_RECORD VALUES (404,'record_detail404',110,323,to_date('26-08-2017','DD-MM-YYYY'));
INSERT INTO MEDICAL_RECORD VALUES (405,'record_detail405',79,242,to_date('19-08-2014','DD-MM-YYYY'));
INSERT INTO MEDICAL_RECORD VALUES (406,'record_detail406',52,341,to_date('26-12-2012','DD-MM-YYYY'));
INSERT INTO MEDICAL_RECORD VALUES (407,'record_detail407',61,223,to_date('26-12-2015','DD-MM-YYYY'));
INSERT INTO MEDICAL_RECORD VALUES (408,'record_detail408',62,20,to_date('14-09-2018','DD-MM-YYYY'));
INSERT INTO MEDICAL_RECORD VALUES (409,'record_detail409',9,155,to_date('20-10-2019','DD-MM-YYYY'));
INSERT INTO MEDICAL_RECORD VALUES (410,'record_detail410',119,54,to_date('27-05-2016','DD-MM-YYYY'));
INSERT INTO MEDICAL_RECORD VALUES (411,'record_detail411',124,242,to_date('19-08-2014','DD-MM-YYYY'));
INSERT INTO MEDICAL_RECORD VALUES (412,'record_detail412',19,409,to_date('28-09-2015','DD-MM-YYYY'));
INSERT INTO MEDICAL_RECORD VALUES (413,'record_detail413',61,88,to_date('11-11-2017','DD-MM-YYYY'));
INSERT INTO MEDICAL_RECORD VALUES (414,'record_detail414',71,384,to_date('22-10-2012','DD-MM-YYYY'));
INSERT INTO MEDICAL_RECORD VALUES (415,'record_detail415',45,50,to_date('24-12-2017','DD-MM-YYYY'));
INSERT INTO MEDICAL_RECORD VALUES (416,'record_detail416',101,74,to_date('27-12-2013','DD-MM-YYYY'));
INSERT INTO MEDICAL_RECORD VALUES (417,'record_detail417',20,98,to_date('20-10-2010','DD-MM-YYYY'));
INSERT INTO MEDICAL_RECORD VALUES (418,'record_detail418',96,54,to_date('27-05-2016','DD-MM-YYYY'));
INSERT INTO MEDICAL_RECORD VALUES (419,'record_detail419',69,191,to_date('28-07-2011','DD-MM-YYYY'));
INSERT INTO MEDICAL_RECORD VALUES (420,'record_detail420',63,284,to_date('25-09-2019','DD-MM-YYYY'));
INSERT INTO MEDICAL_RECORD VALUES (421,'record_detail421',56,369,to_date('26-09-2016','DD-MM-YYYY'));
INSERT INTO MEDICAL_RECORD VALUES (422,'record_detail422',77,17,to_date('27-10-2015','DD-MM-YYYY'));
INSERT INTO MEDICAL_RECORD VALUES (423,'record_detail423',48,189,to_date('02-06-2016','DD-MM-YYYY'));
INSERT INTO MEDICAL_RECORD VALUES (424,'record_detail424',53,275,to_date('21-12-2014','DD-MM-YYYY'));
INSERT INTO MEDICAL_RECORD VALUES (425,'record_detail425',70,318,to_date('26-10-2013','DD-MM-YYYY'));
INSERT INTO MEDICAL_RECORD VALUES (426,'record_detail426',92,394,to_date('05-07-2019','DD-MM-YYYY'));
INSERT INTO MEDICAL_RECORD VALUES (427,'record_detail427',58,202,to_date('27-07-2016','DD-MM-YYYY'));
INSERT INTO MEDICAL_RECORD VALUES (428,'record_detail428',36,376,to_date('17-11-2019','DD-MM-YYYY'));
INSERT INTO MEDICAL_RECORD VALUES (429,'record_detail429',5,94,to_date('27-11-2012','DD-MM-YYYY'));
INSERT INTO MEDICAL_RECORD VALUES (430,'record_detail430',125,215,to_date('25-06-2017','DD-MM-YYYY'));
INSERT INTO MEDICAL_RECORD VALUES (431,'record_detail431',79,347,to_date('15-09-2019','DD-MM-YYYY'));
INSERT INTO MEDICAL_RECORD VALUES (432,'record_detail432',50,393,to_date('14-05-2019','DD-MM-YYYY'));
INSERT INTO MEDICAL_RECORD VALUES (433,'record_detail433',55,151,to_date('22-11-2019','DD-MM-YYYY'));
INSERT INTO MEDICAL_RECORD VALUES (434,'record_detail434',43,321,to_date('20-09-2019','DD-MM-YYYY'));
INSERT INTO MEDICAL_RECORD VALUES (435,'record_detail435',76,161,to_date('28-11-2012','DD-MM-YYYY'));
INSERT INTO MEDICAL_RECORD VALUES (436,'record_detail436',113,354,to_date('22-06-2015','DD-MM-YYYY'));
INSERT INTO MEDICAL_RECORD VALUES (437,'record_detail437',70,116,to_date('28-09-2019','DD-MM-YYYY'));
INSERT INTO MEDICAL_RECORD VALUES (438,'record_detail438',71,321,to_date('20-09-2019','DD-MM-YYYY'));
INSERT INTO MEDICAL_RECORD VALUES (439,'record_detail439',74,407,to_date('21-12-2017','DD-MM-YYYY'));
INSERT INTO MEDICAL_RECORD VALUES (440,'record_detail440',55,229,to_date('23-05-2019','DD-MM-YYYY'));
INSERT INTO MEDICAL_RECORD VALUES (441,'record_detail441',90,103,to_date('22-10-2013','DD-MM-YYYY'));
INSERT INTO MEDICAL_RECORD VALUES (442,'record_detail442',79,373,to_date('25-12-2011','DD-MM-YYYY'));
INSERT INTO MEDICAL_RECORD VALUES (443,'record_detail443',79,167,to_date('26-12-2018','DD-MM-YYYY'));
INSERT INTO MEDICAL_RECORD VALUES (444,'record_detail444',85,149,to_date('26-10-2014','DD-MM-YYYY'));
INSERT INTO MEDICAL_RECORD VALUES (445,'record_detail445',117,296,to_date('19-12-2019','DD-MM-YYYY'));
INSERT INTO MEDICAL_RECORD VALUES (446,'record_detail446',20,418,to_date('19-12-2020','DD-MM-YYYY'));
INSERT INTO MEDICAL_RECORD VALUES (447,'record_detail447',34,223,to_date('26-12-2015','DD-MM-YYYY'));
INSERT INTO MEDICAL_RECORD VALUES (448,'record_detail448',76,120,to_date('27-10-2011','DD-MM-YYYY'));
INSERT INTO MEDICAL_RECORD VALUES (449,'record_detail449',108,245,to_date('25-08-2013','DD-MM-YYYY'));
INSERT INTO MEDICAL_RECORD VALUES (450,'record_detail450',81,315,to_date('28-05-2017','DD-MM-YYYY'));
INSERT INTO MEDICAL_RECORD VALUES (451,'record_detail451',67,241,to_date('28-12-2018','DD-MM-YYYY'));
INSERT INTO MEDICAL_RECORD VALUES (452,'record_detail452',46,111,to_date('27-11-2019','DD-MM-YYYY'));
INSERT INTO MEDICAL_RECORD VALUES (453,'record_detail453',4,418,to_date('19-12-2020','DD-MM-YYYY'));
INSERT INTO MEDICAL_RECORD VALUES (454,'record_detail454',85,353,to_date('21-09-2018','DD-MM-YYYY'));
INSERT INTO MEDICAL_RECORD VALUES (455,'record_detail455',98,282,to_date('20-10-2018','DD-MM-YYYY'));
INSERT INTO MEDICAL_RECORD VALUES (456,'record_detail456',129,393,to_date('14-05-2019','DD-MM-YYYY'));
INSERT INTO MEDICAL_RECORD VALUES (457,'record_detail457',43,215,to_date('25-06-2017','DD-MM-YYYY'));
INSERT INTO MEDICAL_RECORD VALUES (458,'record_detail458',5,329,to_date('25-07-2018','DD-MM-YYYY'));
INSERT INTO MEDICAL_RECORD VALUES (459,'record_detail459',36,332,to_date('19-03-2017','DD-MM-YYYY'));
INSERT INTO MEDICAL_RECORD VALUES (460,'record_detail460',34,273,to_date('28-06-2018','DD-MM-YYYY'));
INSERT INTO MEDICAL_RECORD VALUES (461,'record_detail461',99,31,to_date('23-11-2011','DD-MM-YYYY'));
INSERT INTO MEDICAL_RECORD VALUES (462,'record_detail462',69,249,to_date('27-06-2011','DD-MM-YYYY'));
INSERT INTO MEDICAL_RECORD VALUES (463,'record_detail463',38,409,to_date('28-09-2015','DD-MM-YYYY'));
INSERT INTO MEDICAL_RECORD VALUES (464,'record_detail464',101,225,to_date('27-03-2017','DD-MM-YYYY'));
INSERT INTO MEDICAL_RECORD VALUES (465,'record_detail465',72,57,to_date('04-09-2019','DD-MM-YYYY'));
INSERT INTO MEDICAL_RECORD VALUES (466,'record_detail466',6,403,to_date('25-11-2016','DD-MM-YYYY'));
INSERT INTO MEDICAL_RECORD VALUES (467,'record_detail467',111,169,to_date('14-10-2017','DD-MM-YYYY'));
INSERT INTO MEDICAL_RECORD VALUES (468,'record_detail468',51,197,to_date('25-05-2016','DD-MM-YYYY'));
INSERT INTO MEDICAL_RECORD VALUES (469,'record_detail469',34,166,to_date('24-08-2012','DD-MM-YYYY'));
INSERT INTO MEDICAL_RECORD VALUES (470,'record_detail470',107,40,to_date('13-08-2016','DD-MM-YYYY'));
INSERT INTO MEDICAL_RECORD VALUES (471,'record_detail471',52,205,to_date('26-10-2015','DD-MM-YYYY'));
INSERT INTO MEDICAL_RECORD VALUES (472,'record_detail472',83,109,to_date('25-12-2017','DD-MM-YYYY'));
INSERT INTO MEDICAL_RECORD VALUES (473,'record_detail473',65,242,to_date('19-08-2014','DD-MM-YYYY'));
INSERT INTO MEDICAL_RECORD VALUES (474,'record_detail474',33,265,to_date('27-10-2019','DD-MM-YYYY'));
INSERT INTO MEDICAL_RECORD VALUES (475,'record_detail475',39,400,to_date('08-10-2015','DD-MM-YYYY'));
INSERT INTO MEDICAL_RECORD VALUES (476,'record_detail476',59,240,to_date('28-12-2014','DD-MM-YYYY'));
INSERT INTO MEDICAL_RECORD VALUES (477,'record_detail477',59,396,to_date('25-07-2015','DD-MM-YYYY'));
INSERT INTO MEDICAL_RECORD VALUES (478,'record_detail478',6,68,to_date('27-08-2015','DD-MM-YYYY'));
INSERT INTO MEDICAL_RECORD VALUES (479,'record_detail479',35,61,to_date('12-02-2010','DD-MM-YYYY'));
INSERT INTO MEDICAL_RECORD VALUES (480,'record_detail480',124,53,to_date('28-04-2016','DD-MM-YYYY'));
INSERT INTO MEDICAL_RECORD VALUES (481,'record_detail481',120,55,to_date('26-10-2019','DD-MM-YYYY'));
INSERT INTO MEDICAL_RECORD VALUES (482,'record_detail482',117,400,to_date('08-10-2015','DD-MM-YYYY'));
INSERT INTO MEDICAL_RECORD VALUES (483,'record_detail483',67,405,to_date('23-07-2018','DD-MM-YYYY'));
INSERT INTO MEDICAL_RECORD VALUES (484,'record_detail484',93,168,to_date('21-12-2016','DD-MM-YYYY'));
INSERT INTO MEDICAL_RECORD VALUES (485,'record_detail485',15,151,to_date('22-11-2019','DD-MM-YYYY'));
INSERT INTO MEDICAL_RECORD VALUES (486,'record_detail486',121,273,to_date('28-06-2018','DD-MM-YYYY'));
INSERT INTO MEDICAL_RECORD VALUES (487,'record_detail487',47,120,to_date('27-10-2011','DD-MM-YYYY'));
INSERT INTO MEDICAL_RECORD VALUES (488,'record_detail488',65,348,to_date('17-11-2019','DD-MM-YYYY'));
INSERT INTO MEDICAL_RECORD VALUES (489,'record_detail489',54,16,to_date('16-12-2011','DD-MM-YYYY'));
INSERT INTO MEDICAL_RECORD VALUES (490,'record_detail490',51,160,to_date('16-08-2017','DD-MM-YYYY'));
INSERT INTO MEDICAL_RECORD VALUES (491,'record_detail491',102,220,to_date('04-05-2018','DD-MM-YYYY'));
INSERT INTO MEDICAL_RECORD VALUES (492,'record_detail492',126,257,to_date('21-08-2016','DD-MM-YYYY'));
INSERT INTO MEDICAL_RECORD VALUES (493,'record_detail493',13,325,to_date('22-10-2014','DD-MM-YYYY'));
INSERT INTO MEDICAL_RECORD VALUES (494,'record_detail494',37,330,to_date('22-09-2019','DD-MM-YYYY'));
INSERT INTO MEDICAL_RECORD VALUES (495,'record_detail495',82,425,to_date('28-12-2013','DD-MM-YYYY'));
INSERT INTO MEDICAL_RECORD VALUES (496,'record_detail496',124,295,to_date('24-11-2019','DD-MM-YYYY'));
INSERT INTO MEDICAL_RECORD VALUES (497,'record_detail497',4,15,to_date('14-10-2014','DD-MM-YYYY'));
INSERT INTO MEDICAL_RECORD VALUES (498,'record_detail498',75,150,to_date('17-04-2014','DD-MM-YYYY'));
INSERT INTO MEDICAL_RECORD VALUES (499,'record_detail499',42,373,to_date('25-12-2011','DD-MM-YYYY'));
INSERT INTO MEDICAL_RECORD VALUES (500,'record_detail500',89,128,to_date('24-12-2016','DD-MM-YYYY'));
INSERT INTO MEDICAL_RECORD VALUES (501,'record_detail501',66,164,to_date('21-12-2018','DD-MM-YYYY'));
INSERT INTO MEDICAL_RECORD VALUES (502,'record_detail502',125,32,to_date('05-12-2012','DD-MM-YYYY'));
INSERT INTO MEDICAL_RECORD VALUES (503,'record_detail503',67,258,to_date('23-10-2010','DD-MM-YYYY'));
INSERT INTO MEDICAL_RECORD VALUES (504,'record_detail504',10,20,to_date('14-09-2018','DD-MM-YYYY'));
INSERT INTO MEDICAL_RECORD VALUES (505,'record_detail505',69,133,to_date('28-08-2017','DD-MM-YYYY'));
INSERT INTO MEDICAL_RECORD VALUES (506,'record_detail506',21,305,to_date('23-11-2018','DD-MM-YYYY'));
INSERT INTO MEDICAL_RECORD VALUES (507,'record_detail507',84,360,to_date('24-11-2012','DD-MM-YYYY'));
INSERT INTO MEDICAL_RECORD VALUES (508,'record_detail508',24,271,to_date('24-08-2018','DD-MM-YYYY'));
INSERT INTO MEDICAL_RECORD VALUES (509,'record_detail509',64,126,to_date('28-11-2014','DD-MM-YYYY'));
INSERT INTO MEDICAL_RECORD VALUES (510,'record_detail510',114,126,to_date('28-11-2014','DD-MM-YYYY'));
INSERT INTO MEDICAL_RECORD VALUES (511,'record_detail511',47,416,to_date('27-09-2011','DD-MM-YYYY'));
INSERT INTO MEDICAL_RECORD VALUES (512,'record_detail512',47,192,to_date('17-12-2017','DD-MM-YYYY'));
INSERT INTO MEDICAL_RECORD VALUES (513,'record_detail513',42,231,to_date('28-07-2015','DD-MM-YYYY'));
INSERT INTO MEDICAL_RECORD VALUES (514,'record_detail514',102,210,to_date('26-08-2013','DD-MM-YYYY'));
INSERT INTO MEDICAL_RECORD VALUES (515,'record_detail515',45,308,to_date('28-09-2019','DD-MM-YYYY'));
INSERT INTO MEDICAL_RECORD VALUES (516,'record_detail516',107,295,to_date('24-11-2019','DD-MM-YYYY'));
INSERT INTO MEDICAL_RECORD VALUES (517,'record_detail517',92,82,to_date('15-12-2019','DD-MM-YYYY'));
INSERT INTO MEDICAL_RECORD VALUES (518,'record_detail518',92,135,to_date('23-12-2019','DD-MM-YYYY'));
INSERT INTO MEDICAL_RECORD VALUES (519,'record_detail519',7,164,to_date('21-12-2018','DD-MM-YYYY'));
INSERT INTO MEDICAL_RECORD VALUES (520,'record_detail520',47,33,to_date('20-10-2014','DD-MM-YYYY'));
INSERT INTO MEDICAL_RECORD VALUES (521,'record_detail521',119,297,to_date('22-07-2011','DD-MM-YYYY'));
INSERT INTO MEDICAL_RECORD VALUES (522,'record_detail522',47,241,to_date('28-12-2018','DD-MM-YYYY'));
INSERT INTO MEDICAL_RECORD VALUES (523,'record_detail523',47,121,to_date('28-12-2015','DD-MM-YYYY'));
INSERT INTO MEDICAL_RECORD VALUES (524,'record_detail524',38,174,to_date('20-06-2017','DD-MM-YYYY'));
INSERT INTO MEDICAL_RECORD VALUES (525,'record_detail525',104,180,to_date('22-03-2015','DD-MM-YYYY'));
INSERT INTO MEDICAL_RECORD VALUES (526,'record_detail526',91,237,to_date('27-03-2017','DD-MM-YYYY'));
INSERT INTO MEDICAL_RECORD VALUES (527,'record_detail527',99,96,to_date('25-11-2019','DD-MM-YYYY'));
INSERT INTO MEDICAL_RECORD VALUES (528,'record_detail528',61,312,to_date('28-11-2014','DD-MM-YYYY'));
INSERT INTO MEDICAL_RECORD VALUES (529,'record_detail529',27,97,to_date('17-06-2017','DD-MM-YYYY'));
INSERT INTO MEDICAL_RECORD VALUES (530,'record_detail530',47,57,to_date('04-09-2019','DD-MM-YYYY'));
INSERT INTO MEDICAL_RECORD VALUES (531,'record_detail531',111,138,to_date('17-12-2016','DD-MM-YYYY'));
INSERT INTO MEDICAL_RECORD VALUES (532,'record_detail532',34,362,to_date('28-11-2011','DD-MM-YYYY'));
INSERT INTO MEDICAL_RECORD VALUES (533,'record_detail533',54,57,to_date('04-09-2019','DD-MM-YYYY'));
INSERT INTO MEDICAL_RECORD VALUES (534,'record_detail534',12,46,to_date('27-12-2015','DD-MM-YYYY'));
INSERT INTO MEDICAL_RECORD VALUES (535,'record_detail535',105,156,to_date('27-07-2010','DD-MM-YYYY'));
INSERT INTO MEDICAL_RECORD VALUES (536,'record_detail536',30,262,to_date('24-09-2019','DD-MM-YYYY'));
INSERT INTO MEDICAL_RECORD VALUES (537,'record_detail537',21,59,to_date('21-12-2007','DD-MM-YYYY'));
INSERT INTO MEDICAL_RECORD VALUES (538,'record_detail538',118,251,to_date('22-07-2008','DD-MM-YYYY'));
INSERT INTO MEDICAL_RECORD VALUES (539,'record_detail539',88,373,to_date('25-12-2011','DD-MM-YYYY'));
INSERT INTO MEDICAL_RECORD VALUES (540,'record_detail540',55,140,to_date('21-04-2018','DD-MM-YYYY'));
INSERT INTO MEDICAL_RECORD VALUES (541,'record_detail541',14,13,to_date('28-12-2019','DD-MM-YYYY'));
INSERT INTO MEDICAL_RECORD VALUES (542,'record_detail542',80,352,to_date('04-05-2017','DD-MM-YYYY'));
INSERT INTO MEDICAL_RECORD VALUES (543,'record_detail543',119,115,to_date('28-12-2018','DD-MM-YYYY'));
INSERT INTO MEDICAL_RECORD VALUES (544,'record_detail544',14,367,to_date('19-12-2019','DD-MM-YYYY'));
INSERT INTO MEDICAL_RECORD VALUES (545,'record_detail545',43,352,to_date('04-05-2017','DD-MM-YYYY'));
INSERT INTO MEDICAL_RECORD VALUES (546,'record_detail546',109,411,to_date('19-08-2018','DD-MM-YYYY'));
INSERT INTO MEDICAL_RECORD VALUES (547,'record_detail547',110,32,to_date('05-12-2012','DD-MM-YYYY'));
INSERT INTO MEDICAL_RECORD VALUES (548,'record_detail548',108,138,to_date('17-12-2016','DD-MM-YYYY'));
INSERT INTO MEDICAL_RECORD VALUES (549,'record_detail549',32,366,to_date('17-12-2019','DD-MM-YYYY'));
INSERT INTO MEDICAL_RECORD VALUES (550,'record_detail550',49,330,to_date('22-09-2019','DD-MM-YYYY'));
INSERT INTO MEDICAL_RECORD VALUES (551,'record_detail551',14,177,to_date('25-12-2019','DD-MM-YYYY'));
INSERT INTO MEDICAL_RECORD VALUES (552,'record_detail552',39,259,to_date('12-04-2019','DD-MM-YYYY'));
INSERT INTO MEDICAL_RECORD VALUES (553,'record_detail553',96,365,to_date('21-10-2019','DD-MM-YYYY'));
INSERT INTO MEDICAL_RECORD VALUES (554,'record_detail554',4,427,to_date('23-12-2017','DD-MM-YYYY'));
INSERT INTO MEDICAL_RECORD VALUES (555,'record_detail555',69,178,to_date('25-12-2019','DD-MM-YYYY'));
INSERT INTO MEDICAL_RECORD VALUES (556,'record_detail556',128,136,to_date('12-09-2010','DD-MM-YYYY'));
INSERT INTO MEDICAL_RECORD VALUES (557,'record_detail557',77,341,to_date('26-12-2012','DD-MM-YYYY'));
INSERT INTO MEDICAL_RECORD VALUES (558,'record_detail558',75,346,to_date('09-11-2016','DD-MM-YYYY'));
INSERT INTO MEDICAL_RECORD VALUES (559,'record_detail559',101,272,to_date('23-08-2018','DD-MM-YYYY'));
INSERT INTO MEDICAL_RECORD VALUES (560,'record_detail560',128,352,to_date('04-05-2017','DD-MM-YYYY'));
INSERT INTO MEDICAL_RECORD VALUES (561,'record_detail561',28,157,to_date('26-09-2017','DD-MM-YYYY'));
INSERT INTO MEDICAL_RECORD VALUES (562,'record_detail562',96,340,to_date('25-11-2019','DD-MM-YYYY'));
INSERT INTO MEDICAL_RECORD VALUES (563,'record_detail563',69,76,to_date('20-08-2014','DD-MM-YYYY'));
INSERT INTO MEDICAL_RECORD VALUES (564,'record_detail564',65,239,to_date('28-12-2018','DD-MM-YYYY'));
INSERT INTO MEDICAL_RECORD VALUES (565,'record_detail565',96,281,to_date('19-10-2018','DD-MM-YYYY'));
INSERT INTO MEDICAL_RECORD VALUES (566,'record_detail566',122,75,to_date('22-09-2012','DD-MM-YYYY'));
INSERT INTO MEDICAL_RECORD VALUES (567,'record_detail567',20,308,to_date('28-09-2019','DD-MM-YYYY'));
INSERT INTO MEDICAL_RECORD VALUES (568,'record_detail568',110,409,to_date('28-09-2015','DD-MM-YYYY'));
INSERT INTO MEDICAL_RECORD VALUES (569,'record_detail569',73,309,to_date('23-11-2013','DD-MM-YYYY'));
INSERT INTO MEDICAL_RECORD VALUES (570,'record_detail570',49,51,to_date('28-07-2019','DD-MM-YYYY'));
INSERT INTO MEDICAL_RECORD VALUES (571,'record_detail571',114,114,to_date('27-06-2015','DD-MM-YYYY'));
INSERT INTO MEDICAL_RECORD VALUES (572,'record_detail572',27,303,to_date('15-08-2018','DD-MM-YYYY'));
INSERT INTO MEDICAL_RECORD VALUES (573,'record_detail573',82,121,to_date('28-12-2015','DD-MM-YYYY'));
INSERT INTO MEDICAL_RECORD VALUES (574,'record_detail574',41,138,to_date('17-12-2016','DD-MM-YYYY'));
INSERT INTO MEDICAL_RECORD VALUES (575,'record_detail575',10,303,to_date('15-08-2018','DD-MM-YYYY'));
INSERT INTO MEDICAL_RECORD VALUES (576,'record_detail576',89,412,to_date('21-12-2015','DD-MM-YYYY'));
INSERT INTO MEDICAL_RECORD VALUES (577,'record_detail577',45,218,to_date('27-09-2019','DD-MM-YYYY'));
INSERT INTO MEDICAL_RECORD VALUES (578,'record_detail578',5,422,to_date('28-08-2013','DD-MM-YYYY'));
INSERT INTO MEDICAL_RECORD VALUES (579,'record_detail579',99,379,to_date('28-12-2017','DD-MM-YYYY'));
INSERT INTO MEDICAL_RECORD VALUES (580,'record_detail580',119,353,to_date('21-09-2018','DD-MM-YYYY'));
INSERT INTO MEDICAL_RECORD VALUES (581,'record_detail581',93,58,to_date('24-08-2013','DD-MM-YYYY'));
INSERT INTO MEDICAL_RECORD VALUES (582,'record_detail582',51,9,to_date('26-05-2018','DD-MM-YYYY'));
INSERT INTO MEDICAL_RECORD VALUES (583,'record_detail583',112,54,to_date('27-05-2016','DD-MM-YYYY'));
INSERT INTO MEDICAL_RECORD VALUES (584,'record_detail584',116,347,to_date('15-09-2019','DD-MM-YYYY'));
INSERT INTO MEDICAL_RECORD VALUES (585,'record_detail585',31,264,to_date('25-07-2017','DD-MM-YYYY'));
INSERT INTO MEDICAL_RECORD VALUES (586,'record_detail586',9,205,to_date('26-10-2015','DD-MM-YYYY'));
INSERT INTO MEDICAL_RECORD VALUES (587,'record_detail587',12,71,to_date('23-12-2011','DD-MM-YYYY'));
INSERT INTO MEDICAL_RECORD VALUES (588,'record_detail588',28,180,to_date('22-03-2015','DD-MM-YYYY'));
INSERT INTO MEDICAL_RECORD VALUES (589,'record_detail589',31,413,to_date('28-12-2018','DD-MM-YYYY'));
INSERT INTO MEDICAL_RECORD VALUES (590,'record_detail590',13,23,to_date('19-12-2010','DD-MM-YYYY'));
INSERT INTO MEDICAL_RECORD VALUES (591,'record_detail591',33,178,to_date('25-12-2019','DD-MM-YYYY'));
INSERT INTO MEDICAL_RECORD VALUES (592,'record_detail592',55,251,to_date('22-07-2008','DD-MM-YYYY'));
INSERT INTO MEDICAL_RECORD VALUES (593,'record_detail593',108,132,to_date('13-08-2012','DD-MM-YYYY'));
INSERT INTO MEDICAL_RECORD VALUES (594,'record_detail594',40,111,to_date('27-11-2019','DD-MM-YYYY'));
INSERT INTO MEDICAL_RECORD VALUES (595,'record_detail595',33,371,to_date('27-12-2016','DD-MM-YYYY'));
INSERT INTO MEDICAL_RECORD VALUES (596,'record_detail596',84,393,to_date('14-05-2019','DD-MM-YYYY'));
INSERT INTO MEDICAL_RECORD VALUES (597,'record_detail597',24,319,to_date('23-11-2018','DD-MM-YYYY'));
INSERT INTO MEDICAL_RECORD VALUES (598,'record_detail598',56,115,to_date('28-12-2018','DD-MM-YYYY'));
INSERT INTO MEDICAL_RECORD VALUES (599,'record_detail599',88,287,to_date('14-11-2019','DD-MM-YYYY'));
INSERT INTO MEDICAL_RECORD VALUES (600,'record_detail600',75,424,to_date('23-11-2017','DD-MM-YYYY'));
INSERT INTO MEDICAL_RECORD VALUES (601,'record_detail601',70,317,to_date('17-12-2018','DD-MM-YYYY'));
INSERT INTO MEDICAL_RECORD VALUES (602,'record_detail602',95,341,to_date('26-12-2012','DD-MM-YYYY'));
INSERT INTO MEDICAL_RECORD VALUES (603,'record_detail603',77,141,to_date('28-07-2015','DD-MM-YYYY'));
INSERT INTO MEDICAL_RECORD VALUES (604,'record_detail604',3,411,to_date('19-08-2018','DD-MM-YYYY'));
INSERT INTO MEDICAL_RECORD VALUES (605,'record_detail605',68,385,to_date('23-12-2018','DD-MM-YYYY'));
INSERT INTO MEDICAL_RECORD VALUES (606,'record_detail606',97,109,to_date('25-12-2017','DD-MM-YYYY'));
INSERT INTO MEDICAL_RECORD VALUES (607,'record_detail607',69,152,to_date('16-12-2012','DD-MM-YYYY'));
INSERT INTO MEDICAL_RECORD VALUES (608,'record_detail608',54,144,to_date('22-10-2014','DD-MM-YYYY'));
INSERT INTO MEDICAL_RECORD VALUES (609,'record_detail609',130,136,to_date('12-09-2010','DD-MM-YYYY'));
INSERT INTO MEDICAL_RECORD VALUES (610,'record_detail610',88,341,to_date('26-12-2012','DD-MM-YYYY'));
INSERT INTO MEDICAL_RECORD VALUES (611,'record_detail611',75,315,to_date('28-05-2017','DD-MM-YYYY'));
INSERT INTO MEDICAL_RECORD VALUES (612,'record_detail612',5,93,to_date('28-02-2015','DD-MM-YYYY'));
INSERT INTO MEDICAL_RECORD VALUES (613,'record_detail613',35,111,to_date('27-11-2019','DD-MM-YYYY'));
INSERT INTO MEDICAL_RECORD VALUES (614,'record_detail614',20,216,to_date('19-12-2011','DD-MM-YYYY'));
INSERT INTO MEDICAL_RECORD VALUES (615,'record_detail615',75,54,to_date('27-05-2016','DD-MM-YYYY'));
INSERT INTO MEDICAL_RECORD VALUES (616,'record_detail616',55,248,to_date('17-06-2018','DD-MM-YYYY'));
INSERT INTO MEDICAL_RECORD VALUES (617,'record_detail617',25,359,to_date('12-12-2014','DD-MM-YYYY'));
INSERT INTO MEDICAL_RECORD VALUES (618,'record_detail618',89,316,to_date('21-09-2014','DD-MM-YYYY'));
INSERT INTO MEDICAL_RECORD VALUES (619,'record_detail619',53,27,to_date('28-10-2012','DD-MM-YYYY'));
INSERT INTO MEDICAL_RECORD VALUES (620,'record_detail620',106,419,to_date('18-11-2020','DD-MM-YYYY'));
INSERT INTO MEDICAL_RECORD VALUES (621,'record_detail621',126,239,to_date('28-12-2018','DD-MM-YYYY'));
INSERT INTO MEDICAL_RECORD VALUES (622,'record_detail622',10,161,to_date('28-11-2012','DD-MM-YYYY'));
INSERT INTO MEDICAL_RECORD VALUES (623,'record_detail623',124,57,to_date('04-09-2019','DD-MM-YYYY'));
INSERT INTO MEDICAL_RECORD VALUES (624,'record_detail624',60,10,to_date('25-06-2016','DD-MM-YYYY'));
INSERT INTO MEDICAL_RECORD VALUES (625,'record_detail625',63,221,to_date('28-08-2014','DD-MM-YYYY'));
INSERT INTO MEDICAL_RECORD VALUES (626,'record_detail626',86,48,to_date('15-07-2014','DD-MM-YYYY'));
INSERT INTO MEDICAL_RECORD VALUES (627,'record_detail627',110,297,to_date('22-07-2011','DD-MM-YYYY'));
INSERT INTO MEDICAL_RECORD VALUES (628,'record_detail628',59,202,to_date('27-07-2016','DD-MM-YYYY'));
INSERT INTO MEDICAL_RECORD VALUES (629,'record_detail629',19,303,to_date('15-08-2018','DD-MM-YYYY'));
INSERT INTO MEDICAL_RECORD VALUES (630,'record_detail630',101,25,to_date('25-08-2008','DD-MM-YYYY'));
INSERT INTO MEDICAL_RECORD VALUES (631,'record_detail631',94,5,to_date('08-10-2017','DD-MM-YYYY'));
INSERT INTO MEDICAL_RECORD VALUES (632,'record_detail632',44,232,to_date('23-10-2015','DD-MM-YYYY'));
INSERT INTO MEDICAL_RECORD VALUES (633,'record_detail633',37,372,to_date('27-11-2015','DD-MM-YYYY'));
INSERT INTO MEDICAL_RECORD VALUES (634,'record_detail634',39,62,to_date('19-08-2016','DD-MM-YYYY'));
INSERT INTO MEDICAL_RECORD VALUES (635,'record_detail635',99,191,to_date('28-07-2011','DD-MM-YYYY'));
INSERT INTO MEDICAL_RECORD VALUES (636,'record_detail636',115,396,to_date('25-07-2015','DD-MM-YYYY'));
INSERT INTO MEDICAL_RECORD VALUES (637,'record_detail637',52,152,to_date('16-12-2012','DD-MM-YYYY'));
INSERT INTO MEDICAL_RECORD VALUES (638,'record_detail638',79,247,to_date('27-12-2016','DD-MM-YYYY'));
INSERT INTO MEDICAL_RECORD VALUES (639,'record_detail639',128,310,to_date('24-11-2016','DD-MM-YYYY'));
INSERT INTO MEDICAL_RECORD VALUES (640,'record_detail640',101,29,to_date('28-11-2013','DD-MM-YYYY'));
INSERT INTO MEDICAL_RECORD VALUES (641,'record_detail641',95,284,to_date('25-09-2019','DD-MM-YYYY'));
INSERT INTO MEDICAL_RECORD VALUES (642,'record_detail642',89,197,to_date('25-05-2016','DD-MM-YYYY'));
INSERT INTO MEDICAL_RECORD VALUES (643,'record_detail643',27,402,to_date('10-07-2009','DD-MM-YYYY'));
INSERT INTO MEDICAL_RECORD VALUES (644,'record_detail644',122,44,to_date('28-12-2010','DD-MM-YYYY'));
INSERT INTO MEDICAL_RECORD VALUES (645,'record_detail645',109,53,to_date('28-04-2016','DD-MM-YYYY'));
INSERT INTO MEDICAL_RECORD VALUES (646,'record_detail646',71,392,to_date('21-12-2019','DD-MM-YYYY'));
INSERT INTO MEDICAL_RECORD VALUES (647,'record_detail647',1,178,to_date('25-12-2019','DD-MM-YYYY'));
INSERT INTO MEDICAL_RECORD VALUES (648,'record_detail648',113,366,to_date('17-12-2019','DD-MM-YYYY'));
INSERT INTO MEDICAL_RECORD VALUES (649,'record_detail649',35,323,to_date('26-08-2017','DD-MM-YYYY'));
INSERT INTO MEDICAL_RECORD VALUES (650,'record_detail650',46,162,to_date('09-06-2018','DD-MM-YYYY'));
INSERT INTO MEDICAL_RECORD VALUES (651,'record_detail651',98,194,to_date('18-05-2014','DD-MM-YYYY'));
INSERT INTO MEDICAL_RECORD VALUES (652,'record_detail652',89,177,to_date('25-12-2019','DD-MM-YYYY'));
INSERT INTO MEDICAL_RECORD VALUES (653,'record_detail653',22,57,to_date('04-09-2019','DD-MM-YYYY'));
INSERT INTO MEDICAL_RECORD VALUES (654,'record_detail654',83,44,to_date('28-12-2010','DD-MM-YYYY'));
INSERT INTO MEDICAL_RECORD VALUES (655,'record_detail655',106,283,to_date('22-07-2010','DD-MM-YYYY'));
INSERT INTO MEDICAL_RECORD VALUES (656,'record_detail656',40,382,to_date('26-08-2016','DD-MM-YYYY'));
INSERT INTO MEDICAL_RECORD VALUES (657,'record_detail657',7,251,to_date('22-07-2008','DD-MM-YYYY'));
INSERT INTO MEDICAL_RECORD VALUES (658,'record_detail658',5,5,to_date('08-10-2017','DD-MM-YYYY'));
INSERT INTO MEDICAL_RECORD VALUES (659,'record_detail659',119,331,to_date('22-09-2014','DD-MM-YYYY'));
INSERT INTO MEDICAL_RECORD VALUES (660,'record_detail660',128,241,to_date('28-12-2018','DD-MM-YYYY'));
INSERT INTO MEDICAL_RECORD VALUES (661,'record_detail661',91,365,to_date('21-10-2019','DD-MM-YYYY'));
INSERT INTO MEDICAL_RECORD VALUES (662,'record_detail662',93,185,to_date('20-07-2018','DD-MM-YYYY'));
INSERT INTO MEDICAL_RECORD VALUES (663,'record_detail663',118,199,to_date('10-07-2017','DD-MM-YYYY'));
INSERT INTO MEDICAL_RECORD VALUES (664,'record_detail664',118,303,to_date('15-08-2018','DD-MM-YYYY'));
INSERT INTO MEDICAL_RECORD VALUES (665,'record_detail665',118,323,to_date('26-08-2017','DD-MM-YYYY'));
INSERT INTO MEDICAL_RECORD VALUES (666,'record_detail666',43,82,to_date('15-12-2019','DD-MM-YYYY'));
INSERT INTO MEDICAL_RECORD VALUES (667,'record_detail667',25,265,to_date('27-10-2019','DD-MM-YYYY'));
INSERT INTO MEDICAL_RECORD VALUES (668,'record_detail668',11,32,to_date('05-12-2012','DD-MM-YYYY'));
INSERT INTO MEDICAL_RECORD VALUES (669,'record_detail669',90,190,to_date('27-05-2019','DD-MM-YYYY'));
INSERT INTO MEDICAL_RECORD VALUES (670,'record_detail670',26,161,to_date('28-11-2012','DD-MM-YYYY'));
INSERT INTO MEDICAL_RECORD VALUES (671,'record_detail671',75,357,to_date('27-06-2018','DD-MM-YYYY'));
INSERT INTO MEDICAL_RECORD VALUES (672,'record_detail672',28,34,to_date('28-07-2019','DD-MM-YYYY'));
INSERT INTO MEDICAL_RECORD VALUES (673,'record_detail673',27,13,to_date('28-12-2019','DD-MM-YYYY'));
INSERT INTO MEDICAL_RECORD VALUES (674,'record_detail674',18,406,to_date('26-08-2019','DD-MM-YYYY'));
INSERT INTO MEDICAL_RECORD VALUES (675,'record_detail675',49,184,to_date('26-09-2019','DD-MM-YYYY'));
INSERT INTO MEDICAL_RECORD VALUES (676,'record_detail676',92,117,to_date('21-10-2017','DD-MM-YYYY'));
INSERT INTO MEDICAL_RECORD VALUES (677,'record_detail677',32,394,to_date('05-07-2019','DD-MM-YYYY'));
INSERT INTO MEDICAL_RECORD VALUES (678,'record_detail678',21,206,to_date('26-12-2017','DD-MM-YYYY'));
INSERT INTO MEDICAL_RECORD VALUES (679,'record_detail679',48,134,to_date('24-06-2013','DD-MM-YYYY'));
INSERT INTO MEDICAL_RECORD VALUES (680,'record_detail680',49,340,to_date('25-11-2019','DD-MM-YYYY'));
INSERT INTO MEDICAL_RECORD VALUES (681,'record_detail681',92,323,to_date('26-08-2017','DD-MM-YYYY'));
INSERT INTO MEDICAL_RECORD VALUES (682,'record_detail682',115,199,to_date('10-07-2017','DD-MM-YYYY'));
INSERT INTO MEDICAL_RECORD VALUES (683,'record_detail683',113,1,to_date('28-09-2019','DD-MM-YYYY'));
INSERT INTO MEDICAL_RECORD VALUES (684,'record_detail684',62,268,to_date('25-09-2012','DD-MM-YYYY'));
INSERT INTO MEDICAL_RECORD VALUES (685,'record_detail685',102,264,to_date('25-07-2017','DD-MM-YYYY'));
INSERT INTO MEDICAL_RECORD VALUES (686,'record_detail686',71,314,to_date('27-12-2018','DD-MM-YYYY'));
INSERT INTO MEDICAL_RECORD VALUES (687,'record_detail687',52,71,to_date('23-12-2011','DD-MM-YYYY'));
INSERT INTO MEDICAL_RECORD VALUES (688,'record_detail688',24,346,to_date('09-11-2016','DD-MM-YYYY'));
INSERT INTO MEDICAL_RECORD VALUES (689,'record_detail689',104,416,to_date('27-09-2011','DD-MM-YYYY'));
INSERT INTO MEDICAL_RECORD VALUES (690,'record_detail690',42,155,to_date('20-10-2019','DD-MM-YYYY'));
INSERT INTO MEDICAL_RECORD VALUES (691,'record_detail691',109,62,to_date('19-08-2016','DD-MM-YYYY'));
INSERT INTO MEDICAL_RECORD VALUES (692,'record_detail692',106,43,to_date('11-06-2019','DD-MM-YYYY'));
INSERT INTO MEDICAL_RECORD VALUES (693,'record_detail693',118,277,to_date('28-10-2018','DD-MM-YYYY'));
INSERT INTO MEDICAL_RECORD VALUES (694,'record_detail694',112,66,to_date('18-10-2014','DD-MM-YYYY'));
INSERT INTO MEDICAL_RECORD VALUES (695,'record_detail695',98,12,to_date('28-10-2013','DD-MM-YYYY'));
INSERT INTO MEDICAL_RECORD VALUES (696,'record_detail696',105,410,to_date('19-11-2018','DD-MM-YYYY'));
INSERT INTO MEDICAL_RECORD VALUES (697,'record_detail697',67,8,to_date('15-10-2018','DD-MM-YYYY'));
INSERT INTO MEDICAL_RECORD VALUES (698,'record_detail698',62,127,to_date('10-04-2019','DD-MM-YYYY'));
INSERT INTO MEDICAL_RECORD VALUES (699,'record_detail699',94,407,to_date('21-12-2017','DD-MM-YYYY'));
INSERT INTO MEDICAL_RECORD VALUES (700,'record_detail700',72,212,to_date('18-10-2013','DD-MM-YYYY'));
INSERT INTO MEDICAL_RECORD VALUES (701,'record_detail701',119,221,to_date('28-08-2014','DD-MM-YYYY'));
INSERT INTO MEDICAL_RECORD VALUES (702,'record_detail702',1,372,to_date('27-11-2015','DD-MM-YYYY'));
INSERT INTO MEDICAL_RECORD VALUES (703,'record_detail703',53,95,to_date('10-12-2011','DD-MM-YYYY'));
INSERT INTO MEDICAL_RECORD VALUES (704,'record_detail704',25,187,to_date('23-10-2017','DD-MM-YYYY'));
INSERT INTO MEDICAL_RECORD VALUES (705,'record_detail705',104,413,to_date('28-12-2018','DD-MM-YYYY'));
INSERT INTO MEDICAL_RECORD VALUES (706,'record_detail706',53,214,to_date('13-11-2017','DD-MM-YYYY'));
INSERT INTO MEDICAL_RECORD VALUES (707,'record_detail707',93,217,to_date('25-12-2018','DD-MM-YYYY'));
INSERT INTO MEDICAL_RECORD VALUES (708,'record_detail708',130,347,to_date('15-09-2019','DD-MM-YYYY'));
INSERT INTO MEDICAL_RECORD VALUES (709,'record_detail709',93,196,to_date('24-08-2019','DD-MM-YYYY'));
INSERT INTO MEDICAL_RECORD VALUES (710,'record_detail710',56,323,to_date('26-08-2017','DD-MM-YYYY'));
INSERT INTO MEDICAL_RECORD VALUES (711,'record_detail711',97,420,to_date('17-04-2020','DD-MM-YYYY'));
INSERT INTO MEDICAL_RECORD VALUES (712,'record_detail712',88,76,to_date('20-08-2014','DD-MM-YYYY'));
INSERT INTO MEDICAL_RECORD VALUES (713,'record_detail713',91,144,to_date('22-10-2014','DD-MM-YYYY'));
INSERT INTO MEDICAL_RECORD VALUES (714,'record_detail714',5,332,to_date('19-03-2017','DD-MM-YYYY'));
INSERT INTO MEDICAL_RECORD VALUES (715,'record_detail715',112,376,to_date('17-11-2019','DD-MM-YYYY'));
INSERT INTO MEDICAL_RECORD VALUES (716,'record_detail716',37,131,to_date('16-05-2019','DD-MM-YYYY'));
INSERT INTO MEDICAL_RECORD VALUES (717,'record_detail717',20,344,to_date('28-12-2015','DD-MM-YYYY'));
INSERT INTO MEDICAL_RECORD VALUES (718,'record_detail718',46,218,to_date('27-09-2019','DD-MM-YYYY'));
INSERT INTO MEDICAL_RECORD VALUES (719,'record_detail719',94,133,to_date('28-08-2017','DD-MM-YYYY'));
INSERT INTO MEDICAL_RECORD VALUES (720,'record_detail720',13,303,to_date('15-08-2018','DD-MM-YYYY'));
INSERT INTO MEDICAL_RECORD VALUES (721,'record_detail721',75,13,to_date('28-12-2019','DD-MM-YYYY'));
INSERT INTO MEDICAL_RECORD VALUES (722,'record_detail722',123,344,to_date('28-12-2015','DD-MM-YYYY'));
INSERT INTO MEDICAL_RECORD VALUES (723,'record_detail723',13,122,to_date('11-12-2019','DD-MM-YYYY'));
INSERT INTO MEDICAL_RECORD VALUES (724,'record_detail724',113,194,to_date('18-05-2014','DD-MM-YYYY'));
INSERT INTO MEDICAL_RECORD VALUES (725,'record_detail725',67,386,to_date('27-12-2009','DD-MM-YYYY'));
INSERT INTO MEDICAL_RECORD VALUES (726,'record_detail726',18,163,to_date('25-11-2010','DD-MM-YYYY'));
INSERT INTO MEDICAL_RECORD VALUES (727,'record_detail727',52,47,to_date('23-11-2019','DD-MM-YYYY'));
INSERT INTO MEDICAL_RECORD VALUES (728,'record_detail728',19,265,to_date('27-10-2019','DD-MM-YYYY'));
INSERT INTO MEDICAL_RECORD VALUES (729,'record_detail729',132,348,to_date('17-11-2019','DD-MM-YYYY'));
INSERT INTO MEDICAL_RECORD VALUES (730,'record_detail730',120,98,to_date('20-10-2010','DD-MM-YYYY'));
INSERT INTO MEDICAL_RECORD VALUES (731,'record_detail731',115,220,to_date('04-05-2018','DD-MM-YYYY'));
INSERT INTO MEDICAL_RECORD VALUES (732,'record_detail732',61,274,to_date('24-06-2018','DD-MM-YYYY'));
INSERT INTO MEDICAL_RECORD VALUES (733,'record_detail733',31,92,to_date('16-12-2013','DD-MM-YYYY'));
INSERT INTO MEDICAL_RECORD VALUES (734,'record_detail734',79,16,to_date('16-12-2011','DD-MM-YYYY'));
INSERT INTO MEDICAL_RECORD VALUES (735,'record_detail735',13,105,to_date('11-03-2019','DD-MM-YYYY'));
INSERT INTO MEDICAL_RECORD VALUES (736,'record_detail736',5,264,to_date('25-07-2017','DD-MM-YYYY'));
INSERT INTO MEDICAL_RECORD VALUES (737,'record_detail737',60,49,to_date('24-12-2018','DD-MM-YYYY'));
INSERT INTO MEDICAL_RECORD VALUES (738,'record_detail738',52,138,to_date('17-12-2016','DD-MM-YYYY'));
INSERT INTO MEDICAL_RECORD VALUES (739,'record_detail739',36,10,to_date('25-06-2016','DD-MM-YYYY'));
INSERT INTO MEDICAL_RECORD VALUES (740,'record_detail740',131,1,to_date('28-09-2019','DD-MM-YYYY'));
INSERT INTO MEDICAL_RECORD VALUES (741,'record_detail741',124,189,to_date('02-06-2016','DD-MM-YYYY'));
INSERT INTO MEDICAL_RECORD VALUES (742,'record_detail742',85,43,to_date('11-06-2019','DD-MM-YYYY'));
INSERT INTO MEDICAL_RECORD VALUES (743,'record_detail743',86,372,to_date('27-11-2015','DD-MM-YYYY'));
INSERT INTO MEDICAL_RECORD VALUES (744,'record_detail744',100,405,to_date('23-07-2018','DD-MM-YYYY'));
INSERT INTO MEDICAL_RECORD VALUES (745,'record_detail745',75,169,to_date('14-10-2017','DD-MM-YYYY'));
INSERT INTO MEDICAL_RECORD VALUES (746,'record_detail746',92,59,to_date('21-12-2007','DD-MM-YYYY'));
INSERT INTO MEDICAL_RECORD VALUES (747,'record_detail747',31,82,to_date('15-12-2019','DD-MM-YYYY'));
INSERT INTO MEDICAL_RECORD VALUES (748,'record_detail748',35,252,to_date('28-10-2018','DD-MM-YYYY'));
INSERT INTO MEDICAL_RECORD VALUES (749,'record_detail749',112,101,to_date('08-10-2018','DD-MM-YYYY'));
INSERT INTO MEDICAL_RECORD VALUES (750,'record_detail750',47,112,to_date('21-09-2016','DD-MM-YYYY'));
INSERT INTO MEDICAL_RECORD VALUES (751,'record_detail751',19,271,to_date('24-08-2018','DD-MM-YYYY'));
INSERT INTO MEDICAL_RECORD VALUES (752,'record_detail752',107,49,to_date('24-12-2018','DD-MM-YYYY'));
INSERT INTO MEDICAL_RECORD VALUES (753,'record_detail753',94,129,to_date('23-08-2014','DD-MM-YYYY'));
INSERT INTO MEDICAL_RECORD VALUES (754,'record_detail754',60,43,to_date('11-06-2019','DD-MM-YYYY'));
INSERT INTO MEDICAL_RECORD VALUES (755,'record_detail755',10,323,to_date('26-08-2017','DD-MM-YYYY'));
INSERT INTO MEDICAL_RECORD VALUES (756,'record_detail756',110,111,to_date('27-11-2019','DD-MM-YYYY'));
INSERT INTO MEDICAL_RECORD VALUES (757,'record_detail757',93,352,to_date('04-05-2017','DD-MM-YYYY'));
INSERT INTO MEDICAL_RECORD VALUES (758,'record_detail758',40,182,to_date('26-12-2019','DD-MM-YYYY'));
INSERT INTO MEDICAL_RECORD VALUES (759,'record_detail759',35,160,to_date('16-08-2017','DD-MM-YYYY'));
INSERT INTO MEDICAL_RECORD VALUES (760,'record_detail760',50,146,to_date('18-12-2019','DD-MM-YYYY'));
INSERT INTO MEDICAL_RECORD VALUES (761,'record_detail761',65,90,to_date('16-09-2017','DD-MM-YYYY'));
INSERT INTO MEDICAL_RECORD VALUES (762,'record_detail762',96,323,to_date('26-08-2017','DD-MM-YYYY'));
INSERT INTO MEDICAL_RECORD VALUES (763,'record_detail763',26,428,to_date('03-12-2020','DD-MM-YYYY'));
INSERT INTO MEDICAL_RECORD VALUES (764,'record_detail764',44,338,to_date('22-12-2012','DD-MM-YYYY'));
INSERT INTO MEDICAL_RECORD VALUES (765,'record_detail765',86,402,to_date('10-07-2009','DD-MM-YYYY'));
INSERT INTO MEDICAL_RECORD VALUES (766,'record_detail766',28,177,to_date('25-12-2019','DD-MM-YYYY'));
INSERT INTO MEDICAL_RECORD VALUES (767,'record_detail767',62,248,to_date('17-06-2018','DD-MM-YYYY'));
INSERT INTO MEDICAL_RECORD VALUES (768,'record_detail768',103,266,to_date('22-04-2011','DD-MM-YYYY'));
INSERT INTO MEDICAL_RECORD VALUES (769,'record_detail769',116,316,to_date('21-09-2014','DD-MM-YYYY'));
INSERT INTO MEDICAL_RECORD VALUES (770,'record_detail770',16,296,to_date('19-12-2019','DD-MM-YYYY'));
INSERT INTO MEDICAL_RECORD VALUES (771,'record_detail771',77,221,to_date('28-08-2014','DD-MM-YYYY'));
INSERT INTO MEDICAL_RECORD VALUES (772,'record_detail772',63,353,to_date('21-09-2018','DD-MM-YYYY'));
INSERT INTO MEDICAL_RECORD VALUES (773,'record_detail773',103,394,to_date('05-07-2019','DD-MM-YYYY'));
INSERT INTO MEDICAL_RECORD VALUES (774,'record_detail774',101,338,to_date('22-12-2012','DD-MM-YYYY'));
INSERT INTO MEDICAL_RECORD VALUES (775,'record_detail775',7,145,to_date('28-12-2015','DD-MM-YYYY'));
INSERT INTO MEDICAL_RECORD VALUES (776,'record_detail776',127,232,to_date('23-10-2015','DD-MM-YYYY'));
INSERT INTO MEDICAL_RECORD VALUES (777,'record_detail777',90,334,to_date('28-12-2012','DD-MM-YYYY'));
INSERT INTO MEDICAL_RECORD VALUES (778,'record_detail778',64,151,to_date('22-11-2019','DD-MM-YYYY'));
INSERT INTO MEDICAL_RECORD VALUES (779,'record_detail779',20,227,to_date('20-10-2018','DD-MM-YYYY'));
INSERT INTO MEDICAL_RECORD VALUES (780,'record_detail780',119,55,to_date('26-10-2019','DD-MM-YYYY'));
INSERT INTO MEDICAL_RECORD VALUES (781,'record_detail781',47,149,to_date('26-10-2014','DD-MM-YYYY'));
INSERT INTO MEDICAL_RECORD VALUES (782,'record_detail782',124,326,to_date('28-02-2019','DD-MM-YYYY'));
INSERT INTO MEDICAL_RECORD VALUES (783,'record_detail783',13,196,to_date('24-08-2019','DD-MM-YYYY'));
INSERT INTO MEDICAL_RECORD VALUES (784,'record_detail784',13,378,to_date('21-08-2015','DD-MM-YYYY'));
INSERT INTO MEDICAL_RECORD VALUES (785,'record_detail785',90,173,to_date('26-04-2019','DD-MM-YYYY'));
INSERT INTO MEDICAL_RECORD VALUES (786,'record_detail786',123,74,to_date('27-12-2013','DD-MM-YYYY'));
INSERT INTO MEDICAL_RECORD VALUES (787,'record_detail787',78,281,to_date('19-10-2018','DD-MM-YYYY'));
INSERT INTO MEDICAL_RECORD VALUES (788,'record_detail788',57,300,to_date('22-12-2019','DD-MM-YYYY'));
INSERT INTO MEDICAL_RECORD VALUES (789,'record_detail789',107,310,to_date('24-11-2016','DD-MM-YYYY'));
INSERT INTO MEDICAL_RECORD VALUES (790,'record_detail790',30,410,to_date('19-11-2018','DD-MM-YYYY'));
INSERT INTO MEDICAL_RECORD VALUES (791,'record_detail791',99,138,to_date('17-12-2016','DD-MM-YYYY'));
INSERT INTO MEDICAL_RECORD VALUES (792,'record_detail792',47,173,to_date('26-04-2019','DD-MM-YYYY'));
INSERT INTO MEDICAL_RECORD VALUES (793,'record_detail793',102,236,to_date('24-12-2016','DD-MM-YYYY'));
INSERT INTO MEDICAL_RECORD VALUES (794,'record_detail794',80,416,to_date('27-09-2011','DD-MM-YYYY'));
INSERT INTO MEDICAL_RECORD VALUES (795,'record_detail795',63,171,to_date('16-08-2017','DD-MM-YYYY'));
INSERT INTO MEDICAL_RECORD VALUES (796,'record_detail796',15,417,to_date('14-12-2019','DD-MM-YYYY'));
INSERT INTO MEDICAL_RECORD VALUES (797,'record_detail797',54,275,to_date('21-12-2014','DD-MM-YYYY'));
INSERT INTO MEDICAL_RECORD VALUES (798,'record_detail798',96,289,to_date('23-08-2017','DD-MM-YYYY'));
INSERT INTO MEDICAL_RECORD VALUES (799,'record_detail799',100,39,to_date('04-12-2019','DD-MM-YYYY'));
INSERT INTO MEDICAL_RECORD VALUES (800,'record_detail800',18,390,to_date('28-11-2017','DD-MM-YYYY'));
INSERT INTO MEDICAL_RECORD VALUES (801,'record_detail801',120,43,to_date('11-06-2019','DD-MM-YYYY'));
INSERT INTO MEDICAL_RECORD VALUES (802,'record_detail802',17,154,to_date('10-10-2017','DD-MM-YYYY'));
INSERT INTO MEDICAL_RECORD VALUES (803,'record_detail803',125,371,to_date('27-12-2016','DD-MM-YYYY'));
INSERT INTO MEDICAL_RECORD VALUES (804,'record_detail804',64,378,to_date('21-08-2015','DD-MM-YYYY'));
INSERT INTO MEDICAL_RECORD VALUES (805,'record_detail805',132,5,to_date('08-10-2017','DD-MM-YYYY'));
INSERT INTO MEDICAL_RECORD VALUES (806,'record_detail806',53,141,to_date('28-07-2015','DD-MM-YYYY'));
INSERT INTO MEDICAL_RECORD VALUES (807,'record_detail807',45,281,to_date('19-10-2018','DD-MM-YYYY'));
INSERT INTO MEDICAL_RECORD VALUES (808,'record_detail808',65,325,to_date('22-10-2014','DD-MM-YYYY'));
INSERT INTO MEDICAL_RECORD VALUES (809,'record_detail809',8,12,to_date('28-10-2013','DD-MM-YYYY'));
INSERT INTO MEDICAL_RECORD VALUES (810,'record_detail810',117,276,to_date('22-10-2016','DD-MM-YYYY'));






INSERT INTO INVOICE VALUES (1,to_date('01-02-2013','DD-MM-YYYY'),6);
INSERT INTO INVOICE VALUES (2,to_date('16-07-2014','DD-MM-YYYY'),14);
INSERT INTO INVOICE VALUES (3,to_date('14-08-2009','DD-MM-YYYY'),40);
INSERT INTO INVOICE VALUES (4,to_date('18-05-2018','DD-MM-YYYY'),4);
INSERT INTO INVOICE VALUES (5,to_date('23-07-2017','DD-MM-YYYY'),9);
INSERT INTO INVOICE VALUES (6,to_date('03-05-2012','DD-MM-YYYY'),70);
INSERT INTO INVOICE VALUES (7,to_date('06-12-2010','DD-MM-YYYY'),36);
INSERT INTO INVOICE VALUES (8,to_date('17-08-2012','DD-MM-YYYY'),20);
INSERT INTO INVOICE VALUES (9,to_date('17-08-2015','DD-MM-YYYY'),12);
INSERT INTO INVOICE VALUES (10,to_date('03-03-2015','DD-MM-YYYY'),40);
INSERT INTO INVOICE VALUES (11,to_date('01-08-2014','DD-MM-YYYY'),12);
INSERT INTO INVOICE VALUES (12,to_date('21-06-2017','DD-MM-YYYY'),40);
INSERT INTO INVOICE VALUES (13,to_date('11-12-2009','DD-MM-YYYY'),20);
INSERT INTO INVOICE VALUES (14,to_date('12-07-2019','DD-MM-YYYY'),120);
INSERT INTO INVOICE VALUES (15,to_date('16-02-2015','DD-MM-YYYY'),5);
INSERT INTO INVOICE VALUES (16,to_date('11-06-2013','DD-MM-YYYY'),28);
INSERT INTO INVOICE VALUES (17,to_date('23-11-2013','DD-MM-YYYY'),24);
INSERT INTO INVOICE VALUES (18,to_date('07-08-2011','DD-MM-YYYY'),12);
INSERT INTO INVOICE VALUES (19,to_date('22-01-2014','DD-MM-YYYY'),120);
INSERT INTO INVOICE VALUES (20,to_date('23-04-2015','DD-MM-YYYY'),36);
INSERT INTO INVOICE VALUES (21,to_date('16-01-2015','DD-MM-YYYY'),14);
INSERT INTO INVOICE VALUES (22,to_date('19-12-2019','DD-MM-YYYY'),8);
INSERT INTO INVOICE VALUES (23,to_date('27-04-2014','DD-MM-YYYY'),40);
INSERT INTO INVOICE VALUES (24,to_date('28-08-2009','DD-MM-YYYY'),12);
INSERT INTO INVOICE VALUES (25,to_date('22-12-2011','DD-MM-YYYY'),1);
INSERT INTO INVOICE VALUES (26,to_date('19-08-2012','DD-MM-YYYY'),28);
INSERT INTO INVOICE VALUES (27,to_date('12-03-2012','DD-MM-YYYY'),24);
INSERT INTO INVOICE VALUES (28,to_date('19-06-2011','DD-MM-YYYY'),20);
INSERT INTO INVOICE VALUES (29,to_date('17-12-2009','DD-MM-YYYY'),76);
INSERT INTO INVOICE VALUES (30,to_date('06-11-2014','DD-MM-YYYY'),24);
INSERT INTO INVOICE VALUES (31,to_date('24-12-2013','DD-MM-YYYY'),30);
INSERT INTO INVOICE VALUES (32,to_date('12-06-2012','DD-MM-YYYY'),36);
INSERT INTO INVOICE VALUES (33,to_date('14-03-2012','DD-MM-YYYY'),90);
INSERT INTO INVOICE VALUES (34,to_date('05-08-2017','DD-MM-YYYY'),95);
INSERT INTO INVOICE VALUES (35,to_date('08-08-2017','DD-MM-YYYY'),6);
INSERT INTO INVOICE VALUES (36,to_date('17-01-2015','DD-MM-YYYY'),36);
INSERT INTO INVOICE VALUES (37,to_date('19-08-2011','DD-MM-YYYY'),28);
INSERT INTO INVOICE VALUES (38,to_date('26-10-2009','DD-MM-YYYY'),21);
INSERT INTO INVOICE VALUES (39,to_date('16-11-2009','DD-MM-YYYY'),40);
INSERT INTO INVOICE VALUES (40,to_date('25-12-2010','DD-MM-YYYY'),33);
INSERT INTO INVOICE VALUES (41,to_date('04-02-2014','DD-MM-YYYY'),108);
INSERT INTO INVOICE VALUES (42,to_date('24-11-2012','DD-MM-YYYY'),102);
INSERT INTO INVOICE VALUES (43,to_date('24-06-2013','DD-MM-YYYY'),75);
INSERT INTO INVOICE VALUES (44,to_date('16-09-2011','DD-MM-YYYY'),64);
INSERT INTO INVOICE VALUES (45,to_date('10-09-2014','DD-MM-YYYY'),12);
INSERT INTO INVOICE VALUES (46,to_date('09-02-2009','DD-MM-YYYY'),105);
INSERT INTO INVOICE VALUES (47,to_date('23-01-2010','DD-MM-YYYY'),18);
INSERT INTO INVOICE VALUES (48,to_date('04-08-2014','DD-MM-YYYY'),66);
INSERT INTO INVOICE VALUES (49,to_date('09-05-2015','DD-MM-YYYY'),45);
INSERT INTO INVOICE VALUES (50,to_date('07-02-2014','DD-MM-YYYY'),48);
INSERT INTO INVOICE VALUES (51,to_date('13-08-2016','DD-MM-YYYY'),64);
INSERT INTO INVOICE VALUES (52,to_date('07-08-2014','DD-MM-YYYY'),112);
INSERT INTO INVOICE VALUES (53,to_date('21-07-2015','DD-MM-YYYY'),2);
INSERT INTO INVOICE VALUES (54,to_date('04-02-2014','DD-MM-YYYY'),22);
INSERT INTO INVOICE VALUES (55,to_date('18-06-2018','DD-MM-YYYY'),80);
INSERT INTO INVOICE VALUES (56,to_date('09-12-2018','DD-MM-YYYY'),70);
INSERT INTO INVOICE VALUES (57,to_date('02-02-2017','DD-MM-YYYY'),49);
INSERT INTO INVOICE VALUES (58,to_date('03-04-2014','DD-MM-YYYY'),48);
INSERT INTO INVOICE VALUES (59,to_date('26-06-2014','DD-MM-YYYY'),45);
INSERT INTO INVOICE VALUES (60,to_date('28-04-2014','DD-MM-YYYY'),98);
INSERT INTO INVOICE VALUES (61,to_date('17-09-2014','DD-MM-YYYY'),80);
INSERT INTO INVOICE VALUES (62,to_date('12-11-2009','DD-MM-YYYY'),20);
INSERT INTO INVOICE VALUES (63,to_date('23-06-2009','DD-MM-YYYY'),17);
INSERT INTO INVOICE VALUES (64,to_date('06-11-2009','DD-MM-YYYY'),36);
INSERT INTO INVOICE VALUES (65,to_date('27-08-2013','DD-MM-YYYY'),14);
INSERT INTO INVOICE VALUES (66,to_date('19-08-2010','DD-MM-YYYY'),26);
INSERT INTO INVOICE VALUES (67,to_date('11-03-2017','DD-MM-YYYY'),114);
INSERT INTO INVOICE VALUES (68,to_date('20-07-2013','DD-MM-YYYY'),6);
INSERT INTO INVOICE VALUES (69,to_date('03-11-2012','DD-MM-YYYY'),6);
INSERT INTO INVOICE VALUES (70,to_date('02-09-2009','DD-MM-YYYY'),22);
INSERT INTO INVOICE VALUES (71,to_date('28-08-2014','DD-MM-YYYY'),30);
INSERT INTO INVOICE VALUES (72,to_date('11-11-2014','DD-MM-YYYY'),98);
INSERT INTO INVOICE VALUES (73,to_date('07-04-2012','DD-MM-YYYY'),80);
INSERT INTO INVOICE VALUES (74,to_date('27-05-2018','DD-MM-YYYY'),2);
INSERT INTO INVOICE VALUES (75,to_date('03-09-2015','DD-MM-YYYY'),60);
INSERT INTO INVOICE VALUES (76,to_date('08-06-2012','DD-MM-YYYY'),91);
INSERT INTO INVOICE VALUES (77,to_date('14-04-2010','DD-MM-YYYY'),68);
INSERT INTO INVOICE VALUES (78,to_date('03-09-2014','DD-MM-YYYY'),108);
INSERT INTO INVOICE VALUES (79,to_date('07-04-2019','DD-MM-YYYY'),36);
INSERT INTO INVOICE VALUES (80,to_date('17-08-2009','DD-MM-YYYY'),24);
INSERT INTO INVOICE VALUES (81,to_date('01-06-2017','DD-MM-YYYY'),140);
INSERT INTO INVOICE VALUES (82,to_date('02-01-2018','DD-MM-YYYY'),26);
INSERT INTO INVOICE VALUES (83,to_date('19-03-2014','DD-MM-YYYY'),126);
INSERT INTO INVOICE VALUES (84,to_date('27-11-2019','DD-MM-YYYY'),2);
INSERT INTO INVOICE VALUES (85,to_date('26-10-2017','DD-MM-YYYY'),20);
INSERT INTO INVOICE VALUES (86,to_date('21-11-2016','DD-MM-YYYY'),51);
INSERT INTO INVOICE VALUES (87,to_date('21-06-2018','DD-MM-YYYY'),13);
INSERT INTO INVOICE VALUES (88,to_date('26-07-2011','DD-MM-YYYY'),10);
INSERT INTO INVOICE VALUES (89,to_date('16-03-2010','DD-MM-YYYY'),22);
INSERT INTO INVOICE VALUES (90,to_date('15-08-2012','DD-MM-YYYY'),36);
INSERT INTO INVOICE VALUES (91,to_date('09-02-2017','DD-MM-YYYY'),66);
INSERT INTO INVOICE VALUES (92,to_date('03-06-2019','DD-MM-YYYY'),28);
INSERT INTO INVOICE VALUES (93,to_date('25-03-2009','DD-MM-YYYY'),24);
INSERT INTO INVOICE VALUES (94,to_date('15-10-2014','DD-MM-YYYY'),84);
INSERT INTO INVOICE VALUES (95,to_date('20-01-2018','DD-MM-YYYY'),72);
INSERT INTO INVOICE VALUES (96,to_date('19-08-2014','DD-MM-YYYY'),16);
INSERT INTO INVOICE VALUES (97,to_date('13-09-2015','DD-MM-YYYY'),52);
INSERT INTO INVOICE VALUES (98,to_date('04-05-2016','DD-MM-YYYY'),64);
INSERT INTO INVOICE VALUES (99,to_date('05-12-2016','DD-MM-YYYY'),100);
INSERT INTO INVOICE VALUES (100,to_date('12-10-2013','DD-MM-YYYY'),20);
INSERT INTO INVOICE VALUES (101,to_date('10-03-2019','DD-MM-YYYY'),8);
INSERT INTO INVOICE VALUES (102,to_date('21-02-2009','DD-MM-YYYY'),45);
INSERT INTO INVOICE VALUES (103,to_date('06-01-2009','DD-MM-YYYY'),7);
INSERT INTO INVOICE VALUES (104,to_date('09-01-2015','DD-MM-YYYY'),26);
INSERT INTO INVOICE VALUES (105,to_date('14-11-2011','DD-MM-YYYY'),10);
INSERT INTO INVOICE VALUES (106,to_date('17-01-2013','DD-MM-YYYY'),49);
INSERT INTO INVOICE VALUES (107,to_date('06-07-2017','DD-MM-YYYY'),22);
INSERT INTO INVOICE VALUES (108,to_date('16-11-2014','DD-MM-YYYY'),11);
INSERT INTO INVOICE VALUES (109,to_date('14-02-2013','DD-MM-YYYY'),15);
INSERT INTO INVOICE VALUES (110,to_date('10-10-2010','DD-MM-YYYY'),28);
INSERT INTO INVOICE VALUES (111,to_date('01-05-2017','DD-MM-YYYY'),14);
INSERT INTO INVOICE VALUES (112,to_date('02-07-2012','DD-MM-YYYY'),65);
INSERT INTO INVOICE VALUES (113,to_date('28-11-2016','DD-MM-YYYY'),51);
INSERT INTO INVOICE VALUES (114,to_date('25-01-2014','DD-MM-YYYY'),66);
INSERT INTO INVOICE VALUES (115,to_date('22-05-2019','DD-MM-YYYY'),30);
INSERT INTO INVOICE VALUES (116,to_date('18-05-2009','DD-MM-YYYY'),12);
INSERT INTO INVOICE VALUES (117,to_date('27-02-2017','DD-MM-YYYY'),12);
INSERT INTO INVOICE VALUES (118,to_date('06-12-2018','DD-MM-YYYY'),4);
INSERT INTO INVOICE VALUES (119,to_date('06-10-2019','DD-MM-YYYY'),84);
INSERT INTO INVOICE VALUES (120,to_date('04-04-2015','DD-MM-YYYY'),20);
INSERT INTO INVOICE VALUES (121,to_date('13-02-2012','DD-MM-YYYY'),55);
INSERT INTO INVOICE VALUES (122,to_date('09-10-2015','DD-MM-YYYY'),80);
INSERT INTO INVOICE VALUES (123,to_date('08-03-2010','DD-MM-YYYY'),96);
INSERT INTO INVOICE VALUES (124,to_date('13-03-2015','DD-MM-YYYY'),40);
INSERT INTO INVOICE VALUES (125,to_date('01-10-2014','DD-MM-YYYY'),90);
INSERT INTO INVOICE VALUES (126,to_date('08-04-2018','DD-MM-YYYY'),63);
INSERT INTO INVOICE VALUES (127,to_date('12-09-2009','DD-MM-YYYY'),80);
INSERT INTO INVOICE VALUES (128,to_date('28-09-2015','DD-MM-YYYY'),95);
INSERT INTO INVOICE VALUES (129,to_date('15-12-2011','DD-MM-YYYY'),24);
INSERT INTO INVOICE VALUES (130,to_date('24-11-2016','DD-MM-YYYY'),6);
INSERT INTO INVOICE VALUES (131,to_date('13-03-2017','DD-MM-YYYY'),60);
INSERT INTO INVOICE VALUES (132,to_date('12-03-2011','DD-MM-YYYY'),68);
INSERT INTO INVOICE VALUES (133,to_date('22-10-2009','DD-MM-YYYY'),119);
INSERT INTO INVOICE VALUES (134,to_date('07-01-2010','DD-MM-YYYY'),140);
INSERT INTO INVOICE VALUES (135,to_date('23-03-2017','DD-MM-YYYY'),21);
INSERT INTO INVOICE VALUES (136,to_date('23-04-2013','DD-MM-YYYY'),50);
INSERT INTO INVOICE VALUES (137,to_date('04-04-2011','DD-MM-YYYY'),72);
INSERT INTO INVOICE VALUES (138,to_date('10-07-2010','DD-MM-YYYY'),105);
INSERT INTO INVOICE VALUES (139,to_date('16-12-2011','DD-MM-YYYY'),10);
INSERT INTO INVOICE VALUES (140,to_date('10-03-2018','DD-MM-YYYY'),12);
INSERT INTO INVOICE VALUES (141,to_date('23-12-2016','DD-MM-YYYY'),5);
INSERT INTO INVOICE VALUES (142,to_date('15-06-2017','DD-MM-YYYY'),15);
INSERT INTO INVOICE VALUES (143,to_date('13-09-2018','DD-MM-YYYY'),30);
INSERT INTO INVOICE VALUES (144,to_date('26-04-2011','DD-MM-YYYY'),26);
INSERT INTO INVOICE VALUES (145,to_date('12-11-2010','DD-MM-YYYY'),60);
INSERT INTO INVOICE VALUES (146,to_date('20-10-2015','DD-MM-YYYY'),12);
INSERT INTO INVOICE VALUES (147,to_date('28-08-2012','DD-MM-YYYY'),112);
INSERT INTO INVOICE VALUES (148,to_date('07-07-2015','DD-MM-YYYY'),6);
INSERT INTO INVOICE VALUES (149,to_date('26-05-2011','DD-MM-YYYY'),54);
INSERT INTO INVOICE VALUES (150,to_date('20-04-2010','DD-MM-YYYY'),56);
INSERT INTO INVOICE VALUES (151,to_date('28-01-2009','DD-MM-YYYY'),16);
INSERT INTO INVOICE VALUES (152,to_date('10-04-2016','DD-MM-YYYY'),34);
INSERT INTO INVOICE VALUES (153,to_date('15-12-2016','DD-MM-YYYY'),70);
INSERT INTO INVOICE VALUES (154,to_date('14-12-2013','DD-MM-YYYY'),19);
INSERT INTO INVOICE VALUES (155,to_date('19-11-2013','DD-MM-YYYY'),54);
INSERT INTO INVOICE VALUES (156,to_date('20-07-2012','DD-MM-YYYY'),60);
INSERT INTO INVOICE VALUES (157,to_date('10-09-2014','DD-MM-YYYY'),12);
INSERT INTO INVOICE VALUES (158,to_date('12-10-2019','DD-MM-YYYY'),36);
INSERT INTO INVOICE VALUES (159,to_date('10-09-2011','DD-MM-YYYY'),19);
INSERT INTO INVOICE VALUES (160,to_date('15-08-2012','DD-MM-YYYY'),18);
INSERT INTO INVOICE VALUES (161,to_date('18-05-2009','DD-MM-YYYY'),114);
INSERT INTO INVOICE VALUES (162,to_date('09-10-2009','DD-MM-YYYY'),108);
INSERT INTO INVOICE VALUES (163,to_date('21-11-2014','DD-MM-YYYY'),42);
INSERT INTO INVOICE VALUES (164,to_date('10-09-2010','DD-MM-YYYY'),9);
INSERT INTO INVOICE VALUES (165,to_date('13-02-2016','DD-MM-YYYY'),4);
INSERT INTO INVOICE VALUES (166,to_date('11-11-2010','DD-MM-YYYY'),30);
INSERT INTO INVOICE VALUES (167,to_date('19-02-2019','DD-MM-YYYY'),49);
INSERT INTO INVOICE VALUES (168,to_date('08-09-2016','DD-MM-YYYY'),19);
INSERT INTO INVOICE VALUES (169,to_date('25-08-2013','DD-MM-YYYY'),10);
INSERT INTO INVOICE VALUES (170,to_date('11-10-2018','DD-MM-YYYY'),76);
INSERT INTO INVOICE VALUES (171,to_date('01-10-2012','DD-MM-YYYY'),36);
INSERT INTO INVOICE VALUES (172,to_date('17-11-2019','DD-MM-YYYY'),49);
INSERT INTO INVOICE VALUES (173,to_date('18-08-2010','DD-MM-YYYY'),28);
INSERT INTO INVOICE VALUES (174,to_date('03-09-2012','DD-MM-YYYY'),36);
INSERT INTO INVOICE VALUES (175,to_date('15-12-2015','DD-MM-YYYY'),72);
INSERT INTO INVOICE VALUES (176,to_date('09-05-2018','DD-MM-YYYY'),42);
INSERT INTO INVOICE VALUES (177,to_date('25-05-2009','DD-MM-YYYY'),140);
INSERT INTO INVOICE VALUES (178,to_date('07-01-2011','DD-MM-YYYY'),68);
INSERT INTO INVOICE VALUES (179,to_date('26-05-2012','DD-MM-YYYY'),48);
INSERT INTO INVOICE VALUES (180,to_date('27-11-2018','DD-MM-YYYY'),28);
INSERT INTO INVOICE VALUES (181,to_date('21-01-2010','DD-MM-YYYY'),52);
INSERT INTO INVOICE VALUES (182,to_date('05-11-2012','DD-MM-YYYY'),36);
INSERT INTO INVOICE VALUES (183,to_date('22-10-2016','DD-MM-YYYY'),68);
INSERT INTO INVOICE VALUES (184,to_date('03-01-2010','DD-MM-YYYY'),119);
INSERT INTO INVOICE VALUES (185,to_date('17-06-2018','DD-MM-YYYY'),25);
INSERT INTO INVOICE VALUES (186,to_date('22-05-2009','DD-MM-YYYY'),28);
INSERT INTO INVOICE VALUES (187,to_date('26-02-2018','DD-MM-YYYY'),57);
INSERT INTO INVOICE VALUES (188,to_date('26-11-2011','DD-MM-YYYY'),15);
INSERT INTO INVOICE VALUES (189,to_date('23-03-2018','DD-MM-YYYY'),22);
INSERT INTO INVOICE VALUES (190,to_date('06-03-2013','DD-MM-YYYY'),18);
INSERT INTO INVOICE VALUES (191,to_date('16-09-2017','DD-MM-YYYY'),21);
INSERT INTO INVOICE VALUES (192,to_date('23-09-2015','DD-MM-YYYY'),5);
INSERT INTO INVOICE VALUES (193,to_date('24-04-2018','DD-MM-YYYY'),2);
INSERT INTO INVOICE VALUES (194,to_date('09-08-2018','DD-MM-YYYY'),12);
INSERT INTO INVOICE VALUES (195,to_date('12-03-2015','DD-MM-YYYY'),78);
INSERT INTO INVOICE VALUES (196,to_date('13-03-2009','DD-MM-YYYY'),7);
INSERT INTO INVOICE VALUES (197,to_date('17-01-2012','DD-MM-YYYY'),100);
INSERT INTO INVOICE VALUES (198,to_date('21-03-2018','DD-MM-YYYY'),24);
INSERT INTO INVOICE VALUES (199,to_date('19-06-2017','DD-MM-YYYY'),60);
INSERT INTO INVOICE VALUES (200,to_date('11-02-2017','DD-MM-YYYY'),52);
INSERT INTO INVOICE VALUES (201,to_date('10-03-2010','DD-MM-YYYY'),20);
INSERT INTO INVOICE VALUES (202,to_date('19-01-2014','DD-MM-YYYY'),50);
INSERT INTO INVOICE VALUES (203,to_date('09-06-2010','DD-MM-YYYY'),17);
INSERT INTO INVOICE VALUES (204,to_date('07-10-2016','DD-MM-YYYY'),133);
INSERT INTO INVOICE VALUES (205,to_date('10-09-2014','DD-MM-YYYY'),2);
INSERT INTO INVOICE VALUES (206,to_date('28-01-2017','DD-MM-YYYY'),8);
INSERT INTO INVOICE VALUES (207,to_date('16-10-2019','DD-MM-YYYY'),72);
INSERT INTO INVOICE VALUES (208,to_date('20-05-2018','DD-MM-YYYY'),108);
INSERT INTO INVOICE VALUES (209,to_date('01-03-2016','DD-MM-YYYY'),18);
INSERT INTO INVOICE VALUES (210,to_date('08-02-2011','DD-MM-YYYY'),90);
INSERT INTO INVOICE VALUES (211,to_date('02-10-2012','DD-MM-YYYY'),77);
INSERT INTO INVOICE VALUES (212,to_date('22-10-2012','DD-MM-YYYY'),12);
INSERT INTO INVOICE VALUES (213,to_date('09-02-2011','DD-MM-YYYY'),24);
INSERT INTO INVOICE VALUES (214,to_date('27-12-2009','DD-MM-YYYY'),100);
INSERT INTO INVOICE VALUES (215,to_date('06-10-2010','DD-MM-YYYY'),21);
INSERT INTO INVOICE VALUES (216,to_date('21-07-2009','DD-MM-YYYY'),6);
INSERT INTO INVOICE VALUES (217,to_date('10-09-2015','DD-MM-YYYY'),1);
INSERT INTO INVOICE VALUES (218,to_date('02-06-2009','DD-MM-YYYY'),49);
INSERT INTO INVOICE VALUES (219,to_date('16-06-2011','DD-MM-YYYY'),6);
INSERT INTO INVOICE VALUES (220,to_date('06-06-2015','DD-MM-YYYY'),18);
INSERT INTO INVOICE VALUES (221,to_date('03-08-2012','DD-MM-YYYY'),30);
INSERT INTO INVOICE VALUES (222,to_date('19-03-2015','DD-MM-YYYY'),39);
INSERT INTO INVOICE VALUES (223,to_date('23-05-2011','DD-MM-YYYY'),20);
INSERT INTO INVOICE VALUES (224,to_date('22-06-2014','DD-MM-YYYY'),32);
INSERT INTO INVOICE VALUES (225,to_date('03-08-2019','DD-MM-YYYY'),12);
INSERT INTO INVOICE VALUES (226,to_date('26-04-2016','DD-MM-YYYY'),3);
INSERT INTO INVOICE VALUES (227,to_date('06-10-2012','DD-MM-YYYY'),26);
INSERT INTO INVOICE VALUES (228,to_date('13-03-2012','DD-MM-YYYY'),48);
INSERT INTO INVOICE VALUES (229,to_date('28-07-2011','DD-MM-YYYY'),2);
INSERT INTO INVOICE VALUES (230,to_date('05-07-2019','DD-MM-YYYY'),126);
INSERT INTO INVOICE VALUES (231,to_date('04-08-2015','DD-MM-YYYY'),35);
INSERT INTO INVOICE VALUES (232,to_date('25-09-2017','DD-MM-YYYY'),18);
INSERT INTO INVOICE VALUES (233,to_date('18-04-2015','DD-MM-YYYY'),72);
INSERT INTO INVOICE VALUES (234,to_date('08-02-2018','DD-MM-YYYY'),4);
INSERT INTO INVOICE VALUES (235,to_date('06-07-2009','DD-MM-YYYY'),28);
INSERT INTO INVOICE VALUES (236,to_date('03-04-2010','DD-MM-YYYY'),78);
INSERT INTO INVOICE VALUES (237,to_date('17-01-2018','DD-MM-YYYY'),55);
INSERT INTO INVOICE VALUES (238,to_date('04-06-2011','DD-MM-YYYY'),9);
INSERT INTO INVOICE VALUES (239,to_date('11-09-2017','DD-MM-YYYY'),91);
INSERT INTO INVOICE VALUES (240,to_date('28-05-2010','DD-MM-YYYY'),55);
INSERT INTO INVOICE VALUES (241,to_date('19-12-2015','DD-MM-YYYY'),8);
INSERT INTO INVOICE VALUES (242,to_date('15-01-2010','DD-MM-YYYY'),105);
INSERT INTO INVOICE VALUES (243,to_date('09-03-2014','DD-MM-YYYY'),60);
INSERT INTO INVOICE VALUES (244,to_date('13-10-2016','DD-MM-YYYY'),90);
INSERT INTO INVOICE VALUES (245,to_date('04-11-2009','DD-MM-YYYY'),75);
INSERT INTO INVOICE VALUES (246,to_date('27-05-2009','DD-MM-YYYY'),16);
INSERT INTO INVOICE VALUES (247,to_date('27-11-2013','DD-MM-YYYY'),75);
INSERT INTO INVOICE VALUES (248,to_date('05-05-2017','DD-MM-YYYY'),72);
INSERT INTO INVOICE VALUES (249,to_date('01-09-2009','DD-MM-YYYY'),44);
INSERT INTO INVOICE VALUES (250,to_date('27-01-2015','DD-MM-YYYY'),25);
INSERT INTO INVOICE VALUES (251,to_date('11-04-2013','DD-MM-YYYY'),105);
INSERT INTO INVOICE VALUES (252,to_date('18-12-2011','DD-MM-YYYY'),24);
INSERT INTO INVOICE VALUES (253,to_date('06-04-2015','DD-MM-YYYY'),3);
INSERT INTO INVOICE VALUES (254,to_date('04-02-2016','DD-MM-YYYY'),18);
INSERT INTO INVOICE VALUES (255,to_date('03-01-2019','DD-MM-YYYY'),16);
INSERT INTO INVOICE VALUES (256,to_date('11-05-2018','DD-MM-YYYY'),10);
INSERT INTO INVOICE VALUES (257,to_date('04-07-2012','DD-MM-YYYY'),24);
INSERT INTO INVOICE VALUES (258,to_date('09-01-2013','DD-MM-YYYY'),18);
INSERT INTO INVOICE VALUES (259,to_date('15-06-2016','DD-MM-YYYY'),30);
INSERT INTO INVOICE VALUES (260,to_date('24-05-2016','DD-MM-YYYY'),21);
INSERT INTO INVOICE VALUES (261,to_date('04-05-2015','DD-MM-YYYY'),4);
INSERT INTO INVOICE VALUES (262,to_date('16-08-2018','DD-MM-YYYY'),40);
INSERT INTO INVOICE VALUES (263,to_date('14-02-2012','DD-MM-YYYY'),66);
INSERT INTO INVOICE VALUES (264,to_date('11-12-2016','DD-MM-YYYY'),84);
INSERT INTO INVOICE VALUES (265,to_date('06-01-2012','DD-MM-YYYY'),55);
INSERT INTO INVOICE VALUES (266,to_date('18-12-2017','DD-MM-YYYY'),36);
INSERT INTO INVOICE VALUES (267,to_date('14-09-2019','DD-MM-YYYY'),20);
INSERT INTO INVOICE VALUES (268,to_date('28-01-2013','DD-MM-YYYY'),34);
INSERT INTO INVOICE VALUES (269,to_date('19-07-2014','DD-MM-YYYY'),102);
INSERT INTO INVOICE VALUES (270,to_date('09-07-2013','DD-MM-YYYY'),133);
INSERT INTO INVOICE VALUES (271,to_date('23-09-2018','DD-MM-YYYY'),7);
INSERT INTO INVOICE VALUES (272,to_date('26-06-2016','DD-MM-YYYY'),32);
INSERT INTO INVOICE VALUES (273,to_date('25-08-2013','DD-MM-YYYY'),77);
INSERT INTO INVOICE VALUES (274,to_date('09-04-2017','DD-MM-YYYY'),18);
INSERT INTO INVOICE VALUES (275,to_date('07-08-2016','DD-MM-YYYY'),36);
INSERT INTO INVOICE VALUES (276,to_date('16-12-2015','DD-MM-YYYY'),84);
INSERT INTO INVOICE VALUES (277,to_date('07-01-2011','DD-MM-YYYY'),21);
INSERT INTO INVOICE VALUES (278,to_date('07-09-2013','DD-MM-YYYY'),60);
INSERT INTO INVOICE VALUES (279,to_date('12-11-2012','DD-MM-YYYY'),10);
INSERT INTO INVOICE VALUES (280,to_date('24-02-2012','DD-MM-YYYY'),19);
INSERT INTO INVOICE VALUES (281,to_date('01-05-2017','DD-MM-YYYY'),35);
INSERT INTO INVOICE VALUES (282,to_date('22-11-2018','DD-MM-YYYY'),6);
INSERT INTO INVOICE VALUES (283,to_date('10-11-2010','DD-MM-YYYY'),40);
INSERT INTO INVOICE VALUES (284,to_date('21-10-2010','DD-MM-YYYY'),95);
INSERT INTO INVOICE VALUES (285,to_date('14-06-2010','DD-MM-YYYY'),60);
INSERT INTO INVOICE VALUES (286,to_date('19-09-2012','DD-MM-YYYY'),91);
INSERT INTO INVOICE VALUES (287,to_date('01-07-2012','DD-MM-YYYY'),6);
INSERT INTO INVOICE VALUES (288,to_date('16-08-2009','DD-MM-YYYY'),80);
INSERT INTO INVOICE VALUES (289,to_date('11-04-2016','DD-MM-YYYY'),16);
INSERT INTO INVOICE VALUES (290,to_date('06-07-2009','DD-MM-YYYY'),3);
INSERT INTO INVOICE VALUES (291,to_date('09-11-2019','DD-MM-YYYY'),20);
INSERT INTO INVOICE VALUES (292,to_date('23-10-2010','DD-MM-YYYY'),7);
INSERT INTO INVOICE VALUES (293,to_date('14-11-2009','DD-MM-YYYY'),119);
INSERT INTO INVOICE VALUES (294,to_date('09-11-2016','DD-MM-YYYY'),18);
INSERT INTO INVOICE VALUES (295,to_date('26-09-2012','DD-MM-YYYY'),42);
INSERT INTO INVOICE VALUES (296,to_date('06-04-2012','DD-MM-YYYY'),5);
INSERT INTO INVOICE VALUES (297,to_date('28-06-2012','DD-MM-YYYY'),84);
INSERT INTO INVOICE VALUES (298,to_date('13-07-2011','DD-MM-YYYY'),57);
INSERT INTO INVOICE VALUES (299,to_date('19-05-2015','DD-MM-YYYY'),70);
INSERT INTO INVOICE VALUES (300,to_date('04-01-2010','DD-MM-YYYY'),126);
INSERT INTO INVOICE VALUES (301,to_date('12-09-2019','DD-MM-YYYY'),91);
INSERT INTO INVOICE VALUES (302,to_date('02-09-2016','DD-MM-YYYY'),65);
INSERT INTO INVOICE VALUES (303,to_date('16-04-2010','DD-MM-YYYY'),40);
INSERT INTO INVOICE VALUES (304,to_date('20-08-2009','DD-MM-YYYY'),40);
INSERT INTO INVOICE VALUES (305,to_date('05-10-2011','DD-MM-YYYY'),33);
INSERT INTO INVOICE VALUES (306,to_date('01-01-2018','DD-MM-YYYY'),36);
INSERT INTO INVOICE VALUES (307,to_date('22-08-2019','DD-MM-YYYY'),14);
INSERT INTO INVOICE VALUES (308,to_date('02-10-2013','DD-MM-YYYY'),114);
INSERT INTO INVOICE VALUES (309,to_date('13-11-2017','DD-MM-YYYY'),70);
INSERT INTO INVOICE VALUES (310,to_date('22-01-2011','DD-MM-YYYY'),133);
INSERT INTO INVOICE VALUES (311,to_date('21-09-2019','DD-MM-YYYY'),6);
INSERT INTO INVOICE VALUES (312,to_date('10-07-2012','DD-MM-YYYY'),60);
INSERT INTO INVOICE VALUES (313,to_date('28-11-2016','DD-MM-YYYY'),77);
INSERT INTO INVOICE VALUES (314,to_date('28-09-2015','DD-MM-YYYY'),4);
INSERT INTO INVOICE VALUES (315,to_date('18-12-2019','DD-MM-YYYY'),119);
INSERT INTO INVOICE VALUES (316,to_date('28-08-2014','DD-MM-YYYY'),30);
INSERT INTO INVOICE VALUES (317,to_date('25-09-2019','DD-MM-YYYY'),54);
INSERT INTO INVOICE VALUES (318,to_date('07-05-2010','DD-MM-YYYY'),42);
INSERT INTO INVOICE VALUES (319,to_date('22-07-2016','DD-MM-YYYY'),17);
INSERT INTO INVOICE VALUES (320,to_date('10-12-2011','DD-MM-YYYY'),16);
INSERT INTO INVOICE VALUES (321,to_date('13-08-2016','DD-MM-YYYY'),18);
INSERT INTO INVOICE VALUES (322,to_date('12-06-2013','DD-MM-YYYY'),40);
INSERT INTO INVOICE VALUES (323,to_date('05-12-2012','DD-MM-YYYY'),60);
INSERT INTO INVOICE VALUES (324,to_date('14-11-2019','DD-MM-YYYY'),16);
INSERT INTO INVOICE VALUES (325,to_date('21-11-2015','DD-MM-YYYY'),20);
INSERT INTO INVOICE VALUES (326,to_date('28-03-2016','DD-MM-YYYY'),30);
INSERT INTO INVOICE VALUES (327,to_date('10-05-2010','DD-MM-YYYY'),35);
INSERT INTO INVOICE VALUES (328,to_date('19-03-2013','DD-MM-YYYY'),35);
INSERT INTO INVOICE VALUES (329,to_date('26-05-2009','DD-MM-YYYY'),12);
INSERT INTO INVOICE VALUES (330,to_date('17-11-2011','DD-MM-YYYY'),60);
INSERT INTO INVOICE VALUES (331,to_date('05-01-2013','DD-MM-YYYY'),28);
INSERT INTO INVOICE VALUES (332,to_date('22-05-2017','DD-MM-YYYY'),27);
INSERT INTO INVOICE VALUES (333,to_date('02-03-2010','DD-MM-YYYY'),15);
INSERT INTO INVOICE VALUES (334,to_date('06-01-2018','DD-MM-YYYY'),15);
INSERT INTO INVOICE VALUES (335,to_date('12-02-2010','DD-MM-YYYY'),56);
INSERT INTO INVOICE VALUES (336,to_date('09-10-2018','DD-MM-YYYY'),8);
INSERT INTO INVOICE VALUES (337,to_date('07-04-2016','DD-MM-YYYY'),4);
INSERT INTO INVOICE VALUES (338,to_date('12-09-2019','DD-MM-YYYY'),12);
INSERT INTO INVOICE VALUES (339,to_date('22-07-2010','DD-MM-YYYY'),96);
INSERT INTO INVOICE VALUES (340,to_date('14-03-2016','DD-MM-YYYY'),32);
INSERT INTO INVOICE VALUES (341,to_date('05-02-2017','DD-MM-YYYY'),44);
INSERT INTO INVOICE VALUES (342,to_date('28-06-2019','DD-MM-YYYY'),72);
INSERT INTO INVOICE VALUES (343,to_date('18-01-2014','DD-MM-YYYY'),18);
INSERT INTO INVOICE VALUES (344,to_date('27-03-2012','DD-MM-YYYY'),60);
INSERT INTO INVOICE VALUES (345,to_date('09-04-2013','DD-MM-YYYY'),70);
INSERT INTO INVOICE VALUES (346,to_date('23-03-2014','DD-MM-YYYY'),4);
INSERT INTO INVOICE VALUES (347,to_date('27-05-2009','DD-MM-YYYY'),60);
INSERT INTO INVOICE VALUES (348,to_date('07-02-2019','DD-MM-YYYY'),26);
INSERT INTO INVOICE VALUES (349,to_date('20-09-2017','DD-MM-YYYY'),12);
INSERT INTO INVOICE VALUES (350,to_date('28-05-2013','DD-MM-YYYY'),102);
INSERT INTO INVOICE VALUES (351,to_date('09-10-2009','DD-MM-YYYY'),60);
INSERT INTO INVOICE VALUES (352,to_date('06-12-2013','DD-MM-YYYY'),95);
INSERT INTO INVOICE VALUES (353,to_date('25-03-2017','DD-MM-YYYY'),126);
INSERT INTO INVOICE VALUES (354,to_date('20-04-2011','DD-MM-YYYY'),3);
INSERT INTO INVOICE VALUES (355,to_date('02-01-2011','DD-MM-YYYY'),20);
INSERT INTO INVOICE VALUES (356,to_date('01-11-2016','DD-MM-YYYY'),8);
INSERT INTO INVOICE VALUES (357,to_date('25-11-2012','DD-MM-YYYY'),108);
INSERT INTO INVOICE VALUES (358,to_date('24-10-2013','DD-MM-YYYY'),30);
INSERT INTO INVOICE VALUES (359,to_date('19-03-2015','DD-MM-YYYY'),95);
INSERT INTO INVOICE VALUES (360,to_date('21-07-2012','DD-MM-YYYY'),78);
INSERT INTO INVOICE VALUES (361,to_date('04-05-2012','DD-MM-YYYY'),70);
INSERT INTO INVOICE VALUES (362,to_date('28-04-2010','DD-MM-YYYY'),30);
INSERT INTO INVOICE VALUES (363,to_date('12-01-2019','DD-MM-YYYY'),76);
INSERT INTO INVOICE VALUES (364,to_date('21-10-2014','DD-MM-YYYY'),72);
INSERT INTO INVOICE VALUES (365,to_date('04-07-2015','DD-MM-YYYY'),25);
INSERT INTO INVOICE VALUES (366,to_date('24-11-2018','DD-MM-YYYY'),12);
INSERT INTO INVOICE VALUES (367,to_date('08-04-2015','DD-MM-YYYY'),26);
INSERT INTO INVOICE VALUES (368,to_date('24-07-2010','DD-MM-YYYY'),7);
INSERT INTO INVOICE VALUES (369,to_date('13-07-2009','DD-MM-YYYY'),15);
INSERT INTO INVOICE VALUES (370,to_date('26-05-2013','DD-MM-YYYY'),119);
INSERT INTO INVOICE VALUES (371,to_date('28-02-2014','DD-MM-YYYY'),57);
INSERT INTO INVOICE VALUES (372,to_date('09-08-2011','DD-MM-YYYY'),25);
INSERT INTO INVOICE VALUES (373,to_date('10-07-2014','DD-MM-YYYY'),3);
INSERT INTO INVOICE VALUES (374,to_date('11-06-2017','DD-MM-YYYY'),42);
INSERT INTO INVOICE VALUES (375,to_date('26-01-2017','DD-MM-YYYY'),24);
INSERT INTO INVOICE VALUES (376,to_date('16-07-2012','DD-MM-YYYY'),26);
INSERT INTO INVOICE VALUES (377,to_date('14-10-2016','DD-MM-YYYY'),19);
INSERT INTO INVOICE VALUES (378,to_date('14-09-2012','DD-MM-YYYY'),72);
INSERT INTO INVOICE VALUES (379,to_date('27-03-2010','DD-MM-YYYY'),30);
INSERT INTO INVOICE VALUES (380,to_date('09-09-2014','DD-MM-YYYY'),45);
INSERT INTO INVOICE VALUES (381,to_date('03-03-2010','DD-MM-YYYY'),48);
INSERT INTO INVOICE VALUES (382,to_date('26-02-2015','DD-MM-YYYY'),6);
INSERT INTO INVOICE VALUES (383,to_date('16-01-2010','DD-MM-YYYY'),48);
INSERT INTO INVOICE VALUES (384,to_date('17-04-2012','DD-MM-YYYY'),6);
INSERT INTO INVOICE VALUES (385,to_date('10-02-2014','DD-MM-YYYY'),32);
INSERT INTO INVOICE VALUES (386,to_date('24-05-2011','DD-MM-YYYY'),18);
INSERT INTO INVOICE VALUES (387,to_date('20-11-2010','DD-MM-YYYY'),60);
INSERT INTO INVOICE VALUES (388,to_date('28-09-2012','DD-MM-YYYY'),33);
INSERT INTO INVOICE VALUES (389,to_date('21-09-2015','DD-MM-YYYY'),21);
INSERT INTO INVOICE VALUES (390,to_date('03-04-2014','DD-MM-YYYY'),85);
INSERT INTO INVOICE VALUES (391,to_date('18-11-2017','DD-MM-YYYY'),4);
INSERT INTO INVOICE VALUES (392,to_date('28-03-2019','DD-MM-YYYY'),10);
INSERT INTO INVOICE VALUES (393,to_date('20-05-2015','DD-MM-YYYY'),12);
INSERT INTO INVOICE VALUES (394,to_date('26-03-2014','DD-MM-YYYY'),112);
INSERT INTO INVOICE VALUES (395,to_date('03-05-2011','DD-MM-YYYY'),70);
INSERT INTO INVOICE VALUES (396,to_date('04-11-2015','DD-MM-YYYY'),60);
INSERT INTO INVOICE VALUES (397,to_date('07-07-2018','DD-MM-YYYY'),57);
INSERT INTO INVOICE VALUES (398,to_date('23-01-2015','DD-MM-YYYY'),25);
INSERT INTO INVOICE VALUES (399,to_date('25-03-2017','DD-MM-YYYY'),72);
INSERT INTO INVOICE VALUES (400,to_date('20-01-2017','DD-MM-YYYY'),33);
INSERT INTO INVOICE VALUES (401,to_date('26-08-2016','DD-MM-YYYY'),42);
INSERT INTO INVOICE VALUES (402,to_date('15-05-2016','DD-MM-YYYY'),100);
INSERT INTO INVOICE VALUES (403,to_date('03-11-2013','DD-MM-YYYY'),35);
INSERT INTO INVOICE VALUES (404,to_date('17-09-2013','DD-MM-YYYY'),21);
INSERT INTO INVOICE VALUES (405,to_date('13-01-2012','DD-MM-YYYY'),45);
INSERT INTO INVOICE VALUES (406,to_date('13-01-2019','DD-MM-YYYY'),10);
INSERT INTO INVOICE VALUES (407,to_date('16-04-2010','DD-MM-YYYY'),14);
INSERT INTO INVOICE VALUES (408,to_date('13-05-2017','DD-MM-YYYY'),56);
INSERT INTO INVOICE VALUES (409,to_date('20-04-2018','DD-MM-YYYY'),90);
INSERT INTO INVOICE VALUES (410,to_date('19-10-2012','DD-MM-YYYY'),90);
INSERT INTO INVOICE VALUES (411,to_date('19-03-2019','DD-MM-YYYY'),78);
INSERT INTO INVOICE VALUES (412,to_date('10-06-2009','DD-MM-YYYY'),24);
INSERT INTO INVOICE VALUES (413,to_date('19-04-2017','DD-MM-YYYY'),16);
INSERT INTO INVOICE VALUES (414,to_date('27-05-2017','DD-MM-YYYY'),36);
INSERT INTO INVOICE VALUES (415,to_date('15-11-2009','DD-MM-YYYY'),24);
INSERT INTO INVOICE VALUES (416,to_date('21-04-2009','DD-MM-YYYY'),36);
INSERT INTO INVOICE VALUES (417,to_date('09-01-2016','DD-MM-YYYY'),5);
INSERT INTO INVOICE VALUES (418,to_date('21-04-2017','DD-MM-YYYY'),14);
INSERT INTO INVOICE VALUES (419,to_date('15-09-2016','DD-MM-YYYY'),7);
INSERT INTO INVOICE VALUES (420,to_date('23-09-2013','DD-MM-YYYY'),4);
INSERT INTO INVOICE VALUES (421,to_date('25-12-2017','DD-MM-YYYY'),50);
INSERT INTO INVOICE VALUES (422,to_date('21-04-2013','DD-MM-YYYY'),54);
INSERT INTO INVOICE VALUES (423,to_date('06-09-2014','DD-MM-YYYY'),51);
INSERT INTO INVOICE VALUES (424,to_date('03-08-2017','DD-MM-YYYY'),50);
INSERT INTO INVOICE VALUES (425,to_date('13-12-2009','DD-MM-YYYY'),9);
INSERT INTO INVOICE VALUES (426,to_date('15-05-2018','DD-MM-YYYY'),28);
INSERT INTO INVOICE VALUES (427,to_date('28-12-2010','DD-MM-YYYY'),40);
INSERT INTO INVOICE VALUES (428,to_date('03-04-2010','DD-MM-YYYY'),16);
INSERT INTO INVOICE VALUES (429,to_date('24-03-2017','DD-MM-YYYY'),72);
INSERT INTO INVOICE VALUES (430,to_date('23-11-2012','DD-MM-YYYY'),19);
INSERT INTO INVOICE VALUES (431,to_date('07-12-2009','DD-MM-YYYY'),39);
INSERT INTO INVOICE VALUES (432,to_date('19-09-2013','DD-MM-YYYY'),24);
INSERT INTO INVOICE VALUES (433,to_date('08-07-2017','DD-MM-YYYY'),96);
INSERT INTO INVOICE VALUES (434,to_date('23-03-2012','DD-MM-YYYY'),24);
INSERT INTO INVOICE VALUES (435,to_date('16-10-2012','DD-MM-YYYY'),60);
INSERT INTO INVOICE VALUES (436,to_date('27-09-2017','DD-MM-YYYY'),56);
INSERT INTO INVOICE VALUES (437,to_date('07-02-2012','DD-MM-YYYY'),68);
INSERT INTO INVOICE VALUES (438,to_date('19-09-2011','DD-MM-YYYY'),42);
INSERT INTO INVOICE VALUES (439,to_date('25-08-2018','DD-MM-YYYY'),12);
INSERT INTO INVOICE VALUES (440,to_date('26-06-2014','DD-MM-YYYY'),1);
INSERT INTO INVOICE VALUES (441,to_date('09-12-2010','DD-MM-YYYY'),28);
INSERT INTO INVOICE VALUES (442,to_date('15-11-2012','DD-MM-YYYY'),50);
INSERT INTO INVOICE VALUES (443,to_date('16-02-2012','DD-MM-YYYY'),55);
INSERT INTO INVOICE VALUES (444,to_date('08-03-2014','DD-MM-YYYY'),12);
INSERT INTO INVOICE VALUES (445,to_date('12-08-2013','DD-MM-YYYY'),30);
INSERT INTO INVOICE VALUES (446,to_date('04-02-2018','DD-MM-YYYY'),102);
INSERT INTO INVOICE VALUES (447,to_date('16-06-2019','DD-MM-YYYY'),16);
INSERT INTO INVOICE VALUES (448,to_date('22-08-2011','DD-MM-YYYY'),72);
INSERT INTO INVOICE VALUES (449,to_date('10-11-2017','DD-MM-YYYY'),18);
INSERT INTO INVOICE VALUES (450,to_date('02-11-2014','DD-MM-YYYY'),18);
INSERT INTO INVOICE VALUES (451,to_date('15-11-2018','DD-MM-YYYY'),13);
INSERT INTO INVOICE VALUES (452,to_date('12-09-2011','DD-MM-YYYY'),54);
INSERT INTO INVOICE VALUES (453,to_date('14-02-2019','DD-MM-YYYY'),95);
INSERT INTO INVOICE VALUES (454,to_date('26-12-2013','DD-MM-YYYY'),15);
INSERT INTO INVOICE VALUES (455,to_date('10-08-2013','DD-MM-YYYY'),100);
INSERT INTO INVOICE VALUES (456,to_date('06-11-2014','DD-MM-YYYY'),119);
INSERT INTO INVOICE VALUES (457,to_date('19-09-2013','DD-MM-YYYY'),24);
INSERT INTO INVOICE VALUES (458,to_date('24-01-2015','DD-MM-YYYY'),70);
INSERT INTO INVOICE VALUES (459,to_date('03-02-2009','DD-MM-YYYY'),5);
INSERT INTO INVOICE VALUES (460,to_date('05-10-2016','DD-MM-YYYY'),42);
INSERT INTO INVOICE VALUES (461,to_date('02-06-2011','DD-MM-YYYY'),72);
INSERT INTO INVOICE VALUES (462,to_date('28-12-2015','DD-MM-YYYY'),52);
INSERT INTO INVOICE VALUES (463,to_date('07-12-2017','DD-MM-YYYY'),84);
INSERT INTO INVOICE VALUES (464,to_date('06-05-2014','DD-MM-YYYY'),16);
INSERT INTO INVOICE VALUES (465,to_date('24-04-2016','DD-MM-YYYY'),10);
INSERT INTO INVOICE VALUES (466,to_date('28-03-2010','DD-MM-YYYY'),95);
INSERT INTO INVOICE VALUES (467,to_date('07-12-2010','DD-MM-YYYY'),56);
INSERT INTO INVOICE VALUES (468,to_date('02-06-2014','DD-MM-YYYY'),24);
INSERT INTO INVOICE VALUES (469,to_date('13-04-2017','DD-MM-YYYY'),11);
INSERT INTO INVOICE VALUES (470,to_date('13-02-2014','DD-MM-YYYY'),24);
INSERT INTO INVOICE VALUES (471,to_date('07-07-2014','DD-MM-YYYY'),38);
INSERT INTO INVOICE VALUES (472,to_date('02-02-2016','DD-MM-YYYY'),21);
INSERT INTO INVOICE VALUES (473,to_date('03-09-2012','DD-MM-YYYY'),45);
INSERT INTO INVOICE VALUES (474,to_date('12-10-2011','DD-MM-YYYY'),140);
INSERT INTO INVOICE VALUES (475,to_date('08-07-2009','DD-MM-YYYY'),12);
INSERT INTO INVOICE VALUES (476,to_date('06-12-2009','DD-MM-YYYY'),66);
INSERT INTO INVOICE VALUES (477,to_date('16-09-2009','DD-MM-YYYY'),21);
INSERT INTO INVOICE VALUES (478,to_date('13-12-2014','DD-MM-YYYY'),40);
INSERT INTO INVOICE VALUES (479,to_date('05-11-2017','DD-MM-YYYY'),60);
INSERT INTO INVOICE VALUES (480,to_date('01-06-2017','DD-MM-YYYY'),16);
INSERT INTO INVOICE VALUES (481,to_date('10-01-2017','DD-MM-YYYY'),90);
INSERT INTO INVOICE VALUES (482,to_date('01-03-2019','DD-MM-YYYY'),60);
INSERT INTO INVOICE VALUES (483,to_date('09-02-2016','DD-MM-YYYY'),27);
INSERT INTO INVOICE VALUES (484,to_date('08-11-2011','DD-MM-YYYY'),56);
INSERT INTO INVOICE VALUES (485,to_date('14-04-2017','DD-MM-YYYY'),96);
INSERT INTO INVOICE VALUES (486,to_date('11-03-2012','DD-MM-YYYY'),72);
INSERT INTO INVOICE VALUES (487,to_date('27-02-2011','DD-MM-YYYY'),2);






INSERT INTO PRESCRIPTION VALUES (1,'acepromazine',11,4,6,'prescription_details1',526,48);
INSERT INTO PRESCRIPTION VALUES (2,'alprazolam',12,9,4,'prescription_details2',805,58);
INSERT INTO PRESCRIPTION VALUES (3,'altrenogest',20,19,1,'prescription_details3',208,62);
INSERT INTO PRESCRIPTION VALUES (4,'amantadine',2,1,7,'prescription_details4',55,65);
INSERT INTO PRESCRIPTION VALUES (5,'aminophylline',19,18,6,'prescription_details5',329,67);
INSERT INTO PRESCRIPTION VALUES (6,'amitraz',3,1,2,'prescription_details6',406,69);
INSERT INTO PRESCRIPTION VALUES (7,'amitriptyline',11,3,2,'prescription_details7',790,70);
INSERT INTO PRESCRIPTION VALUES (8,'amlodipine',1,1,2,'prescription_details8',225,74);
INSERT INTO PRESCRIPTION VALUES (9,'amoxicillin',17,1,4,'prescription_details9',257,77);
INSERT INTO PRESCRIPTION VALUES (10,'puniatozol',18,15,2,'prescription_details10',255,90);
INSERT INTO PRESCRIPTION VALUES (11,'apomorphine',18,17,4,'prescription_details11',579,95);
INSERT INTO PRESCRIPTION VALUES (12,'artificial',12,7,7,'prescription_details12',65,463);
INSERT INTO PRESCRIPTION VALUES (13,'atenolol',17,1,7,'prescription_details13',691,133);
INSERT INTO PRESCRIPTION VALUES (14,'atipamezole',12,12,2,'prescription_details14',123,213);
INSERT INTO PRESCRIPTION VALUES (15,'carprofen',4,3,4,'prescription_details15',324,464);
INSERT INTO PRESCRIPTION VALUES (16,'cefovecin',17,17,6,'prescription_details16',682,350);
INSERT INTO PRESCRIPTION VALUES (17,'cefpodoxime',1,1,4,'prescription_details17',193,314);
INSERT INTO PRESCRIPTION VALUES (18,'cephalexin',10,3,4,'prescription_details18',529,478);
INSERT INTO PRESCRIPTION VALUES (19,'ceftiofur',8,4,7,'prescription_details19',318,150);
INSERT INTO PRESCRIPTION VALUES (20,'chloral',18,7,2,'prescription_details20',556,20);
INSERT INTO PRESCRIPTION VALUES (21,'chloramphenicol',12,3,3,'prescription_details21',99,32);
INSERT INTO PRESCRIPTION VALUES (22,'cimetidine',14,2,2,'prescription_details22',329,16);
INSERT INTO PRESCRIPTION VALUES (23,'ciprofloxacin',7,3,4,'prescription_details23',707,92);
INSERT INTO PRESCRIPTION VALUES (24,'clamoxyquine',3,3,1,'prescription_details24',329,253);
INSERT INTO PRESCRIPTION VALUES (25,'clavamox',17,4,3,'prescription_details25',409,86);
INSERT INTO PRESCRIPTION VALUES (26,'clavaseptin',16,6,6,'prescription_details26',443,485);
INSERT INTO PRESCRIPTION VALUES (27,'clavulanic',20,6,5,'prescription_details27',217,455);
INSERT INTO PRESCRIPTION VALUES (28,'clenbuterol',18,18,1,'prescription_details28',739,386);
INSERT INTO PRESCRIPTION VALUES (29,'clindamycin',6,3,4,'prescription_details29',447,27);
INSERT INTO PRESCRIPTION VALUES (30,'clomipramine',18,1,4,'prescription_details30',129,399);
INSERT INTO PRESCRIPTION VALUES (31,'cyproheptadine',4,3,6,'prescription_details31',580,80);
INSERT INTO PRESCRIPTION VALUES (32,'marbofloxacin',10,5,1,'prescription_details32',527,169);
INSERT INTO PRESCRIPTION VALUES (33,'maropitant',4,4,4,'prescription_details33',267,255);
INSERT INTO PRESCRIPTION VALUES (34,'mavacoxib',19,9,5,'prescription_details34',212,128);
INSERT INTO PRESCRIPTION VALUES (35,'medetomidine',12,3,1,'prescription_details35',670,116);
INSERT INTO PRESCRIPTION VALUES (36,'meloxicam',6,5,1,'prescription_details36',684,287);
INSERT INTO PRESCRIPTION VALUES (37,'metacam',12,3,1,'prescription_details37',409,11);
INSERT INTO PRESCRIPTION VALUES (38,'methimazole',17,17,6,'prescription_details38',335,269);
INSERT INTO PRESCRIPTION VALUES (39,'metoclopramide',15,11,7,'prescription_details39',265,251);
INSERT INTO PRESCRIPTION VALUES (40,'metronidazole',14,9,2,'prescription_details40',348,426);
INSERT INTO PRESCRIPTION VALUES (41,'milbemycin',13,12,7,'prescription_details41',19,286);
INSERT INTO PRESCRIPTION VALUES (42,'mirtazapine',14,9,1,'prescription_details42',460,2);
INSERT INTO PRESCRIPTION VALUES (43,'mitratapide',18,1,3,'prescription_details43',607,149);
INSERT INTO PRESCRIPTION VALUES (44,'morphine',20,4,4,'prescription_details44',695,288);
INSERT INTO PRESCRIPTION VALUES (45,'moxifloxacin',4,1,7,'prescription_details45',18,331);
INSERT INTO PRESCRIPTION VALUES (46,'acepromazine',11,10,1,'prescription_details46',12,108);
INSERT INTO PRESCRIPTION VALUES (47,'alprazolam',15,1,7,'prescription_details47',40,242);
INSERT INTO PRESCRIPTION VALUES (48,'altrenogest',3,1,4,'prescription_details48',399,393);
INSERT INTO PRESCRIPTION VALUES (49,'amantadine',7,6,3,'prescription_details49',157,191);
INSERT INTO PRESCRIPTION VALUES (50,'aminophylline',17,12,7,'prescription_details50',282,370);
INSERT INTO PRESCRIPTION VALUES (51,'amitraz',3,3,2,'prescription_details51',654,219);
INSERT INTO PRESCRIPTION VALUES (52,'amitriptyline',4,2,7,'prescription_details52',417,180);
INSERT INTO PRESCRIPTION VALUES (53,'amlodipine',17,13,7,'prescription_details53',13,315);
INSERT INTO PRESCRIPTION VALUES (54,'amoxicillin',13,11,7,'prescription_details54',213,301);
INSERT INTO PRESCRIPTION VALUES (55,'puniatozol',12,5,1,'prescription_details55',230,9);
INSERT INTO PRESCRIPTION VALUES (56,'apomorphine',7,7,6,'prescription_details56',289,295);
INSERT INTO PRESCRIPTION VALUES (57,'artificial',19,9,4,'prescription_details57',401,29);
INSERT INTO PRESCRIPTION VALUES (58,'atenolol',9,4,3,'prescription_details58',493,332);
INSERT INTO PRESCRIPTION VALUES (59,'atipamezole',3,1,4,'prescription_details59',351,18);
INSERT INTO PRESCRIPTION VALUES (60,'carprofen',15,12,3,'prescription_details60',248,380);
INSERT INTO PRESCRIPTION VALUES (61,'cefovecin',10,9,1,'prescription_details61',697,392);
INSERT INTO PRESCRIPTION VALUES (62,'cefpodoxime',8,5,5,'prescription_details62',484,23);
INSERT INTO PRESCRIPTION VALUES (63,'cephalexin',12,11,2,'prescription_details63',700,415);
INSERT INTO PRESCRIPTION VALUES (64,'ceftiofur',14,5,5,'prescription_details64',677,56);
INSERT INTO PRESCRIPTION VALUES (65,'chloral',13,2,6,'prescription_details65',383,411);
INSERT INTO PRESCRIPTION VALUES (66,'chloramphenicol',14,13,2,'prescription_details66',747,110);
INSERT INTO PRESCRIPTION VALUES (67,'cimetidine',20,11,6,'prescription_details67',522,19);
INSERT INTO PRESCRIPTION VALUES (68,'ciprofloxacin',12,9,3,'prescription_details68',540,182);
INSERT INTO PRESCRIPTION VALUES (69,'clamoxyquine',19,5,4,'prescription_details69',206,170);
INSERT INTO PRESCRIPTION VALUES (70,'clavamox',20,14,2,'prescription_details70',61,303);
INSERT INTO PRESCRIPTION VALUES (71,'clavaseptin',16,1,3,'prescription_details71',772,383);
INSERT INTO PRESCRIPTION VALUES (72,'clavulanic',11,3,3,'prescription_details72',201,40);
INSERT INTO PRESCRIPTION VALUES (73,'clenbuterol',9,3,6,'prescription_details73',504,155);
INSERT INTO PRESCRIPTION VALUES (74,'clindamycin',12,3,7,'prescription_details74',512,297);
INSERT INTO PRESCRIPTION VALUES (75,'clomipramine',10,6,5,'prescription_details75',207,136);
INSERT INTO PRESCRIPTION VALUES (76,'cyproheptadine',8,4,6,'prescription_details76',791,228);
INSERT INTO PRESCRIPTION VALUES (77,'marbofloxacin',5,1,2,'prescription_details77',652,256);
INSERT INTO PRESCRIPTION VALUES (78,'maropitant',19,10,7,'prescription_details78',133,204);
INSERT INTO PRESCRIPTION VALUES (79,'mavacoxib',19,8,5,'prescription_details79',296,453);
INSERT INTO PRESCRIPTION VALUES (80,'medetomidine',12,11,6,'prescription_details80',619,342);
INSERT INTO PRESCRIPTION VALUES (81,'meloxicam',1,1,1,'prescription_details81',294,217);
INSERT INTO PRESCRIPTION VALUES (82,'metacam',13,4,4,'prescription_details82',554,181);
INSERT INTO PRESCRIPTION VALUES (83,'methimazole',19,12,1,'prescription_details83',178,154);
INSERT INTO PRESCRIPTION VALUES (84,'metoclopramide',14,12,6,'prescription_details84',445,264);
INSERT INTO PRESCRIPTION VALUES (85,'metronidazole',19,11,5,'prescription_details85',602,284);
INSERT INTO PRESCRIPTION VALUES (86,'milbemycin',8,5,5,'prescription_details86',566,10);
INSERT INTO PRESCRIPTION VALUES (87,'mirtazapine',5,2,6,'prescription_details87',61,31);
INSERT INTO PRESCRIPTION VALUES (88,'mitratapide',20,11,7,'prescription_details88',680,134);
INSERT INTO PRESCRIPTION VALUES (89,'morphine',16,3,2,'prescription_details89',147,385);
INSERT INTO PRESCRIPTION VALUES (90,'moxifloxacin',16,12,5,'prescription_details90',133,55);
INSERT INTO PRESCRIPTION VALUES (91,'acepromazine',7,1,6,'prescription_details91',703,318);
INSERT INTO PRESCRIPTION VALUES (92,'alprazolam',10,7,5,'prescription_details92',329,202);
INSERT INTO PRESCRIPTION VALUES (93,'altrenogest',12,7,1,'prescription_details93',429,212);
INSERT INTO PRESCRIPTION VALUES (94,'amantadine',15,10,7,'prescription_details94',522,138);
INSERT INTO PRESCRIPTION VALUES (95,'aminophylline',15,1,3,'prescription_details95',401,59);
INSERT INTO PRESCRIPTION VALUES (96,'amitraz',1,1,2,'prescription_details96',646,84);
INSERT INTO PRESCRIPTION VALUES (97,'amitriptyline',14,10,5,'prescription_details97',167,299);
INSERT INTO PRESCRIPTION VALUES (98,'amlodipine',7,2,5,'prescription_details98',448,231);
INSERT INTO PRESCRIPTION VALUES (99,'amoxicillin',16,13,7,'prescription_details99',261,52);
INSERT INTO PRESCRIPTION VALUES (100,'puniatozol',18,9,5,'prescription_details100',809,33);
INSERT INTO PRESCRIPTION VALUES (101,'apomorphine',18,6,5,'prescription_details101',36,125);
INSERT INTO PRESCRIPTION VALUES (102,'artificial',16,1,4,'prescription_details102',549,98);
INSERT INTO PRESCRIPTION VALUES (103,'atenolol',15,7,4,'prescription_details103',305,75);
INSERT INTO PRESCRIPTION VALUES (104,'atipamezole',3,1,3,'prescription_details104',700,5);
INSERT INTO PRESCRIPTION VALUES (105,'carprofen',11,4,3,'prescription_details105',608,305);
INSERT INTO PRESCRIPTION VALUES (106,'cefovecin',1,1,1,'prescription_details106',270,440);
INSERT INTO PRESCRIPTION VALUES (107,'cefpodoxime',16,4,4,'prescription_details107',680,44);
INSERT INTO PRESCRIPTION VALUES (108,'cephalexin',5,1,3,'prescription_details108',207,454);
INSERT INTO PRESCRIPTION VALUES (109,'ceftiofur',2,2,2,'prescription_details109',632,261);
INSERT INTO PRESCRIPTION VALUES (110,'chloral',17,4,4,'prescription_details110',217,437);
INSERT INTO PRESCRIPTION VALUES (111,'chloramphenicol',12,7,5,'prescription_details111',782,351);
INSERT INTO PRESCRIPTION VALUES (112,'cimetidine',19,14,5,'prescription_details112',253,34);
INSERT INTO PRESCRIPTION VALUES (113,'ciprofloxacin',20,3,2,'prescription_details113',773,39);
INSERT INTO PRESCRIPTION VALUES (114,'clamoxyquine',5,4,3,'prescription_details114',1,334);
INSERT INTO PRESCRIPTION VALUES (115,'clavamox',1,1,3,'prescription_details115',476,354);
INSERT INTO PRESCRIPTION VALUES (116,'clavaseptin',15,11,4,'prescription_details116',750,396);
INSERT INTO PRESCRIPTION VALUES (117,'clavulanic',12,2,2,'prescription_details117',273,198);
INSERT INTO PRESCRIPTION VALUES (118,'clenbuterol',18,5,2,'prescription_details118',735,64);
INSERT INTO PRESCRIPTION VALUES (119,'clindamycin',8,1,7,'prescription_details119',137,335);
INSERT INTO PRESCRIPTION VALUES (120,'clomipramine',17,5,1,'prescription_details120',390,319);
INSERT INTO PRESCRIPTION VALUES (121,'cyproheptadine',15,5,4,'prescription_details121',796,243);
INSERT INTO PRESCRIPTION VALUES (122,'marbofloxacin',10,1,7,'prescription_details122',618,6);
INSERT INTO PRESCRIPTION VALUES (123,'maropitant',20,3,1,'prescription_details123',523,223);
INSERT INTO PRESCRIPTION VALUES (124,'mavacoxib',6,1,2,'prescription_details124',767,24);
INSERT INTO PRESCRIPTION VALUES (125,'medetomidine',2,1,4,'prescription_details125',285,22);
INSERT INTO PRESCRIPTION VALUES (126,'meloxicam',20,18,4,'prescription_details126',331,73);
INSERT INTO PRESCRIPTION VALUES (127,'metacam',4,4,3,'prescription_details127',262,146);
INSERT INTO PRESCRIPTION VALUES (128,'methimazole',9,6,2,'prescription_details128',571,258);
INSERT INTO PRESCRIPTION VALUES (129,'metoclopramide',10,6,6,'prescription_details129',709,199);
INSERT INTO PRESCRIPTION VALUES (130,'metronidazole',13,8,7,'prescription_details130',31,76);
INSERT INTO PRESCRIPTION VALUES (131,'milbemycin',1,1,2,'prescription_details131',303,205);
INSERT INTO PRESCRIPTION VALUES (132,'mirtazapine',3,2,2,'prescription_details132',505,311);
INSERT INTO PRESCRIPTION VALUES (133,'mitratapide',13,11,2,'prescription_details133',666,104);
INSERT INTO PRESCRIPTION VALUES (134,'morphine',14,3,7,'prescription_details134',41,72);
INSERT INTO PRESCRIPTION VALUES (135,'moxifloxacin',11,7,6,'prescription_details135',684,91);
INSERT INTO PRESCRIPTION VALUES (136,'acepromazine',16,12,1,'prescription_details136',25,151);
INSERT INTO PRESCRIPTION VALUES (137,'alprazolam',1,1,3,'prescription_details137',496,290);
INSERT INTO PRESCRIPTION VALUES (138,'altrenogest',9,2,4,'prescription_details138',185,36);
INSERT INTO PRESCRIPTION VALUES (139,'amantadine',4,1,6,'prescription_details139',446,434);
INSERT INTO PRESCRIPTION VALUES (140,'aminophylline',12,3,6,'prescription_details140',122,448);
INSERT INTO PRESCRIPTION VALUES (141,'amitraz',17,14,5,'prescription_details141',763,390);
INSERT INTO PRESCRIPTION VALUES (142,'amitriptyline',4,1,5,'prescription_details142',422,267);
INSERT INTO PRESCRIPTION VALUES (143,'amlodipine',5,2,6,'prescription_details143',263,115);
INSERT INTO PRESCRIPTION VALUES (144,'amoxicillin',17,6,7,'prescription_details144',248,293);
INSERT INTO PRESCRIPTION VALUES (145,'puniatozol',17,14,4,'prescription_details145',708,178);
INSERT INTO PRESCRIPTION VALUES (146,'apomorphine',3,3,6,'prescription_details146',91,232);
INSERT INTO PRESCRIPTION VALUES (147,'artificial',10,2,1,'prescription_details147',415,105);
INSERT INTO PRESCRIPTION VALUES (148,'atenolol',8,4,3,'prescription_details148',563,468);
INSERT INTO PRESCRIPTION VALUES (149,'atipamezole',3,1,7,'prescription_details149',650,38);
INSERT INTO PRESCRIPTION VALUES (150,'carprofen',15,5,4,'prescription_details150',279,330);
INSERT INTO PRESCRIPTION VALUES (151,'cefovecin',2,2,7,'prescription_details151',35,307);
INSERT INTO PRESCRIPTION VALUES (152,'cefpodoxime',7,5,7,'prescription_details152',462,167);
INSERT INTO PRESCRIPTION VALUES (153,'cephalexin',4,2,5,'prescription_details153',236,13);
INSERT INTO PRESCRIPTION VALUES (154,'ceftiofur',18,3,5,'prescription_details154',83,210);
INSERT INTO PRESCRIPTION VALUES (155,'chloral',12,12,6,'prescription_details155',298,175);
INSERT INTO PRESCRIPTION VALUES (156,'chloramphenicol',5,1,5,'prescription_details156',31,185);
INSERT INTO PRESCRIPTION VALUES (157,'cimetidine',3,3,2,'prescription_details157',369,148);
INSERT INTO PRESCRIPTION VALUES (158,'ciprofloxacin',17,3,6,'prescription_details158',70,42);
INSERT INTO PRESCRIPTION VALUES (159,'clamoxyquine',10,4,7,'prescription_details159',288,395);
INSERT INTO PRESCRIPTION VALUES (160,'clavamox',18,8,7,'prescription_details160',776,300);
INSERT INTO PRESCRIPTION VALUES (161,'clavaseptin',15,3,5,'prescription_details161',656,43);
INSERT INTO PRESCRIPTION VALUES (162,'clavulanic',19,11,6,'prescription_details162',14,161);
INSERT INTO PRESCRIPTION VALUES (163,'clenbuterol',18,3,7,'prescription_details163',366,83);
INSERT INTO PRESCRIPTION VALUES (164,'clindamycin',13,4,2,'prescription_details164',421,66);
INSERT INTO PRESCRIPTION VALUES (165,'clomipramine',12,4,2,'prescription_details165',140,17);
INSERT INTO PRESCRIPTION VALUES (166,'cyproheptadine',20,17,5,'prescription_details166',54,99);
INSERT INTO PRESCRIPTION VALUES (167,'marbofloxacin',4,4,5,'prescription_details167',518,100);
INSERT INTO PRESCRIPTION VALUES (168,'maropitant',7,4,7,'prescription_details168',467,106);
INSERT INTO PRESCRIPTION VALUES (169,'mavacoxib',7,6,2,'prescription_details169',492,111);
INSERT INTO PRESCRIPTION VALUES (170,'medetomidine',17,2,3,'prescription_details170',378,113);
INSERT INTO PRESCRIPTION VALUES (171,'meloxicam',2,1,2,'prescription_details171',254,118);
INSERT INTO PRESCRIPTION VALUES (172,'metacam',10,10,2,'prescription_details172',230,120);
INSERT INTO PRESCRIPTION VALUES (173,'methimazole',16,12,6,'prescription_details173',519,123);
INSERT INTO PRESCRIPTION VALUES (174,'metoclopramide',5,5,2,'prescription_details174',1,139);
INSERT INTO PRESCRIPTION VALUES (175,'metronidazole',17,2,2,'prescription_details175',511,152);
INSERT INTO PRESCRIPTION VALUES (176,'milbemycin',12,1,1,'prescription_details176',642,157);
INSERT INTO PRESCRIPTION VALUES (177,'mirtazapine',14,11,3,'prescription_details177',202,163);
INSERT INTO PRESCRIPTION VALUES (178,'mitratapide',18,16,2,'prescription_details178',161,171);
INSERT INTO PRESCRIPTION VALUES (179,'morphine',14,4,2,'prescription_details179',687,173);
INSERT INTO PRESCRIPTION VALUES (180,'moxifloxacin',20,11,7,'prescription_details180',161,177);
INSERT INTO PRESCRIPTION VALUES (181,'acepromazine',13,1,6,'prescription_details181',447,195);
INSERT INTO PRESCRIPTION VALUES (182,'alprazolam',17,11,1,'prescription_details182',85,203);
INSERT INTO PRESCRIPTION VALUES (183,'altrenogest',18,17,6,'prescription_details183',126,208);
INSERT INTO PRESCRIPTION VALUES (184,'amantadine',9,4,2,'prescription_details184',330,209);
INSERT INTO PRESCRIPTION VALUES (185,'aminophylline',16,12,2,'prescription_details185',572,224);
INSERT INTO PRESCRIPTION VALUES (186,'amitraz',2,2,1,'prescription_details186',164,229);
INSERT INTO PRESCRIPTION VALUES (187,'amitriptyline',18,10,7,'prescription_details187',195,230);
INSERT INTO PRESCRIPTION VALUES (188,'amlodipine',13,11,6,'prescription_details188',139,236);
INSERT INTO PRESCRIPTION VALUES (189,'amoxicillin',8,1,1,'prescription_details189',103,241);
INSERT INTO PRESCRIPTION VALUES (190,'puniatozol',15,6,5,'prescription_details190',778,247);
INSERT INTO PRESCRIPTION VALUES (191,'apomorphine',5,2,5,'prescription_details191',106,250);
INSERT INTO PRESCRIPTION VALUES (192,'artificial',11,9,5,'prescription_details192',541,265);
INSERT INTO PRESCRIPTION VALUES (193,'atenolol',19,3,7,'prescription_details193',674,270);
INSERT INTO PRESCRIPTION VALUES (194,'atipamezole',1,1,7,'prescription_details194',687,271);
INSERT INTO PRESCRIPTION VALUES (195,'carprofen',16,11,2,'prescription_details195',339,272);
INSERT INTO PRESCRIPTION VALUES (196,'cefovecin',12,12,3,'prescription_details196',746,275);
INSERT INTO PRESCRIPTION VALUES (197,'cefpodoxime',7,3,3,'prescription_details197',129,277);
INSERT INTO PRESCRIPTION VALUES (198,'cephalexin',10,5,1,'prescription_details198',476,279);
INSERT INTO PRESCRIPTION VALUES (199,'ceftiofur',5,1,4,'prescription_details199',51,291);
INSERT INTO PRESCRIPTION VALUES (200,'chloral',1,1,7,'prescription_details200',784,292);
INSERT INTO PRESCRIPTION VALUES (201,'chloramphenicol',19,7,6,'prescription_details201',167,308);
INSERT INTO PRESCRIPTION VALUES (202,'cimetidine',10,5,6,'prescription_details202',699,323);
INSERT INTO PRESCRIPTION VALUES (203,'ciprofloxacin',16,8,1,'prescription_details203',409,324);
INSERT INTO PRESCRIPTION VALUES (204,'clamoxyquine',10,10,3,'prescription_details204',168,326);
INSERT INTO PRESCRIPTION VALUES (205,'clavamox',3,2,5,'prescription_details205',510,333);
INSERT INTO PRESCRIPTION VALUES (206,'clavaseptin',2,2,2,'prescription_details206',769,337);
INSERT INTO PRESCRIPTION VALUES (207,'clavulanic',16,7,6,'prescription_details207',573,339);
INSERT INTO PRESCRIPTION VALUES (208,'clenbuterol',10,8,7,'prescription_details208',733,361);
INSERT INTO PRESCRIPTION VALUES (209,'clindamycin',19,16,4,'prescription_details209',312,363);
INSERT INTO PRESCRIPTION VALUES (210,'clomipramine',7,2,1,'prescription_details210',668,368);
INSERT INTO PRESCRIPTION VALUES (211,'cyproheptadine',5,4,3,'prescription_details211',78,369);
INSERT INTO PRESCRIPTION VALUES (212,'marbofloxacin',5,1,5,'prescription_details212',306,372);
INSERT INTO PRESCRIPTION VALUES (213,'maropitant',1,1,3,'prescription_details213',372,373);
INSERT INTO PRESCRIPTION VALUES (214,'mavacoxib',12,1,2,'prescription_details214',388,375);
INSERT INTO PRESCRIPTION VALUES (215,'medetomidine',13,5,2,'prescription_details215',60,376);
INSERT INTO PRESCRIPTION VALUES (216,'meloxicam',12,9,6,'prescription_details216',681,378);
INSERT INTO PRESCRIPTION VALUES (217,'metacam',3,3,7,'prescription_details217',127,389);
INSERT INTO PRESCRIPTION VALUES (218,'methimazole',16,4,7,'prescription_details218',682,394);
INSERT INTO PRESCRIPTION VALUES (219,'metoclopramide',5,4,5,'prescription_details219',2,398);
INSERT INTO PRESCRIPTION VALUES (220,'metronidazole',8,4,7,'prescription_details220',346,408);
INSERT INTO PRESCRIPTION VALUES (221,'milbemycin',7,3,1,'prescription_details221',13,419);
INSERT INTO PRESCRIPTION VALUES (222,'mirtazapine',1,1,4,'prescription_details222',680,420);
INSERT INTO PRESCRIPTION VALUES (223,'mitratapide',16,5,6,'prescription_details223',638,433);
INSERT INTO PRESCRIPTION VALUES (224,'morphine',14,11,4,'prescription_details224',701,436);
INSERT INTO PRESCRIPTION VALUES (225,'moxifloxacin',17,11,6,'prescription_details225',314,446);
INSERT INTO PRESCRIPTION VALUES (226,'acepromazine',13,5,1,'prescription_details226',521,451);
INSERT INTO PRESCRIPTION VALUES (227,'alprazolam',5,5,1,'prescription_details227',378,459);
INSERT INTO PRESCRIPTION VALUES (228,'altrenogest',13,4,4,'prescription_details228',591,462);
INSERT INTO PRESCRIPTION VALUES (229,'amantadine',12,3,2,'prescription_details229',126,470);
INSERT INTO PRESCRIPTION VALUES (230,'aminophylline',7,2,3,'prescription_details230',516,472);
INSERT INTO PRESCRIPTION VALUES (231,'amitraz',15,9,3,'prescription_details231',413,473);
INSERT INTO PRESCRIPTION VALUES (232,'amitriptyline',20,7,7,'prescription_details232',161,474);
INSERT INTO PRESCRIPTION VALUES (233,'amlodipine',3,2,7,'prescription_details233',682,477);
INSERT INTO PRESCRIPTION VALUES (234,'amoxicillin',18,2,5,'prescription_details234',514,481);
INSERT INTO PRESCRIPTION VALUES (235,'puniatozol',9,2,3,'prescription_details235',572,483);
INSERT INTO PRESCRIPTION VALUES (236,'apomorphine',20,4,4,'prescription_details236',50,61);
INSERT INTO PRESCRIPTION VALUES (237,'artificial',5,5,3,'prescription_details237',480,109);
INSERT INTO PRESCRIPTION VALUES (238,'atenolol',18,11,4,'prescription_details238',97,207);
INSERT INTO PRESCRIPTION VALUES (239,'atipamezole',19,13,2,'prescription_details239',51,471);
INSERT INTO PRESCRIPTION VALUES (240,'carprofen',19,3,5,'prescription_details240',208,352);
INSERT INTO PRESCRIPTION VALUES (241,'cefovecin',2,2,6,'prescription_details241',229,329);
INSERT INTO PRESCRIPTION VALUES (242,'cefpodoxime',10,9,1,'prescription_details242',248,465);
INSERT INTO PRESCRIPTION VALUES (243,'cephalexin',14,10,3,'prescription_details243',67,374);
INSERT INTO PRESCRIPTION VALUES (244,'ceftiofur',10,7,4,'prescription_details244',506,12);
INSERT INTO PRESCRIPTION VALUES (245,'chloral',2,2,4,'prescription_details245',746,101);
INSERT INTO PRESCRIPTION VALUES (246,'chloramphenicol',15,15,4,'prescription_details246',3,479);
INSERT INTO PRESCRIPTION VALUES (247,'cimetidine',18,8,5,'prescription_details247',451,244);
INSERT INTO PRESCRIPTION VALUES (248,'ciprofloxacin',17,6,7,'prescription_details248',729,184);
INSERT INTO PRESCRIPTION VALUES (249,'clamoxyquine',14,14,2,'prescription_details249',809,235);
INSERT INTO PRESCRIPTION VALUES (250,'clavamox',20,18,3,'prescription_details250',142,482);
INSERT INTO PRESCRIPTION VALUES (251,'clavaseptin',11,2,2,'prescription_details251',25,107);
INSERT INTO PRESCRIPTION VALUES (252,'clavulanic',14,14,5,'prescription_details252',90,309);
INSERT INTO PRESCRIPTION VALUES (253,'clenbuterol',10,6,1,'prescription_details253',102,99);
INSERT INTO PRESCRIPTION VALUES (254,'clindamycin',8,1,2,'prescription_details254',233,100);
INSERT INTO PRESCRIPTION VALUES (255,'clomipramine',3,3,7,'prescription_details255',666,106);
INSERT INTO PRESCRIPTION VALUES (256,'cyproheptadine',6,5,7,'prescription_details256',284,111);
INSERT INTO PRESCRIPTION VALUES (257,'marbofloxacin',9,3,3,'prescription_details257',486,113);
INSERT INTO PRESCRIPTION VALUES (258,'maropitant',7,1,5,'prescription_details258',100,118);
INSERT INTO PRESCRIPTION VALUES (259,'mavacoxib',18,12,1,'prescription_details259',549,120);
INSERT INTO PRESCRIPTION VALUES (260,'medetomidine',11,1,6,'prescription_details260',6,123);
INSERT INTO PRESCRIPTION VALUES (261,'meloxicam',15,12,2,'prescription_details261',687,139);
INSERT INTO PRESCRIPTION VALUES (262,'metacam',14,11,3,'prescription_details262',514,152);
INSERT INTO PRESCRIPTION VALUES (263,'methimazole',1,1,4,'prescription_details263',124,157);
INSERT INTO PRESCRIPTION VALUES (264,'metoclopramide',3,3,2,'prescription_details264',551,163);
INSERT INTO PRESCRIPTION VALUES (265,'metronidazole',19,6,2,'prescription_details265',604,171);
INSERT INTO PRESCRIPTION VALUES (266,'milbemycin',18,5,2,'prescription_details266',345,173);
INSERT INTO PRESCRIPTION VALUES (267,'mirtazapine',15,7,3,'prescription_details267',68,177);
INSERT INTO PRESCRIPTION VALUES (268,'mitratapide',14,14,3,'prescription_details268',188,195);
INSERT INTO PRESCRIPTION VALUES (269,'morphine',6,6,4,'prescription_details269',757,203);
INSERT INTO PRESCRIPTION VALUES (270,'moxifloxacin',9,8,6,'prescription_details270',396,208);
INSERT INTO PRESCRIPTION VALUES (271,'acepromazine',17,15,5,'prescription_details271',717,209);
INSERT INTO PRESCRIPTION VALUES (272,'alprazolam',19,4,6,'prescription_details272',484,224);
INSERT INTO PRESCRIPTION VALUES (273,'altrenogest',20,11,4,'prescription_details273',792,229);
INSERT INTO PRESCRIPTION VALUES (274,'amantadine',12,4,6,'prescription_details274',140,230);
INSERT INTO PRESCRIPTION VALUES (275,'aminophylline',6,6,1,'prescription_details275',345,236);
INSERT INTO PRESCRIPTION VALUES (276,'amitraz',7,7,1,'prescription_details276',29,241);
INSERT INTO PRESCRIPTION VALUES (277,'amitriptyline',19,19,1,'prescription_details277',216,247);
INSERT INTO PRESCRIPTION VALUES (278,'amlodipine',16,11,3,'prescription_details278',46,250);
INSERT INTO PRESCRIPTION VALUES (279,'amoxicillin',19,8,5,'prescription_details279',48,265);
INSERT INTO PRESCRIPTION VALUES (280,'puniatozol',3,3,6,'prescription_details280',735,270);
INSERT INTO PRESCRIPTION VALUES (281,'apomorphine',11,7,5,'prescription_details281',153,271);
INSERT INTO PRESCRIPTION VALUES (282,'artificial',7,7,3,'prescription_details282',756,272);
INSERT INTO PRESCRIPTION VALUES (283,'atenolol',7,3,2,'prescription_details283',304,275);
INSERT INTO PRESCRIPTION VALUES (284,'atipamezole',5,3,6,'prescription_details284',99,277);
INSERT INTO PRESCRIPTION VALUES (285,'carprofen',9,6,6,'prescription_details285',243,279);
INSERT INTO PRESCRIPTION VALUES (286,'cefovecin',8,6,1,'prescription_details286',238,291);
INSERT INTO PRESCRIPTION VALUES (287,'cefpodoxime',6,6,7,'prescription_details287',410,292);
INSERT INTO PRESCRIPTION VALUES (288,'cephalexin',6,4,2,'prescription_details288',762,308);
INSERT INTO PRESCRIPTION VALUES (289,'ceftiofur',11,8,3,'prescription_details289',765,323);
INSERT INTO PRESCRIPTION VALUES (290,'chloral',9,3,6,'prescription_details290',550,324);
INSERT INTO PRESCRIPTION VALUES (291,'chloramphenicol',2,1,1,'prescription_details291',807,326);
INSERT INTO PRESCRIPTION VALUES (292,'cimetidine',1,1,6,'prescription_details292',348,333);
INSERT INTO PRESCRIPTION VALUES (293,'ciprofloxacin',13,5,1,'prescription_details293',155,337);
INSERT INTO PRESCRIPTION VALUES (294,'clamoxyquine',14,3,4,'prescription_details294',682,339);
INSERT INTO PRESCRIPTION VALUES (295,'clavamox',12,10,2,'prescription_details295',21,361);
INSERT INTO PRESCRIPTION VALUES (296,'clavaseptin',1,1,3,'prescription_details296',652,363);
INSERT INTO PRESCRIPTION VALUES (297,'clavulanic',15,14,3,'prescription_details297',678,368);
INSERT INTO PRESCRIPTION VALUES (298,'clenbuterol',5,5,3,'prescription_details298',239,369);
INSERT INTO PRESCRIPTION VALUES (299,'clindamycin',1,1,2,'prescription_details299',136,372);
INSERT INTO PRESCRIPTION VALUES (300,'clomipramine',11,1,6,'prescription_details300',607,373);
INSERT INTO PRESCRIPTION VALUES (301,'cyproheptadine',14,11,2,'prescription_details301',260,375);
INSERT INTO PRESCRIPTION VALUES (302,'marbofloxacin',13,13,7,'prescription_details302',466,376);
INSERT INTO PRESCRIPTION VALUES (303,'maropitant',9,1,5,'prescription_details303',590,378);
INSERT INTO PRESCRIPTION VALUES (304,'mavacoxib',11,7,5,'prescription_details304',246,389);
INSERT INTO PRESCRIPTION VALUES (305,'medetomidine',13,1,7,'prescription_details305',231,394);
INSERT INTO PRESCRIPTION VALUES (306,'meloxicam',17,4,7,'prescription_details306',597,398);
INSERT INTO PRESCRIPTION VALUES (307,'metacam',18,4,3,'prescription_details307',730,408);
INSERT INTO PRESCRIPTION VALUES (308,'methimazole',12,1,7,'prescription_details308',374,419);
INSERT INTO PRESCRIPTION VALUES (309,'metoclopramide',7,4,3,'prescription_details309',660,420);
INSERT INTO PRESCRIPTION VALUES (310,'metronidazole',5,5,4,'prescription_details310',590,433);
INSERT INTO PRESCRIPTION VALUES (311,'milbemycin',2,2,1,'prescription_details311',104,436);
INSERT INTO PRESCRIPTION VALUES (312,'mirtazapine',20,6,4,'prescription_details312',487,446);
INSERT INTO PRESCRIPTION VALUES (313,'mitratapide',9,3,7,'prescription_details313',733,451);
INSERT INTO PRESCRIPTION VALUES (314,'morphine',13,5,4,'prescription_details314',575,459);
INSERT INTO PRESCRIPTION VALUES (315,'moxifloxacin',19,6,4,'prescription_details315',622,462);
INSERT INTO PRESCRIPTION VALUES (316,'acepromazine',20,17,7,'prescription_details316',561,470);
INSERT INTO PRESCRIPTION VALUES (317,'alprazolam',10,3,3,'prescription_details317',11,472);
INSERT INTO PRESCRIPTION VALUES (318,'altrenogest',9,3,5,'prescription_details318',458,473);
INSERT INTO PRESCRIPTION VALUES (319,'amantadine',19,6,5,'prescription_details319',286,474);
INSERT INTO PRESCRIPTION VALUES (320,'aminophylline',4,4,7,'prescription_details320',668,477);
INSERT INTO PRESCRIPTION VALUES (321,'amitraz',11,10,2,'prescription_details321',595,481);
INSERT INTO PRESCRIPTION VALUES (322,'amitriptyline',15,10,5,'prescription_details322',65,483);
INSERT INTO PRESCRIPTION VALUES (323,'amlodipine',6,1,2,'prescription_details323',320,117);
INSERT INTO PRESCRIPTION VALUES (324,'amoxicillin',6,3,5,'prescription_details324',273,358);
INSERT INTO PRESCRIPTION VALUES (325,'puniatozol',11,4,1,'prescription_details325',198,469);
INSERT INTO PRESCRIPTION VALUES (326,'apomorphine',19,17,5,'prescription_details326',288,466);
INSERT INTO PRESCRIPTION VALUES (327,'artificial',12,6,4,'prescription_details327',214,179);
INSERT INTO PRESCRIPTION VALUES (328,'atenolol',15,3,2,'prescription_details328',167,143);
INSERT INTO PRESCRIPTION VALUES (329,'atipamezole',11,10,7,'prescription_details329',783,273);
INSERT INTO PRESCRIPTION VALUES (330,'carprofen',15,3,6,'prescription_details330',580,410);
INSERT INTO PRESCRIPTION VALUES (331,'cefovecin',14,9,3,'prescription_details331',164,176);
INSERT INTO PRESCRIPTION VALUES (332,'cefpodoxime',8,1,2,'prescription_details332',112,480);
INSERT INTO PRESCRIPTION VALUES (333,'cephalexin',4,1,6,'prescription_details333',138,30);
INSERT INTO PRESCRIPTION VALUES (334,'ceftiofur',4,3,5,'prescription_details334',760,355);
INSERT INTO PRESCRIPTION VALUES (335,'chloral',12,7,2,'prescription_details335',217,129);
INSERT INTO PRESCRIPTION VALUES (336,'chloramphenicol',6,2,3,'prescription_details336',419,47);
INSERT INTO PRESCRIPTION VALUES (337,'cimetidine',20,8,1,'prescription_details337',780,201);
INSERT INTO PRESCRIPTION VALUES (338,'ciprofloxacin',10,8,1,'prescription_details338',752,406);
INSERT INTO PRESCRIPTION VALUES (339,'clamoxyquine',4,2,3,'prescription_details339',416,45);
INSERT INTO PRESCRIPTION VALUES (340,'clavamox',7,6,7,'prescription_details340',622,57);
INSERT INTO PRESCRIPTION VALUES (341,'clavaseptin',13,2,3,'prescription_details341',210,431);
INSERT INTO PRESCRIPTION VALUES (342,'clavulanic',10,7,5,'prescription_details342',135,421);
INSERT INTO PRESCRIPTION VALUES (343,'clenbuterol',5,5,7,'prescription_details343',200,328);
INSERT INTO PRESCRIPTION VALUES (344,'clindamycin',18,1,2,'prescription_details344',671,174);
INSERT INTO PRESCRIPTION VALUES (345,'clomipramine',12,5,1,'prescription_details345',572,338);
INSERT INTO PRESCRIPTION VALUES (346,'cyproheptadine',11,11,4,'prescription_details346',264,249);
INSERT INTO PRESCRIPTION VALUES (347,'marbofloxacin',18,17,1,'prescription_details347',312,431);
INSERT INTO PRESCRIPTION VALUES (348,'maropitant',18,16,6,'prescription_details348',629,357);
INSERT INTO PRESCRIPTION VALUES (349,'mavacoxib',15,7,3,'prescription_details349',574,405);
INSERT INTO PRESCRIPTION VALUES (350,'medetomidine',16,12,1,'prescription_details350',158,413);
INSERT INTO PRESCRIPTION VALUES (351,'meloxicam',6,5,3,'prescription_details351',278,254);
INSERT INTO PRESCRIPTION VALUES (352,'metacam',3,2,2,'prescription_details352',465,282);
INSERT INTO PRESCRIPTION VALUES (353,'methimazole',6,6,3,'prescription_details353',416,274);
INSERT INTO PRESCRIPTION VALUES (354,'metoclopramide',4,2,7,'prescription_details354',134,37);
INSERT INTO PRESCRIPTION VALUES (355,'metronidazole',1,1,5,'prescription_details355',130,15);
INSERT INTO PRESCRIPTION VALUES (356,'milbemycin',3,2,1,'prescription_details356',147,226);
INSERT INTO PRESCRIPTION VALUES (357,'mirtazapine',12,6,5,'prescription_details357',724,466);
INSERT INTO PRESCRIPTION VALUES (358,'mitratapide',11,5,5,'prescription_details358',137,240);
INSERT INTO PRESCRIPTION VALUES (359,'morphine',15,11,4,'prescription_details359',297,145);
INSERT INTO PRESCRIPTION VALUES (360,'moxifloxacin',17,7,1,'prescription_details360',599,63);
INSERT INTO PRESCRIPTION VALUES (361,'acepromazine',14,11,7,'prescription_details361',804,60);
INSERT INTO PRESCRIPTION VALUES (362,'alprazolam',14,3,5,'prescription_details362',729,410);
INSERT INTO PRESCRIPTION VALUES (363,'altrenogest',18,15,4,'prescription_details363',730,429);
INSERT INTO PRESCRIPTION VALUES (364,'amantadine',16,11,1,'prescription_details364',315,60);
INSERT INTO PRESCRIPTION VALUES (365,'aminophylline',12,8,3,'prescription_details365',71,416);
INSERT INTO PRESCRIPTION VALUES (366,'amitraz',1,1,2,'prescription_details366',290,193);
INSERT INTO PRESCRIPTION VALUES (367,'amitriptyline',1,1,7,'prescription_details367',232,103);
INSERT INTO PRESCRIPTION VALUES (368,'amlodipine',19,2,3,'prescription_details368',724,187);
INSERT INTO PRESCRIPTION VALUES (369,'amoxicillin',5,4,3,'prescription_details369',611,142);
INSERT INTO PRESCRIPTION VALUES (370,'puniatozol',1,1,6,'prescription_details370',69,382);
INSERT INTO PRESCRIPTION VALUES (371,'apomorphine',14,4,1,'prescription_details371',573,21);
INSERT INTO PRESCRIPTION VALUES (372,'artificial',11,7,6,'prescription_details372',259,114);
INSERT INTO PRESCRIPTION VALUES (373,'atenolol',10,7,6,'prescription_details373',779,249);
INSERT INTO PRESCRIPTION VALUES (374,'atipamezole',9,5,1,'prescription_details374',581,143);
INSERT INTO PRESCRIPTION VALUES (375,'carprofen',17,7,4,'prescription_details375',67,132);
INSERT INTO PRESCRIPTION VALUES (376,'cefovecin',14,6,5,'prescription_details376',671,153);
INSERT INTO PRESCRIPTION VALUES (377,'cefpodoxime',4,4,5,'prescription_details377',616,8);
INSERT INTO PRESCRIPTION VALUES (378,'cephalexin',9,5,4,'prescription_details378',240,266);
INSERT INTO PRESCRIPTION VALUES (379,'ceftiofur',11,9,5,'prescription_details379',344,237);
INSERT INTO PRESCRIPTION VALUES (380,'chloral',10,10,6,'prescription_details380',220,285);
INSERT INTO PRESCRIPTION VALUES (381,'chloramphenicol',13,5,6,'prescription_details381',555,360);
INSERT INTO PRESCRIPTION VALUES (382,'cimetidine',19,5,6,'prescription_details382',425,187);
INSERT INTO PRESCRIPTION VALUES (383,'ciprofloxacin',10,8,5,'prescription_details383',774,274);
INSERT INTO PRESCRIPTION VALUES (384,'clamoxyquine',7,4,3,'prescription_details384',556,260);
INSERT INTO PRESCRIPTION VALUES (385,'clavamox',11,6,4,'prescription_details385',160,341);
INSERT INTO PRESCRIPTION VALUES (386,'clavaseptin',7,3,7,'prescription_details386',809,218);
INSERT INTO PRESCRIPTION VALUES (387,'clavulanic',14,8,6,'prescription_details387',114,218);
INSERT INTO PRESCRIPTION VALUES (388,'clenbuterol',11,11,4,'prescription_details388',409,132);
INSERT INTO PRESCRIPTION VALUES (389,'clindamycin',5,5,7,'prescription_details389',443,8);
INSERT INTO PRESCRIPTION VALUES (390,'clomipramine',12,2,5,'prescription_details390',109,387);
INSERT INTO PRESCRIPTION VALUES (391,'cyproheptadine',3,3,2,'prescription_details391',159,142);
INSERT INTO PRESCRIPTION VALUES (392,'marbofloxacin',18,17,2,'prescription_details392',133,7);
INSERT INTO PRESCRIPTION VALUES (393,'maropitant',12,4,7,'prescription_details393',23,382);
INSERT INTO PRESCRIPTION VALUES (394,'mavacoxib',13,10,5,'prescription_details394',99,63);
INSERT INTO PRESCRIPTION VALUES (395,'medetomidine',3,3,7,'prescription_details395',31,21);
INSERT INTO PRESCRIPTION VALUES (396,'meloxicam',19,18,3,'prescription_details396',696,371);
INSERT INTO PRESCRIPTION VALUES (397,'metacam',2,1,3,'prescription_details397',793,216);
INSERT INTO PRESCRIPTION VALUES (398,'methimazole',13,6,6,'prescription_details398',10,201);
INSERT INTO PRESCRIPTION VALUES (399,'metoclopramide',11,4,6,'prescription_details399',724,476);
INSERT INTO PRESCRIPTION VALUES (400,'metronidazole',7,2,4,'prescription_details400',305,357);
INSERT INTO PRESCRIPTION VALUES (401,'milbemycin',16,5,7,'prescription_details401',542,147);
INSERT INTO PRESCRIPTION VALUES (402,'mirtazapine',9,3,7,'prescription_details402',717,126);
INSERT INTO PRESCRIPTION VALUES (403,'mitratapide',2,2,2,'prescription_details403',106,346);
INSERT INTO PRESCRIPTION VALUES (404,'morphine',2,1,3,'prescription_details404',416,130);
INSERT INTO PRESCRIPTION VALUES (405,'moxifloxacin',18,5,1,'prescription_details405',743,294);
INSERT INTO PRESCRIPTION VALUES (406,'acepromazine',12,5,2,'prescription_details406',270,252);
INSERT INTO PRESCRIPTION VALUES (407,'alprazolam',15,14,2,'prescription_details407',515,379);
INSERT INTO PRESCRIPTION VALUES (408,'altrenogest',17,13,4,'prescription_details408',48,476);
INSERT INTO PRESCRIPTION VALUES (409,'amantadine',16,11,1,'prescription_details409',693,447);
INSERT INTO PRESCRIPTION VALUES (410,'aminophylline',3,2,7,'prescription_details410',508,215);
INSERT INTO PRESCRIPTION VALUES (411,'amitraz',3,3,3,'prescription_details411',264,164);
INSERT INTO PRESCRIPTION VALUES (412,'amitriptyline',12,5,7,'prescription_details412',370,447);
INSERT INTO PRESCRIPTION VALUES (413,'amlodipine',8,6,5,'prescription_details413',334,262);
INSERT INTO PRESCRIPTION VALUES (414,'amoxicillin',7,3,6,'prescription_details414',270,438);
INSERT INTO PRESCRIPTION VALUES (415,'puniatozol',7,2,6,'prescription_details415',365,401);
INSERT INTO PRESCRIPTION VALUES (416,'apomorphine',12,3,4,'prescription_details416',224,50);
INSERT INTO PRESCRIPTION VALUES (417,'artificial',19,19,5,'prescription_details417',404,117);
INSERT INTO PRESCRIPTION VALUES (418,'atenolol',12,4,6,'prescription_details418',44,137);
INSERT INTO PRESCRIPTION VALUES (419,'atipamezole',10,6,4,'prescription_details419',1,129);
INSERT INTO PRESCRIPTION VALUES (420,'carprofen',8,3,3,'prescription_details420',395,257);
INSERT INTO PRESCRIPTION VALUES (421,'cefovecin',8,3,3,'prescription_details421',808,416);
INSERT INTO PRESCRIPTION VALUES (422,'cefpodoxime',3,3,4,'prescription_details422',249,57);
INSERT INTO PRESCRIPTION VALUES (423,'cephalexin',9,2,7,'prescription_details423',357,355);
INSERT INTO PRESCRIPTION VALUES (424,'ceftiofur',18,1,6,'prescription_details424',216,145);
INSERT INTO PRESCRIPTION VALUES (425,'chloral',13,1,7,'prescription_details425',482,239);
INSERT INTO PRESCRIPTION VALUES (426,'chloramphenicol',9,5,6,'prescription_details426',725,252);
INSERT INTO PRESCRIPTION VALUES (427,'cimetidine',3,2,4,'prescription_details427',609,406);
INSERT INTO PRESCRIPTION VALUES (428,'ciprofloxacin',20,4,3,'prescription_details428',215,131);
INSERT INTO PRESCRIPTION VALUES (429,'clamoxyquine',4,2,3,'prescription_details429',288,439);
INSERT INTO PRESCRIPTION VALUES (430,'clavamox',20,15,4,'prescription_details430',778,153);
INSERT INTO PRESCRIPTION VALUES (431,'clavaseptin',2,1,3,'prescription_details431',5,294);
INSERT INTO PRESCRIPTION VALUES (432,'clavulanic',12,1,5,'prescription_details432',664,131);
INSERT INTO PRESCRIPTION VALUES (433,'clenbuterol',10,1,4,'prescription_details433',157,114);
INSERT INTO PRESCRIPTION VALUES (434,'clindamycin',2,2,1,'prescription_details434',550,487);
INSERT INTO PRESCRIPTION VALUES (435,'clomipramine',17,7,7,'prescription_details435',530,456);
INSERT INTO PRESCRIPTION VALUES (436,'cyproheptadine',4,1,6,'prescription_details436',93,412);
INSERT INTO PRESCRIPTION VALUES (437,'marbofloxacin',19,14,1,'prescription_details437',322,328);
INSERT INTO PRESCRIPTION VALUES (438,'maropitant',8,5,2,'prescription_details438',73,96);
INSERT INTO PRESCRIPTION VALUES (439,'mavacoxib',11,11,2,'prescription_details439',146,189);
INSERT INTO PRESCRIPTION VALUES (440,'medetomidine',12,10,6,'prescription_details440',345,248);
INSERT INTO PRESCRIPTION VALUES (441,'meloxicam',9,3,5,'prescription_details441',225,47);
INSERT INTO PRESCRIPTION VALUES (442,'metacam',8,5,3,'prescription_details442',669,438);
INSERT INTO PRESCRIPTION VALUES (443,'methimazole',6,1,3,'prescription_details443',15,190);
INSERT INTO PRESCRIPTION VALUES (444,'metoclopramide',7,3,4,'prescription_details444',479,273);
INSERT INTO PRESCRIPTION VALUES (445,'metronidazole',20,5,5,'prescription_details445',714,402);
INSERT INTO PRESCRIPTION VALUES (446,'milbemycin',17,17,2,'prescription_details446',13,248);
INSERT INTO PRESCRIPTION VALUES (447,'mirtazapine',11,11,3,'prescription_details447',650,400);
INSERT INTO PRESCRIPTION VALUES (448,'mitratapide',10,5,4,'prescription_details448',330,124);
INSERT INTO PRESCRIPTION VALUES (449,'morphine',1,1,4,'prescription_details449',237,215);
INSERT INTO PRESCRIPTION VALUES (450,'moxifloxacin',11,11,2,'prescription_details450',782,54);
INSERT INTO PRESCRIPTION VALUES (451,'acepromazine',7,4,3,'prescription_details451',637,135);
INSERT INTO PRESCRIPTION VALUES (452,'alprazolam',13,3,5,'prescription_details452',205,164);
INSERT INTO PRESCRIPTION VALUES (453,'altrenogest',6,4,3,'prescription_details453',666,450);
INSERT INTO PRESCRIPTION VALUES (454,'amantadine',19,14,5,'prescription_details454',130,359);
INSERT INTO PRESCRIPTION VALUES (455,'aminophylline',18,9,6,'prescription_details455',544,162);
INSERT INTO PRESCRIPTION VALUES (456,'amitraz',19,2,1,'prescription_details456',243,280);
INSERT INTO PRESCRIPTION VALUES (457,'amitriptyline',19,2,7,'prescription_details457',435,310);
INSERT INTO PRESCRIPTION VALUES (458,'amlodipine',14,1,6,'prescription_details458',372,119);
INSERT INTO PRESCRIPTION VALUES (459,'amoxicillin',18,18,5,'prescription_details459',798,310);
INSERT INTO PRESCRIPTION VALUES (460,'puniatozol',4,1,1,'prescription_details460',224,126);
INSERT INTO PRESCRIPTION VALUES (461,'apomorphine',2,1,7,'prescription_details461',592,418);
INSERT INTO PRESCRIPTION VALUES (462,'artificial',16,10,5,'prescription_details462',356,124);
INSERT INTO PRESCRIPTION VALUES (463,'atenolol',16,11,4,'prescription_details463',378,346);
INSERT INTO PRESCRIPTION VALUES (464,'atipamezole',19,9,7,'prescription_details464',126,15);
INSERT INTO PRESCRIPTION VALUES (465,'carprofen',5,5,4,'prescription_details465',333,280);
INSERT INTO PRESCRIPTION VALUES (466,'cefovecin',12,5,7,'prescription_details466',260,276);
INSERT INTO PRESCRIPTION VALUES (467,'cefpodoxime',19,3,7,'prescription_details467',484,174);
INSERT INTO PRESCRIPTION VALUES (468,'cephalexin',20,13,7,'prescription_details468',271,421);
INSERT INTO PRESCRIPTION VALUES (469,'ceftiofur',17,1,1,'prescription_details469',509,282);
INSERT INTO PRESCRIPTION VALUES (470,'chloral',1,1,1,'prescription_details470',452,25);
INSERT INTO PRESCRIPTION VALUES (471,'chloramphenicol',8,1,2,'prescription_details471',718,400);
INSERT INTO PRESCRIPTION VALUES (472,'cimetidine',16,15,1,'prescription_details472',783,262);
INSERT INTO PRESCRIPTION VALUES (473,'ciprofloxacin',10,3,2,'prescription_details473',279,85);
INSERT INTO PRESCRIPTION VALUES (474,'clamoxyquine',15,15,6,'prescription_details474',667,371);
INSERT INTO PRESCRIPTION VALUES (475,'clavamox',12,4,5,'prescription_details475',523,312);
INSERT INTO PRESCRIPTION VALUES (476,'clavaseptin',15,14,7,'prescription_details476',299,413);
INSERT INTO PRESCRIPTION VALUES (477,'clavulanic',5,3,7,'prescription_details477',85,327);
INSERT INTO PRESCRIPTION VALUES (478,'clenbuterol',7,3,5,'prescription_details478',571,403);
INSERT INTO PRESCRIPTION VALUES (479,'clindamycin',19,12,3,'prescription_details479',297,137);
INSERT INTO PRESCRIPTION VALUES (480,'clomipramine',19,10,6,'prescription_details480',579,30);
INSERT INTO PRESCRIPTION VALUES (481,'cyproheptadine',16,14,5,'prescription_details481',794,450);
INSERT INTO PRESCRIPTION VALUES (482,'marbofloxacin',3,3,3,'prescription_details482',402,238);
INSERT INTO PRESCRIPTION VALUES (483,'maropitant',19,15,1,'prescription_details483',554,159);
INSERT INTO PRESCRIPTION VALUES (484,'mavacoxib',11,8,6,'prescription_details484',754,379);
INSERT INTO PRESCRIPTION VALUES (485,'medetomidine',1,1,6,'prescription_details485',172,312);
INSERT INTO PRESCRIPTION VALUES (486,'meloxicam',1,1,7,'prescription_details486',645,405);
INSERT INTO PRESCRIPTION VALUES (487,'metacam',9,4,4,'prescription_details487',394,306);
INSERT INTO PRESCRIPTION VALUES (488,'methimazole',18,7,4,'prescription_details488',644,233);
INSERT INTO PRESCRIPTION VALUES (489,'metoclopramide',8,2,3,'prescription_details489',315,85);
INSERT INTO PRESCRIPTION VALUES (490,'metronidazole',7,6,1,'prescription_details490',343,176);
INSERT INTO PRESCRIPTION VALUES (491,'milbemycin',11,9,4,'prescription_details491',16,403);
INSERT INTO PRESCRIPTION VALUES (492,'mirtazapine',17,3,6,'prescription_details492',456,360);
INSERT INTO PRESCRIPTION VALUES (493,'mitratapide',9,4,1,'prescription_details493',209,429);
INSERT INTO PRESCRIPTION VALUES (494,'morphine',15,7,7,'prescription_details494',365,46);
INSERT INTO PRESCRIPTION VALUES (495,'moxifloxacin',4,3,3,'prescription_details495',252,240);
INSERT INTO PRESCRIPTION VALUES (496,'acepromazine',5,5,3,'prescription_details496',664,237);
INSERT INTO PRESCRIPTION VALUES (497,'alprazolam',6,1,4,'prescription_details497',216,162);
INSERT INTO PRESCRIPTION VALUES (498,'altrenogest',1,1,6,'prescription_details498',309,384);
INSERT INTO PRESCRIPTION VALUES (499,'amantadine',17,5,2,'prescription_details499',66,268);
INSERT INTO PRESCRIPTION VALUES (500,'aminophylline',15,6,4,'prescription_details500',5,341);
INSERT INTO PRESCRIPTION VALUES (501,'amitraz',19,17,1,'prescription_details501',432,276);
INSERT INTO PRESCRIPTION VALUES (502,'amitriptyline',15,9,5,'prescription_details502',789,193);
INSERT INTO PRESCRIPTION VALUES (503,'amlodipine',19,14,5,'prescription_details503',213,257);
INSERT INTO PRESCRIPTION VALUES (504,'amoxicillin',1,1,4,'prescription_details504',793,391);
INSERT INTO PRESCRIPTION VALUES (505,'puniatozol',17,1,7,'prescription_details505',784,103);
INSERT INTO PRESCRIPTION VALUES (506,'apomorphine',4,4,6,'prescription_details506',670,7);
INSERT INTO PRESCRIPTION VALUES (507,'artificial',14,10,4,'prescription_details507',61,190);
INSERT INTO PRESCRIPTION VALUES (508,'atenolol',20,2,4,'prescription_details508',340,119);
INSERT INTO PRESCRIPTION VALUES (509,'atipamezole',5,4,3,'prescription_details509',527,439);
INSERT INTO PRESCRIPTION VALUES (510,'carprofen',5,4,2,'prescription_details510',238,50);
INSERT INTO PRESCRIPTION VALUES (511,'cefovecin',1,1,7,'prescription_details511',786,196);
INSERT INTO PRESCRIPTION VALUES (512,'cefpodoxime',13,11,2,'prescription_details512',395,144);
INSERT INTO PRESCRIPTION VALUES (513,'cephalexin',20,13,6,'prescription_details513',334,391);
INSERT INTO PRESCRIPTION VALUES (514,'ceftiofur',12,4,4,'prescription_details514',123,25);
INSERT INTO PRESCRIPTION VALUES (515,'chloral',19,5,3,'prescription_details515',468,260);
INSERT INTO PRESCRIPTION VALUES (516,'chloramphenicol',11,1,6,'prescription_details516',82,144);
INSERT INTO PRESCRIPTION VALUES (517,'cimetidine',3,1,7,'prescription_details517',766,159);
INSERT INTO PRESCRIPTION VALUES (518,'ciprofloxacin',2,1,4,'prescription_details518',94,285);
INSERT INTO PRESCRIPTION VALUES (519,'clamoxyquine',19,8,6,'prescription_details519',105,226);
INSERT INTO PRESCRIPTION VALUES (520,'clavamox',12,6,4,'prescription_details520',112,45);
INSERT INTO PRESCRIPTION VALUES (521,'clavaseptin',2,1,6,'prescription_details521',492,233);
INSERT INTO PRESCRIPTION VALUES (522,'clavulanic',5,2,6,'prescription_details522',640,445);
INSERT INTO PRESCRIPTION VALUES (523,'clenbuterol',8,7,2,'prescription_details523',470,268);
INSERT INTO PRESCRIPTION VALUES (524,'clindamycin',7,6,2,'prescription_details524',319,456);
INSERT INTO PRESCRIPTION VALUES (525,'clomipramine',19,9,4,'prescription_details525',377,487);
INSERT INTO PRESCRIPTION VALUES (526,'cyproheptadine',17,17,7,'prescription_details526',681,384);
INSERT INTO PRESCRIPTION VALUES (527,'marbofloxacin',8,3,3,'prescription_details527',237,239);
INSERT INTO PRESCRIPTION VALUES (528,'maropitant',18,10,3,'prescription_details528',205,37);
INSERT INTO PRESCRIPTION VALUES (529,'mavacoxib',18,14,4,'prescription_details529',361,189);
INSERT INTO PRESCRIPTION VALUES (530,'medetomidine',8,8,5,'prescription_details530',594,445);
INSERT INTO PRESCRIPTION VALUES (531,'meloxicam',2,1,2,'prescription_details531',681,387);
INSERT INTO PRESCRIPTION VALUES (532,'metacam',7,6,6,'prescription_details532',672,147);
INSERT INTO PRESCRIPTION VALUES (533,'methimazole',10,4,4,'prescription_details533',585,54);
INSERT INTO PRESCRIPTION VALUES (534,'metoclopramide',15,7,3,'prescription_details534',231,327);
INSERT INTO PRESCRIPTION VALUES (535,'metronidazole',2,2,1,'prescription_details535',711,338);
INSERT INTO PRESCRIPTION VALUES (536,'milbemycin',5,4,5,'prescription_details536',460,365);
INSERT INTO PRESCRIPTION VALUES (537,'mirtazapine',4,3,7,'prescription_details537',689,401);
INSERT INTO PRESCRIPTION VALUES (538,'mitratapide',14,4,6,'prescription_details538',499,358);
INSERT INTO PRESCRIPTION VALUES (539,'morphine',10,3,3,'prescription_details539',61,306);
INSERT INTO PRESCRIPTION VALUES (540,'moxifloxacin',10,7,2,'prescription_details540',405,266);
INSERT INTO PRESCRIPTION VALUES (541,'acepromazine',19,16,1,'prescription_details541',763,402);
INSERT INTO PRESCRIPTION VALUES (542,'alprazolam',6,6,1,'prescription_details542',736,135);
INSERT INTO PRESCRIPTION VALUES (543,'altrenogest',11,1,4,'prescription_details543',728,480);
INSERT INTO PRESCRIPTION VALUES (544,'amantadine',18,13,4,'prescription_details544',178,469);
INSERT INTO PRESCRIPTION VALUES (545,'aminophylline',18,18,5,'prescription_details545',653,216);
INSERT INTO PRESCRIPTION VALUES (546,'amitraz',20,4,7,'prescription_details546',164,179);
INSERT INTO PRESCRIPTION VALUES (547,'amitriptyline',14,9,6,'prescription_details547',692,365);
INSERT INTO PRESCRIPTION VALUES (548,'amlodipine',4,3,4,'prescription_details548',779,96);
INSERT INTO PRESCRIPTION VALUES (549,'amoxicillin',2,2,6,'prescription_details549',631,418);
INSERT INTO PRESCRIPTION VALUES (550,'puniatozol',18,5,1,'prescription_details550',79,238);
INSERT INTO PRESCRIPTION VALUES (551,'apomorphine',5,4,1,'prescription_details551',672,412);
INSERT INTO PRESCRIPTION VALUES (552,'artificial',15,4,4,'prescription_details552',717,196);
INSERT INTO PRESCRIPTION VALUES (553,'atenolol',3,1,1,'prescription_details553',511,130);
INSERT INTO PRESCRIPTION VALUES (554,'atipamezole',20,19,1,'prescription_details554',15,46);
INSERT INTO PRESCRIPTION VALUES (555,'carprofen',10,5,3,'prescription_details555',81,359);
INSERT INTO PRESCRIPTION VALUES (556,'cefovecin',7,1,1,'prescription_details556',10,254);
INSERT INTO PRESCRIPTION VALUES (557,'cefpodoxime',9,8,6,'prescription_details557',770,352);
INSERT INTO PRESCRIPTION VALUES (558,'cephalexin',9,4,7,'prescription_details558',141,207);
INSERT INTO PRESCRIPTION VALUES (559,'ceftiofur',15,11,1,'prescription_details559',11,471);
INSERT INTO PRESCRIPTION VALUES (560,'chloral',2,2,3,'prescription_details560',562,374);
INSERT INTO PRESCRIPTION VALUES (561,'chloramphenicol',2,1,3,'prescription_details561',402,479);
INSERT INTO PRESCRIPTION VALUES (562,'cimetidine',8,8,7,'prescription_details562',23,184);
INSERT INTO PRESCRIPTION VALUES (563,'ciprofloxacin',9,3,5,'prescription_details563',671,61);
INSERT INTO PRESCRIPTION VALUES (564,'clamoxyquine',9,7,3,'prescription_details564',352,465);
INSERT INTO PRESCRIPTION VALUES (565,'clavamox',20,9,1,'prescription_details565',629,329);
INSERT INTO PRESCRIPTION VALUES (566,'clavaseptin',11,11,4,'prescription_details566',338,109);
INSERT INTO PRESCRIPTION VALUES (567,'clavulanic',10,7,1,'prescription_details567',418,244);
INSERT INTO PRESCRIPTION VALUES (568,'clenbuterol',16,9,4,'prescription_details568',210,235);
INSERT INTO PRESCRIPTION VALUES (569,'clindamycin',9,9,2,'prescription_details569',297,482);
INSERT INTO PRESCRIPTION VALUES (570,'clomipramine',7,2,2,'prescription_details570',365,101);
INSERT INTO PRESCRIPTION VALUES (571,'cyproheptadine',18,1,6,'prescription_details571',529,107);
INSERT INTO PRESCRIPTION VALUES (572,'marbofloxacin',19,15,4,'prescription_details572',458,12);
INSERT INTO PRESCRIPTION VALUES (573,'maropitant',13,12,6,'prescription_details573',514,309);
INSERT INTO PRESCRIPTION VALUES (574,'mavacoxib',19,7,1,'prescription_details574',413,168);
INSERT INTO PRESCRIPTION VALUES (575,'medetomidine',9,6,2,'prescription_details575',643,449);
INSERT INTO PRESCRIPTION VALUES (576,'meloxicam',10,1,6,'prescription_details576',302,156);
INSERT INTO PRESCRIPTION VALUES (577,'metacam',7,5,4,'prescription_details577',182,26);
INSERT INTO PRESCRIPTION VALUES (578,'methimazole',7,3,7,'prescription_details578',458,172);
INSERT INTO PRESCRIPTION VALUES (579,'metoclopramide',6,5,2,'prescription_details579',11,349);
INSERT INTO PRESCRIPTION VALUES (580,'metronidazole',20,12,7,'prescription_details580',489,81);
INSERT INTO PRESCRIPTION VALUES (581,'milbemycin',6,1,5,'prescription_details581',166,259);
INSERT INTO PRESCRIPTION VALUES (582,'mirtazapine',12,11,6,'prescription_details582',8,461);
INSERT INTO PRESCRIPTION VALUES (583,'mitratapide',4,1,6,'prescription_details583',44,93);
INSERT INTO PRESCRIPTION VALUES (584,'morphine',9,4,6,'prescription_details584',550,452);
INSERT INTO PRESCRIPTION VALUES (585,'moxifloxacin',16,11,1,'prescription_details585',179,320);
INSERT INTO PRESCRIPTION VALUES (586,'acepromazine',12,4,3,'prescription_details586',152,79);
INSERT INTO PRESCRIPTION VALUES (587,'alprazolam',6,4,3,'prescription_details587',484,321);
INSERT INTO PRESCRIPTION VALUES (588,'altrenogest',3,3,2,'prescription_details588',131,35);
INSERT INTO PRESCRIPTION VALUES (589,'amantadine',20,14,3,'prescription_details589',135,435);
INSERT INTO PRESCRIPTION VALUES (590,'aminophylline',2,1,4,'prescription_details590',19,336);
INSERT INTO PRESCRIPTION VALUES (591,'amitraz',7,7,2,'prescription_details591',226,407);
INSERT INTO PRESCRIPTION VALUES (592,'amitriptyline',20,19,5,'prescription_details592',373,214);
INSERT INTO PRESCRIPTION VALUES (593,'amlodipine',8,3,6,'prescription_details593',294,381);
INSERT INTO PRESCRIPTION VALUES (594,'amoxicillin',10,3,7,'prescription_details594',514,345);
INSERT INTO PRESCRIPTION VALUES (595,'puniatozol',4,2,1,'prescription_details595',481,165);
INSERT INTO PRESCRIPTION VALUES (596,'apomorphine',18,2,7,'prescription_details596',3,353);
INSERT INTO PRESCRIPTION VALUES (597,'artificial',13,2,5,'prescription_details597',781,112);
INSERT INTO PRESCRIPTION VALUES (598,'atenolol',5,5,6,'prescription_details598',11,316);
INSERT INTO PRESCRIPTION VALUES (599,'atipamezole',13,4,2,'prescription_details599',36,367);
INSERT INTO PRESCRIPTION VALUES (600,'carprofen',10,9,5,'prescription_details600',278,442);
INSERT INTO PRESCRIPTION VALUES (601,'cefovecin',18,6,4,'prescription_details601',506,486);
INSERT INTO PRESCRIPTION VALUES (602,'cefpodoxime',13,4,2,'prescription_details602',536,227);
INSERT INTO PRESCRIPTION VALUES (603,'cephalexin',8,2,7,'prescription_details603',186,467);
INSERT INTO PRESCRIPTION VALUES (604,'ceftiofur',19,1,1,'prescription_details604',346,430);
INSERT INTO PRESCRIPTION VALUES (605,'chloral',16,5,5,'prescription_details605',320,127);
INSERT INTO PRESCRIPTION VALUES (606,'chloramphenicol',10,9,3,'prescription_details606',321,71);
INSERT INTO PRESCRIPTION VALUES (607,'cimetidine',2,2,5,'prescription_details607',381,88);
INSERT INTO PRESCRIPTION VALUES (608,'ciprofloxacin',12,7,6,'prescription_details608',339,364);
INSERT INTO PRESCRIPTION VALUES (609,'clamoxyquine',5,1,4,'prescription_details609',180,325);
INSERT INTO PRESCRIPTION VALUES (610,'clavamox',12,10,5,'prescription_details610',729,347);
INSERT INTO PRESCRIPTION VALUES (611,'clavaseptin',10,4,7,'prescription_details611',562,458);
INSERT INTO PRESCRIPTION VALUES (612,'clavulanic',5,5,1,'prescription_details612',506,192);
INSERT INTO PRESCRIPTION VALUES (613,'clenbuterol',5,4,6,'prescription_details613',739,166);
INSERT INTO PRESCRIPTION VALUES (614,'clindamycin',6,1,1,'prescription_details614',299,68);
INSERT INTO PRESCRIPTION VALUES (615,'clomipramine',4,1,3,'prescription_details615',245,366);
INSERT INTO PRESCRIPTION VALUES (616,'cyproheptadine',6,2,5,'prescription_details616',608,362);
INSERT INTO PRESCRIPTION VALUES (617,'marbofloxacin',13,9,6,'prescription_details617',287,362);
INSERT INTO PRESCRIPTION VALUES (618,'maropitant',16,8,1,'prescription_details618',195,428);
INSERT INTO PRESCRIPTION VALUES (619,'mavacoxib',16,15,5,'prescription_details619',242,122);
INSERT INTO PRESCRIPTION VALUES (620,'medetomidine',1,1,2,'prescription_details620',583,53);
INSERT INTO PRESCRIPTION VALUES (621,'meloxicam',20,13,5,'prescription_details621',614,197);
INSERT INTO PRESCRIPTION VALUES (622,'metacam',5,2,4,'prescription_details622',712,28);
INSERT INTO PRESCRIPTION VALUES (623,'methimazole',4,3,2,'prescription_details623',619,356);
INSERT INTO PRESCRIPTION VALUES (624,'metoclopramide',16,13,4,'prescription_details624',59,51);
INSERT INTO PRESCRIPTION VALUES (625,'metronidazole',19,7,1,'prescription_details625',185,377);
INSERT INTO PRESCRIPTION VALUES (626,'milbemycin',15,10,3,'prescription_details626',384,102);
INSERT INTO PRESCRIPTION VALUES (627,'mirtazapine',18,13,6,'prescription_details627',473,41);
INSERT INTO PRESCRIPTION VALUES (628,'mitratapide',10,8,5,'prescription_details628',714,424);
INSERT INTO PRESCRIPTION VALUES (629,'morphine',7,1,2,'prescription_details629',391,51);
INSERT INTO PRESCRIPTION VALUES (630,'moxifloxacin',1,1,5,'prescription_details630',289,141);
INSERT INTO PRESCRIPTION VALUES (631,'acepromazine',12,1,5,'prescription_details631',599,356);
INSERT INTO PRESCRIPTION VALUES (632,'alprazolam',15,9,2,'prescription_details632',535,221);
INSERT INTO PRESCRIPTION VALUES (633,'altrenogest',5,4,7,'prescription_details633',84,281);
INSERT INTO PRESCRIPTION VALUES (634,'amantadine',8,1,4,'prescription_details634',313,340);
INSERT INTO PRESCRIPTION VALUES (635,'aminophylline',13,11,4,'prescription_details635',255,97);
INSERT INTO PRESCRIPTION VALUES (636,'amitraz',3,1,7,'prescription_details636',624,404);
INSERT INTO PRESCRIPTION VALUES (637,'amitriptyline',3,2,6,'prescription_details637',569,220);
INSERT INTO PRESCRIPTION VALUES (638,'amlodipine',18,10,3,'prescription_details638',798,422);
INSERT INTO PRESCRIPTION VALUES (639,'amoxicillin',2,2,2,'prescription_details639',276,4);
INSERT INTO PRESCRIPTION VALUES (640,'puniatozol',3,2,6,'prescription_details640',512,343);
INSERT INTO PRESCRIPTION VALUES (641,'apomorphine',13,10,4,'prescription_details641',143,200);
INSERT INTO PRESCRIPTION VALUES (642,'artificial',14,5,4,'prescription_details642',87,484);
INSERT INTO PRESCRIPTION VALUES (643,'atenolol',17,11,3,'prescription_details643',598,423);
INSERT INTO PRESCRIPTION VALUES (644,'atipamezole',18,12,3,'prescription_details644',636,317);
INSERT INTO PRESCRIPTION VALUES (645,'carprofen',9,6,4,'prescription_details645',116,414);
INSERT INTO PRESCRIPTION VALUES (646,'cefovecin',3,1,7,'prescription_details646',541,97);
INSERT INTO PRESCRIPTION VALUES (647,'cefpodoxime',20,16,4,'prescription_details647',169,356);
INSERT INTO PRESCRIPTION VALUES (648,'cephalexin',18,15,6,'prescription_details648',782,78);
INSERT INTO PRESCRIPTION VALUES (649,'ceftiofur',8,3,5,'prescription_details649',148,221);
INSERT INTO PRESCRIPTION VALUES (650,'chloral',11,2,5,'prescription_details650',204,121);
INSERT INTO PRESCRIPTION VALUES (651,'chloramphenicol',14,11,3,'prescription_details651',141,460);
INSERT INTO PRESCRIPTION VALUES (652,'cimetidine',11,8,6,'prescription_details652',726,263);
INSERT INTO PRESCRIPTION VALUES (653,'ciprofloxacin',6,5,4,'prescription_details653',555,457);
INSERT INTO PRESCRIPTION VALUES (654,'clamoxyquine',13,3,1,'prescription_details654',71,87);
INSERT INTO PRESCRIPTION VALUES (655,'clavamox',6,2,2,'prescription_details655',435,225);
INSERT INTO PRESCRIPTION VALUES (656,'clavaseptin',7,3,6,'prescription_details656',54,428);
INSERT INTO PRESCRIPTION VALUES (657,'clavulanic',12,6,3,'prescription_details657',520,158);
INSERT INTO PRESCRIPTION VALUES (658,'clenbuterol',8,3,5,'prescription_details658',615,283);
INSERT INTO PRESCRIPTION VALUES (659,'clindamycin',8,8,3,'prescription_details659',47,283);
INSERT INTO PRESCRIPTION VALUES (660,'clomipramine',7,2,6,'prescription_details660',595,422);
INSERT INTO PRESCRIPTION VALUES (661,'cyproheptadine',20,17,2,'prescription_details661',634,3);
INSERT INTO PRESCRIPTION VALUES (662,'marbofloxacin',5,1,3,'prescription_details662',112,188);
INSERT INTO PRESCRIPTION VALUES (663,'maropitant',19,18,6,'prescription_details663',344,428);
INSERT INTO PRESCRIPTION VALUES (664,'mavacoxib',16,15,5,'prescription_details664',583,340);
INSERT INTO PRESCRIPTION VALUES (665,'medetomidine',8,4,3,'prescription_details665',108,102);
INSERT INTO PRESCRIPTION VALUES (666,'meloxicam',16,15,7,'prescription_details666',46,28);
INSERT INTO PRESCRIPTION VALUES (667,'metacam',15,8,5,'prescription_details667',532,245);
INSERT INTO PRESCRIPTION VALUES (668,'methimazole',11,4,7,'prescription_details668',321,211);
INSERT INTO PRESCRIPTION VALUES (669,'metoclopramide',13,8,5,'prescription_details669',488,302);
INSERT INTO PRESCRIPTION VALUES (670,'metronidazole',17,11,4,'prescription_details670',508,183);
INSERT INTO PRESCRIPTION VALUES (671,'milbemycin',14,14,2,'prescription_details671',74,441);
INSERT INTO PRESCRIPTION VALUES (672,'mirtazapine',7,7,7,'prescription_details672',325,281);
INSERT INTO PRESCRIPTION VALUES (673,'mitratapide',13,1,1,'prescription_details673',621,225);
INSERT INTO PRESCRIPTION VALUES (674,'morphine',11,6,2,'prescription_details674',171,89);
INSERT INTO PRESCRIPTION VALUES (675,'moxifloxacin',12,3,1,'prescription_details675',228,78);
INSERT INTO PRESCRIPTION VALUES (676,'acepromazine',10,8,4,'prescription_details676',344,322);
INSERT INTO PRESCRIPTION VALUES (677,'alprazolam',13,3,2,'prescription_details677',612,82);
INSERT INTO PRESCRIPTION VALUES (678,'altrenogest',16,13,7,'prescription_details678',705,121);
INSERT INTO PRESCRIPTION VALUES (679,'amantadine',13,4,2,'prescription_details679',35,348);
INSERT INTO PRESCRIPTION VALUES (680,'aminophylline',16,12,3,'prescription_details680',570,263);
INSERT INTO PRESCRIPTION VALUES (681,'amitraz',9,3,5,'prescription_details681',751,49);
INSERT INTO PRESCRIPTION VALUES (682,'amitriptyline',10,7,7,'prescription_details682',662,220);
INSERT INTO PRESCRIPTION VALUES (683,'amlodipine',4,4,4,'prescription_details683',759,366);
INSERT INTO PRESCRIPTION VALUES (684,'amoxicillin',20,6,6,'prescription_details684',430,14);
INSERT INTO PRESCRIPTION VALUES (685,'puniatozol',14,10,6,'prescription_details685',587,94);
INSERT INTO PRESCRIPTION VALUES (686,'apomorphine',10,4,6,'prescription_details686',163,188);
INSERT INTO PRESCRIPTION VALUES (687,'artificial',11,5,3,'prescription_details687',50,51);
INSERT INTO PRESCRIPTION VALUES (688,'atenolol',18,13,5,'prescription_details688',192,94);
INSERT INTO PRESCRIPTION VALUES (689,'atipamezole',3,2,5,'prescription_details689',542,263);
INSERT INTO PRESCRIPTION VALUES (690,'carprofen',10,2,7,'prescription_details690',587,14);
INSERT INTO PRESCRIPTION VALUES (691,'cefovecin',19,11,3,'prescription_details691',516,397);
INSERT INTO PRESCRIPTION VALUES (692,'cefpodoxime',13,8,1,'prescription_details692',518,484);
INSERT INTO PRESCRIPTION VALUES (693,'cephalexin',14,13,5,'prescription_details693',383,441);
INSERT INTO PRESCRIPTION VALUES (694,'ceftiofur',10,3,2,'prescription_details694',355,82);
INSERT INTO PRESCRIPTION VALUES (695,'chloral',15,2,4,'prescription_details695',713,344);
INSERT INTO PRESCRIPTION VALUES (696,'chloramphenicol',16,8,4,'prescription_details696',103,82);
INSERT INTO PRESCRIPTION VALUES (697,'cimetidine',1,1,5,'prescription_details697',781,141);
INSERT INTO PRESCRIPTION VALUES (698,'ciprofloxacin',17,17,7,'prescription_details698',545,460);
INSERT INTO PRESCRIPTION VALUES (699,'clamoxyquine',15,5,1,'prescription_details699',475,200);
INSERT INTO PRESCRIPTION VALUES (700,'clavamox',18,4,1,'prescription_details700',131,160);
INSERT INTO PRESCRIPTION VALUES (701,'clavaseptin',2,1,6,'prescription_details701',499,475);
INSERT INTO PRESCRIPTION VALUES (702,'clavulanic',16,7,7,'prescription_details702',281,197);
INSERT INTO PRESCRIPTION VALUES (703,'clenbuterol',15,14,6,'prescription_details703',122,160);
INSERT INTO PRESCRIPTION VALUES (704,'clindamycin',20,12,2,'prescription_details704',724,304);
INSERT INTO PRESCRIPTION VALUES (705,'clomipramine',3,3,1,'prescription_details705',119,475);
INSERT INTO PRESCRIPTION VALUES (706,'cyproheptadine',3,3,3,'prescription_details706',568,49);
INSERT INTO PRESCRIPTION VALUES (707,'marbofloxacin',6,4,2,'prescription_details707',188,140);
INSERT INTO PRESCRIPTION VALUES (708,'maropitant',8,4,5,'prescription_details708',347,427);
INSERT INTO PRESCRIPTION VALUES (709,'mavacoxib',17,15,4,'prescription_details709',707,397);
INSERT INTO PRESCRIPTION VALUES (710,'medetomidine',16,2,6,'prescription_details710',58,422);
INSERT INTO PRESCRIPTION VALUES (711,'meloxicam',3,3,2,'prescription_details711',385,475);
INSERT INTO PRESCRIPTION VALUES (712,'metacam',12,2,7,'prescription_details712',135,53);
INSERT INTO PRESCRIPTION VALUES (713,'methimazole',13,8,3,'prescription_details713',785,222);
INSERT INTO PRESCRIPTION VALUES (714,'metoclopramide',20,13,4,'prescription_details714',522,160);
INSERT INTO PRESCRIPTION VALUES (715,'metronidazole',4,1,1,'prescription_details715',744,222);
INSERT INTO PRESCRIPTION VALUES (716,'milbemycin',15,6,3,'prescription_details716',388,183);
INSERT INTO PRESCRIPTION VALUES (717,'mirtazapine',10,1,6,'prescription_details717',669,278);
INSERT INTO PRESCRIPTION VALUES (718,'mitratapide',18,1,5,'prescription_details718',313,344);
INSERT INTO PRESCRIPTION VALUES (719,'morphine',7,5,1,'prescription_details719',41,278);
INSERT INTO PRESCRIPTION VALUES (720,'moxifloxacin',14,4,2,'prescription_details720',217,186);
INSERT INTO PRESCRIPTION VALUES (721,'acepromazine',12,12,7,'prescription_details721',684,304);
INSERT INTO PRESCRIPTION VALUES (722,'alprazolam',11,6,7,'prescription_details722',256,313);
INSERT INTO PRESCRIPTION VALUES (723,'altrenogest',5,3,4,'prescription_details723',30,313);
INSERT INTO PRESCRIPTION VALUES (724,'amantadine',7,2,1,'prescription_details724',767,404);
INSERT INTO PRESCRIPTION VALUES (725,'aminophylline',4,2,4,'prescription_details725',461,246);
INSERT INTO PRESCRIPTION VALUES (726,'amitraz',18,4,7,'prescription_details726',539,344);
INSERT INTO PRESCRIPTION VALUES (727,'amitriptyline',1,1,5,'prescription_details727',483,417);
INSERT INTO PRESCRIPTION VALUES (728,'amlodipine',6,1,6,'prescription_details728',429,68);
INSERT INTO PRESCRIPTION VALUES (729,'amoxicillin',9,3,1,'prescription_details729',524,425);
INSERT INTO PRESCRIPTION VALUES (730,'puniatozol',11,10,6,'prescription_details730',94,87);
INSERT INTO PRESCRIPTION VALUES (731,'apomorphine',3,3,4,'prescription_details731',115,140);
INSERT INTO PRESCRIPTION VALUES (732,'artificial',8,1,1,'prescription_details732',342,206);
INSERT INTO PRESCRIPTION VALUES (733,'atenolol',6,6,4,'prescription_details733',399,222);
INSERT INTO PRESCRIPTION VALUES (734,'atipamezole',8,4,6,'prescription_details734',143,158);
INSERT INTO PRESCRIPTION VALUES (735,'carprofen',20,16,7,'prescription_details735',530,397);
INSERT INTO PRESCRIPTION VALUES (736,'cefovecin',11,11,7,'prescription_details736',548,362);
INSERT INTO PRESCRIPTION VALUES (737,'cefpodoxime',18,2,6,'prescription_details737',56,4);
INSERT INTO PRESCRIPTION VALUES (738,'cephalexin',4,2,7,'prescription_details738',237,122);
INSERT INTO PRESCRIPTION VALUES (739,'ceftiofur',8,1,1,'prescription_details739',140,343);
INSERT INTO PRESCRIPTION VALUES (740,'chloral',11,1,5,'prescription_details740',33,443);
INSERT INTO PRESCRIPTION VALUES (741,'chloramphenicol',1,1,5,'prescription_details741',251,68);
INSERT INTO PRESCRIPTION VALUES (742,'cimetidine',1,1,5,'prescription_details742',606,296);
INSERT INTO PRESCRIPTION VALUES (743,'ciprofloxacin',19,19,3,'prescription_details743',393,298);
INSERT INTO PRESCRIPTION VALUES (744,'clamoxyquine',14,6,2,'prescription_details744',613,221);
INSERT INTO PRESCRIPTION VALUES (745,'clavamox',16,8,7,'prescription_details745',246,425);
INSERT INTO PRESCRIPTION VALUES (746,'clavaseptin',18,4,1,'prescription_details746',768,424);
INSERT INTO PRESCRIPTION VALUES (747,'clavulanic',11,10,5,'prescription_details747',741,417);
INSERT INTO PRESCRIPTION VALUES (748,'clenbuterol',11,1,3,'prescription_details748',804,457);
INSERT INTO PRESCRIPTION VALUES (749,'clindamycin',4,2,2,'prescription_details749',597,404);
INSERT INTO PRESCRIPTION VALUES (750,'clomipramine',6,1,2,'prescription_details750',455,186);
INSERT INTO PRESCRIPTION VALUES (751,'cyproheptadine',3,2,5,'prescription_details751',609,41);
INSERT INTO PRESCRIPTION VALUES (752,'marbofloxacin',9,6,2,'prescription_details752',343,460);
INSERT INTO PRESCRIPTION VALUES (753,'maropitant',3,2,5,'prescription_details753',560,313);
INSERT INTO PRESCRIPTION VALUES (754,'mavacoxib',8,6,3,'prescription_details754',560,197);
INSERT INTO PRESCRIPTION VALUES (755,'medetomidine',6,1,2,'prescription_details755',633,444);
INSERT INTO PRESCRIPTION VALUES (756,'meloxicam',2,2,3,'prescription_details756',229,41);
INSERT INTO PRESCRIPTION VALUES (757,'metacam',12,11,1,'prescription_details757',570,194);
INSERT INTO PRESCRIPTION VALUES (758,'methimazole',6,6,7,'prescription_details758',185,348);
INSERT INTO PRESCRIPTION VALUES (759,'metoclopramide',12,3,5,'prescription_details759',422,283);
INSERT INTO PRESCRIPTION VALUES (760,'metronidazole',16,16,5,'prescription_details760',484,457);
INSERT INTO PRESCRIPTION VALUES (761,'milbemycin',1,1,2,'prescription_details761',81,443);
INSERT INTO PRESCRIPTION VALUES (762,'mirtazapine',4,1,6,'prescription_details762',739,423);
INSERT INTO PRESCRIPTION VALUES (763,'mitratapide',16,5,2,'prescription_details763',59,89);
INSERT INTO PRESCRIPTION VALUES (764,'morphine',3,3,5,'prescription_details764',554,366);
INSERT INTO PRESCRIPTION VALUES (765,'moxifloxacin',2,2,3,'prescription_details765',12,1);
INSERT INTO PRESCRIPTION VALUES (766,'acepromazine',4,1,1,'prescription_details766',646,484);
INSERT INTO PRESCRIPTION VALUES (767,'alprazolam',2,2,2,'prescription_details767',694,234);
INSERT INTO PRESCRIPTION VALUES (768,'altrenogest',4,3,4,'prescription_details768',602,289);
INSERT INTO PRESCRIPTION VALUES (769,'amantadine',4,4,4,'prescription_details769',183,340);
INSERT INTO PRESCRIPTION VALUES (770,'aminophylline',10,2,2,'prescription_details770',159,427);
INSERT INTO PRESCRIPTION VALUES (771,'amitraz',1,1,5,'prescription_details771',744,89);
INSERT INTO PRESCRIPTION VALUES (772,'amitriptyline',8,6,5,'prescription_details772',726,194);
INSERT INTO PRESCRIPTION VALUES (773,'amlodipine',6,6,6,'prescription_details773',576,343);
INSERT INTO PRESCRIPTION VALUES (774,'amoxicillin',7,1,7,'prescription_details774',796,158);
INSERT INTO PRESCRIPTION VALUES (775,'puniatozol',11,7,4,'prescription_details775',393,289);
INSERT INTO PRESCRIPTION VALUES (776,'apomorphine',15,12,6,'prescription_details776',290,102);
INSERT INTO PRESCRIPTION VALUES (777,'artificial',12,4,2,'prescription_details777',271,432);
INSERT INTO PRESCRIPTION VALUES (778,'atenolol',19,2,4,'prescription_details778',329,246);
INSERT INTO PRESCRIPTION VALUES (779,'atipamezole',19,10,1,'prescription_details779',491,28);
INSERT INTO PRESCRIPTION VALUES (780,'carprofen',13,6,5,'prescription_details780',345,377);
INSERT INTO PRESCRIPTION VALUES (781,'cefovecin',4,4,5,'prescription_details781',112,166);
INSERT INTO PRESCRIPTION VALUES (782,'cefpodoxime',16,15,5,'prescription_details782',302,302);
INSERT INTO PRESCRIPTION VALUES (783,'cephalexin',4,3,6,'prescription_details783',431,278);
INSERT INTO PRESCRIPTION VALUES (784,'ceftiofur',15,12,6,'prescription_details784',372,432);
INSERT INTO PRESCRIPTION VALUES (785,'chloral',18,2,4,'prescription_details785',298,414);
INSERT INTO PRESCRIPTION VALUES (786,'chloramphenicol',6,4,2,'prescription_details786',408,97);
INSERT INTO PRESCRIPTION VALUES (787,'cimetidine',14,14,3,'prescription_details787',769,302);
INSERT INTO PRESCRIPTION VALUES (788,'ciprofloxacin',2,1,2,'prescription_details788',32,317);
INSERT INTO PRESCRIPTION VALUES (789,'clamoxyquine',1,1,4,'prescription_details789',122,206);
INSERT INTO PRESCRIPTION VALUES (790,'clavamox',5,4,5,'prescription_details790',348,78);
INSERT INTO PRESCRIPTION VALUES (791,'clavaseptin',17,6,7,'prescription_details791',651,49);
INSERT INTO PRESCRIPTION VALUES (792,'clavulanic',12,11,3,'prescription_details792',619,194);
INSERT INTO PRESCRIPTION VALUES (793,'clenbuterol',18,2,4,'prescription_details793',81,220);
INSERT INTO PRESCRIPTION VALUES (794,'clindamycin',7,6,1,'prescription_details794',495,1);
INSERT INTO PRESCRIPTION VALUES (795,'clomipramine',14,14,4,'prescription_details795',469,3);
INSERT INTO PRESCRIPTION VALUES (796,'cyproheptadine',20,3,2,'prescription_details796',367,245);
INSERT INTO PRESCRIPTION VALUES (797,'marbofloxacin',9,2,6,'prescription_details797',204,53);
INSERT INTO PRESCRIPTION VALUES (798,'maropitant',19,12,4,'prescription_details798',63,377);
INSERT INTO PRESCRIPTION VALUES (799,'mavacoxib',6,4,5,'prescription_details799',774,211);
INSERT INTO PRESCRIPTION VALUES (800,'medetomidine',2,2,6,'prescription_details800',640,441);
INSERT INTO PRESCRIPTION VALUES (801,'meloxicam',5,3,2,'prescription_details801',732,444);
INSERT INTO PRESCRIPTION VALUES (802,'metacam',5,4,2,'prescription_details802',633,298);
INSERT INTO PRESCRIPTION VALUES (803,'methimazole',19,2,4,'prescription_details803',231,444);
INSERT INTO PRESCRIPTION VALUES (804,'metoclopramide',17,8,7,'prescription_details804',230,427);
INSERT INTO PRESCRIPTION VALUES (805,'metronidazole',3,3,4,'prescription_details805',367,432);
INSERT INTO PRESCRIPTION VALUES (806,'milbemycin',15,3,7,'prescription_details806',616,443);
INSERT INTO PRESCRIPTION VALUES (807,'mirtazapine',15,3,6,'prescription_details807',768,409);
INSERT INTO PRESCRIPTION VALUES (808,'mitratapide',9,5,3,'prescription_details808',11,409);
INSERT INTO PRESCRIPTION VALUES (809,'morphine',11,1,3,'prescription_details809',158,388);
INSERT INTO PRESCRIPTION VALUES (810,'moxifloxacin',8,6,4,'prescription_details810',61,388);

